sample_ID,fresh_weight_(g),dry_weight_(g),tube_type,dry_date,notes,DMC_estimate,,block,harvest_date,previous_dry_weight_measurement_(g)
A01_1_1_i,8.73,5.77,,7/20/22,,-45.81,,1,5/24/22,
A01_1_1_o,10.85,7.672,,7/20/22,,24.33,,1,5/24/22,
A01_1_2_i,8.07,7.395,white,7/27/22,very small sample,52.46,,1,5/24/22,
A01_1_2_o,10.2,,,,,,,1,5/24/22,
A01_1_3_i,11.4,10,,7/20/22,,70.53,,1,5/24/22,
A01_1_3_o,11.41,8.025,,7/20/22,,28.89,,1,5/24/22,
C65_1_1_i,9.57,6.238,,7/20/22,,-14.11,,1,5/24/22,
C65_1_1_o,10.27,7.102,,7/20/22,,12.49,,1,5/24/22,
C65_1_2_i,10.15,6.782,,7/20/22,,3.77,,1,5/24/22,
C65_1_2_o,11.09,7.284,,7/20/22,,14.28,,1,5/24/22,
C65_1_3_i,10.96,8.12,,7/20/22,,34.11,,1,5/24/22,
C65_1_3_o,13.34,9.865,,7/20/22,,48.06,,1,5/24/22,
X8_33_1_i,14.07,9.896,white,7/27/22,lyophilizer condenser was full (bracket next to name on tubes),43.75,,1,5/24/22,
X8_33_1_o,13.47,9.292,white,7/27/22,lyophilizer condenser was full (bracket next to name on tubes),38.74,,1,5/24/22,
X8_33_2_i,11.96,8.917,white,7/27/22,,42.69,,1,5/24/22,
X8_33_2_o,13.16,9.427,white,7/27/22,lyophilizer condenser was full (bracket next to name on tubes),42.66,,1,5/24/22,
X8_33_3_i,14.37,10.221,white,7/27/22,,46.26,,1,5/24/22,
X8_33_3_o,13.39,9.497,white,7/27/22,,42.24,,1,5/24/22,
X11_57_1_i,12.46,9.493,white,7/27/22,,48.93,,1,5/24/22,
X11_57_1_o,11.94,9.004,white,7/27/22,,44.5,,1,5/24/22,
X11_57_2_i,11.53,9.107,white,7/27/22,,50.35,,1,5/24/22,
X11_57_2_o,13.78,9.514,white,7/27/22,,40.17,,1,5/24/22,
X11_57_3_i,12.67,9.582,white,7/27/22,,48.7,,1,5/24/22,
X11_57_3_o,11.72,8.977,white,7/27/22,,45.9,,1,5/24/22,
X10_52_1_i,13.13,9.47,white,7/27/22,,43.52,,1,5/24/22,
X10_52_1_o,13.42,9.621,white,7/27/22,,43.88,,1,5/24/22,
X10_52_2_i,11.8,8.763,white,7/27/22,,41.03,,1,5/24/22,
X10_52_2_o,12.36,8.719,white,7/27/22,,36.23,,1,5/24/22,
X10_52_3_i,11.26,8.733,white,7/27/22,,45.18,,1,5/24/22,
X10_52_3_o,12.36,8.743,white,7/27/22,,36.65,,1,5/24/22,
X1_54_1_i,12.88,9.672,white,7/27/22,lyophilizer condenser was full (bracket next to name on tubes),48.51,,1,5/24/22,
X1_54_1_o,13.51,9.611,white,7/27/22,lyophilizer condenser was full (bracket next to name on tubes),43.16,,1,5/24/22,
X1_54_2_i,12.92,9.712,white,7/27/22,,48.84,,1,5/24/22,
X1_54_2_o,13.13,9.505,white,7/27/22,lyophilizer condenser was full (bracket next to name on tubes),44.06,,1,5/24/22,
X1_54_3_i,13.43,9.744,white,8/3/22,,45.63,,1,5/24/22,
X1_54_3_o,14.37,10.012,white,7/27/22,lyophilizer condenser was full (bracket next to name on tubes),43.55,,1,5/24/22,
A27_1_1_i,14.14,9.899,white,7/27/22,,43.38,,1,5/24/22,
A27_1_1_o,13.22,9.293,white,6/29/22,,40.23,,1,5/24/22,
A27_1_2_i,11.4,8.727,white,7/27/22,,43.73,,1,5/24/22,
A27_1_2_o,12.25,8.674,white,8/3/22,,36.14,,1,5/24/22,
A27_1_3_i,12.18,9.126,white,8/3/22,,44.77,,1,5/24/22,
A27_1_3_o,14.41,9.652,white,8/3/22,,38.69,,1,5/24/22,
X3_25_1_i,13.44,9.73,white,8/3/22,,45.36,,1,5/24/22,
X3_25_1_o,14.55,10.113,white,8/3/22,,43.84,,1,5/24/22,
X3_25_2_i,14.33,10.245,white,8/3/22,,46.81,,1,5/24/22,
X3_25_2_o,13.62,9.393,white,8/3/22,,39.35,,1,5/24/22,
X3_25_3_i,13.51,9.467,white,8/3/22,,41.06,,1,5/24/22,
X3_25_3_o,14.48,9.777,white,8/3/22,,39.94,,1,5/24/22,
X5_31_1_i,12.28,9.281,white,8/3/22,,46.73,,1,5/24/22,
X5_31_1_o,13.92,9.95,white,8/3/22,,45.39,,1,5/24/22,
X5_31_2_i,14.05,9.956,white,8/3/22,,44.68,,1,5/24/22,
X5_31_2_o,13.39,9.39,white,8/3/22,,40.65,,1,5/24/22,
X5_31_3_i,12.39,9.322,white,8/3/22,,46.55,,1,5/24/22,
X5_31_3_o,11.84,8.818,white,8/3/22,,41.77,,1,5/24/22,
C43_1_1_i,11.32,8.66,white,8/3/22,,43.04,,1,5/24/22,
C43_1_1_o,12.96,8.931,white,8/3/22,,36.15,,1,5/24/22,
C43_1_2_i,12.67,9.411,white,8/3/22,,45.86,,1,5/24/22,
C43_1_2_o,11.47,8.393,white,8/3/22,,36.16,,1,5/24/22,
C43_1_3_i,11.01,8.461,white,8/3/22,,41.54,,1,5/24/22,
C43_1_3_o,12.98,9.09,white,8/3/22,,38.55,,1,5/24/22,
X2_45_1_i,12.85,9.452,white,8/3/22,,45.19,,1,5/24/22,
X2_45_1_o,13.19,9.364,white,8/3/22,,41.5,,1,5/24/22,
X2_45_2_i,13.78,9.927,white,8/3/22,,45.96,,1,5/24/22,
X2_45_2_o,15.35,10.417,white,8/3/22,,43.3,,1,5/24/22,
X2_45_3_i,14.73,10.286,white,8/3/22,,45,,1,5/24/22,
X2_45_3_o,14.25,9.858,white,8/3/22,,42.21,,1,5/24/22,
A20_1_1_i,12.08,9.336,white,8/3/22,,49.47,,1,5/24/22,
A20_1_1_o,11.98,8.896,white,8/3/22,,42.14,,1,5/24/22,
A20_1_2_i,12.01,9.15,white,8/3/22,,46.64,,1,5/24/22,
A20_1_2_o,11.11,8.402,white,8/3/22,,39.28,,1,5/24/22,
A20_1_3_i,11.78,8.972,white,7/14/22,,45.26,,1,5/24/22,
A20_1_3_o,11.67,8.598,white,7/14/22,,38.8,,1,5/24/22,
X6_26_1_i,13.84,9.681,white,8/3/22,,42.16,,1,5/24/22,
X6_26_1_o,13.97,9.684,white,8/3/22,,41.45,,1,5/24/22,
X6_26_2_i,13.95,9.622,white,7/27/22,,40.71,,1,5/24/22,
X6_26_2_o,12.17,8.986,white,7/27/22,,42.32,,1,5/24/22,
X6_26_3_i,13.72,9.834,white,7/27/22,,45.04,,1,5/24/22,
X6_26_3_o,12.75,9.146,white,7/27/22,,40.92,,1,5/24/22,
X9_27_1_i,10.93,8.668,white,7/27/22,,47.15,,1,5/24/22,
X9_27_1_o,13.53,9.527,white,7/27/22,,41.82,,1,5/24/22,
X9_27_2_i,11.99,9.027,white,7/27/22,,44.51,,1,5/24/22,
X9_27_2_o,13.46,9.612,white,7/27/22,,43.49,,1,5/24/22,
X9_27_3_i,12.25,9.238,white,7/27/22,,46.21,,1,5/24/22,
X9_27_3_o,10.69,8.432,white,7/27/22,,44.11,,1,5/24/22,
X3_61_1_i,14.24,9.948,white,7/27/22,ants on roots,43.45,,1,5/24/22,
X3_61_1_o,13.81,9.244,white,7/27/22,,36.23,,1,5/24/22,
X3_61_2_i,13.89,9.446,white,7/27/22,,38.62,,1,5/24/22,
X3_61_2_o,13.38,8.757,white,7/27/22,,31.31,,1,5/24/22,
X3_61_3_i,13.94,9.951,white,7/27/22,,45.28,,1,5/24/22,
X3_61_3_o,13.2,9.261,,7/27/22,,39.86,,1,5/24/22,
A04_1_1_i,12.02,8.799,,7/27/22,,40.02,,1,5/24/22,
A04_1_1_o,14.11,9.307,white,7/27/22,,35.62,,1,5/24/22,
A04_1_2_i,11.46,8.559,white,8/1/22,,39.69,,1,5/24/22,
A04_1_2_o,14.03,9.345,white,7/27/22,,36.52,,1,5/24/22,
A04_1_3_i,10.25,8.191,white,7/27/22,,42.81,,1,5/24/22,
A04_1_3_o,12.34,8.864,white,7/27/22,,38.91,,1,5/24/22,
C64_1_1_i,14.72,9.898,white,7/27/22,,40.25,,1,5/24/22,
C64_1_1_o,13.32,9.193,white,8/1/22,,38.12,,1,5/24/22,
C64_1_2_i,12.73,9.284,white,8/1/22,,43.33,,1,5/24/22,
C64_1_2_o,12.71,9.006,white,7/27/22,,38.88,,1,5/24/22,
C64_1_3_i,12.64,9.245,white,8/1/22,,43.32,,1,5/24/22,
C64_1_3_o,13.64,9.305,white,8/1/22,,37.98,,1,5/24/22,
X4_67_1_i,16.89,11.128,white,8/1/22,correct x4_67_1_i,43.73,,1,5/24/22,
X4_67_1_o,16.3,10.561,white,8/1/22,,40.52,,1,5/24/22,
X4_67_2_i,,10.081,white,8/1/22,missing rep 2 fresh weight,,,1,5/24/22,
X4_67_2_o,,9.027,white,8/1/22,,,,1,5/24/22,
X4_67_3_i,14.84,10.441,white,8/1/22,,46.28,,1,5/24/22,
X4_67_3_o,14.74,9.921,white,8/1/22,,40.43,,1,5/24/22,
C17_1_1_i,13.87,9.841,white,8/1/22,,44.2,,1,5/24/22,
C17_1_1_o,15.46,10.37,white,8/1/22,,42.22,,1,5/24/22,
C17_1_2_i,12.37,9.225,white,7/14/22,,45.02,,1,5/24/22,
C17_1_2_o,15.07,10.063,white,7/14/22,,40.53,,1,5/24/22,
C17_1_3_i,13.5,9.87,white,7/27/22,,47.01,,1,5/24/22,
C17_1_3_o,14.63,10.242,white,8/3/22,may have re-lyophilized; definitely correct label,45.01,,1,5/24/22,
X9_21_1_i,12.75,9.584,white,8/1/22,,48.1,,1,5/24/22,
X9_21_1_o,13.24,9.307,white,8/1/22,,40.31,,1,5/24/22,
X9_21_2_i,13.35,9.461,white,8/1/22,,41.95,,1,5/24/22,
X9_21_2_o,13.71,8.894,white,8/1/22,,38.54,,1,5/24/22,
X9_21_3_i,12.7,9.371,white,8/1/22,,44.98,,1,5/24/22,
X9_21_3_o,11.21,8.573,white,8/1/22,,42.18,,1,5/24/22,
C43_2_1_i,11.57,8.868,white,8/1/22,,45.08,,2,5/25/22,
C43_2_1_o,13.76,9.366,white,8/1/22,,38.21,,2,5/25/22,
C43_2_2_i,12.19,9.28,white,8/1/22,,47.47,,2,5/25/22,
C43_2_2_o,12.7,9.191,white,8/1/22,,42.01,,2,5/25/22,
C43_2_3_i,8.34,7.555,white,8/1/22,,53.56,,2,5/25/22,
C43_2_3_o,12.13,8.766,white,8/1/22,,38.61,,2,5/25/22,
X7_48_1_i,11.37,8.958,,7/20/22,,48.9,,2,5/25/22,
X7_48_1_o,13.03,10.347,,7/20/22,,57.95,,2,5/25/22,
X7_48_2_i,11.87,7.864,,7/20/22,,23.26,,2,5/25/22,
X7_48_2_o,12.88,9.368,,7/20/22,,43.63,,2,5/25/22,
X7_48_3_i,9.82,6.412,,7/20/22,,-7.51,,2,5/25/22,
X7_48_3_o,13.24,10.583,,7/20/22,,59.68,,2,5/25/22,
X1_34_1_i,11.73,9.001,,7/20/22,,46.28,,2,5/25/22,
X1_34_1_o,13.89,11.915,,7/20/22,,72.72,,2,5/25/22,
X1_34_2_i,11.69,7.562,,7/20/22,,18.1,,2,5/25/22,
X1_34_2_o,14.62,12.55,,7/20/22,,74.03,,2,5/25/22,
X1_34_3_i,11.5,8.231,,7/20/22,,32.6,,2,5/25/22,
X1_34_3_o,12.47,10.123,,7/20/22,,59.67,,2,5/25/22,
A04_2_1_i,11.77,8.57,,7/27/22,,37.5,,2,5/25/22,
A04_2_1_o,12.34,,,,,,,2,5/25/22,
A04_2_2_i,10.75,7.341,,7/27/22,,16.85,,2,5/25/22,
A04_2_2_o,11.26,8.23,,7/27/22,,34.27,,2,5/25/22,
A04_2_3_i,12.81,9.154,,7/27/22,,40.65,,2,5/25/22,
A04_2_3_o,13.37,9.677,,7/27/22,,45.04,,2,5/25/22,
A01_2_1_i,10,6.17,,7/20/22,,-14.33,,2,5/25/22,
A01_2_1_o,13.13,10.151,,7/20/22,,54.03,,2,5/25/22,
A01_2_2_i,12.3,9.403,,7/20/22,,48.73,,2,5/25/22,
A01_2_2_o,12.22,8.979,,7/20/22,,41.81,,2,5/25/22,
A01_2_3_i,9.71,6.153,,7/20/22,,-16.24,,2,5/25/22,
A01_2_3_o,15.14,13.963,,7/20/22,,86.14,,2,5/25/22,
X6_53_1_i,14.74,10.024,,7/25/22,ground,41.71,,2,5/25/22,
X6_53_1_o,12.94,9.338,white,8/3/22,,42.73,,2,5/25/22,
X6_53_2_i,11.63,8.723,white,8/3/22,,41.63,,2,5/25/22,
X6_53_2_o,12.42,,,,,,,2,5/25/22,
X6_53_3_i,15.16,10.43,white,8/3/22,,44.42,,2,5/25/22,
X6_53_3_o,13.8,9.837,white,8/3/22,,44.57,,2,5/25/22,
C17_2_1_i,11.66,8.985,white,8/3/22,,46.61,,2,5/25/22,
C17_2_1_o,14.02,10.042,white,8/3/22,,46.02,,2,5/25/22,
C17_2_2_i,11.58,8.947,white,8/3/22,,46.59,,2,5/25/22,
C17_2_2_o,14.32,10.046,white,8/3/22,,44.28,,2,5/25/22,
C17_2_3_i,13.57,9.752,white,8/3/22,,44.83,,2,5/25/22,
C17_2_3_o,13.47,9.781,white,8/3/22,,45.91,,2,5/25/22,
A03_2_1_i,12.22,9.017,white,8/3/22,,42.5,,2,5/25/22,
A03_2_1_o,12.73,8.919,,7/25/22,ground,37.32,,2,5/25/22,
A03_2_2_i,16.01,10.793,,7/25/22,ground,44.26,,2,5/25/22,
A03_2_2_o,12.8,8.976,white,8/3/22,,37.82,,2,5/25/22,
A03_2_3_i,12.79,9.216,white,8/3/22,,41.79,,2,5/25/22,
A03_2_3_o,13.56,9.299,white,8/3/22,,38.34,,2,5/25/22,
X3_60_1_i,13.99,9.569,,,,39.77,,2,5/25/22,
X3_60_1_o,13.47,9.507,,7/25/22,ground,41.89,,2,5/25/22,
X3_60_2_i,14.1,9.918,,7/25/22,ground,43.87,,2,5/25/22,
X3_60_2_o,13.15,9.205,,7/25/22,ground,39.31,,2,5/25/22,
X3_60_3_i,14.04,9.904,,7/25/22,ground,44.03,,2,5/25/22,
X3_60_3_o,12.53,9.091,,7/25/22,ground,41.51,,2,5/25/22,
X9_51_1_i,12.84,9.51,,7/25/22,ground,46.2,,2,5/25/22,
X9_51_1_o,12.93,9.216,,7/25/22,ground,40.86,,2,5/25/22,
X9_51_2_i,15.87,10.725,,7/25/22,ground,44.2,,2,5/25/22,
X9_51_2_o,14.28,9.376,,7/25/22,ground,35.73,,2,5/25/22,
X9_51_3_i,15.01,10.321,,7/25/22,ground,43.91,,2,5/25/22,
X9_51_3_o,14.47,9.946,,7/25/22,ground,42.15,,2,5/25/22,
X11_68_1_i,14.5,10.445,,7/25/22,ground,48.34,,2,5/25/22,
X11_68_1_o,13.69,9.839,,7/25/22,ground,45.3,,2,5/25/22,
X11_68_2_i,11.56,9.161,,7/25/22,ground,51.14,,2,5/25/22,
X11_68_2_o,12.86,9.474,,7/25/22,ground,45.48,,2,5/25/22,
X11_68_3_i,14.05,10.011,,7/25/22,ground,45.42,,2,5/25/22,
X11_68_3_o,13.75,9.769,,7/25/22,ground,43.93,,2,5/25/22,
X4_33_1_i,13.9,9.802,white,6/29/22,,43.48,,2,5/25/22,
X4_33_1_o,13.27,9.364,,7/25/22,ground,41,,2,5/25/22,
X4_33_2_i,12.75,9.082,,7/25/22,ground,39.87,,2,5/25/22,
X4_33_2_o,14.2,9.836,white,6/29/22,ground,42.2,,2,5/25/22,
X4_33_3_i,12.73,9.402,,7/25/22,ground,45.26,,2,5/25/22,
X4_33_3_o,13.4,9.211,,7/25/22,ground,37.94,,2,5/25/22,
X12_63_1_i,12.87,9.587,white,6/29/22,,47.22,,2,5/25/22,
X12_63_1_o,13.8,9.392,white,6/29/22,,38.35,,2,5/25/22,
X12_63_2_i,14.74,10.06,white,6/29/22,,42.15,,2,5/25/22,
X12_63_2_o,14.2,9.7,white,6/29/22,,40.4,,2,5/25/22,
X12_63_3_i,14.43,10.023,white,6/29/22,,43.35,,2,5/25/22,
X12_63_3_o,14.15,9.782,white,6/29/22,,41.76,,2,5/25/22,
X5_47_1_i,12.1,8.813,white,6/29/22,,39.69,,2,5/25/22,
X5_47_1_o,15.97,10.062,white,6/29/22,,36.61,,2,5/25/22,
X5_47_2_i,12.71,9.111,white,6/29/22,,40.61,,2,5/25/22,
X5_47_2_o,13.33,9.437,white,6/29/22,,41.72,,2,5/25/22,
X5_47_3_i,12.88,9.222,white,6/29/22,,41.28,,2,5/25/22,
X5_47_3_o,12.99,9.395,white,6/29/22,,43.3,,2,5/25/22,
C65_2_1_i,13.67,9.812,white,6/29/22,,45.04,,2,5/25/22,
C65_2_1_o,13.03,9.241,white,6/29/22,,40.61,,2,5/25/22,
C65_2_2_i,13.43,9.767,white,6/29/22,,45.97,,2,5/25/22,
C65_2_2_o,14.71,9.858,white,7/14/22,,39.8,,2,5/25/22,
C65_2_3_i,13.42,9.52,white,6/29/22,,42.39,,2,5/25/22,
C65_2_3_o,13.75,9.226,white,6/29/22,,36.28,,2,5/25/22,
A20_2_1_i,11.75,8.888,white,7/14/22,,43.88,,2,5/25/22,
A20_2_1_o,13.68,9.227,white,6/29/22,,36.66,,2,5/25/22,
A20_2_2_i,11.14,8.864,white,7/14/22,,49.31,,2,5/25/22,
A20_2_2_o,13.67,9.722,white,7/14/22,"this dry weight may also belong to A20_1_2_o (block one); the tube is labeled A20_2_o (block # missing), but I wrote all the tubes for the first day so I think it must belong to the second block and is probably correct).",43.76,,2,5/25/22,
A20_2_3_i,10.17,8.363,white,6/29/22,,48.66,,2,5/25/22,
A20_2_3_o,12.73,9.09,white,6/29/22,,40.13,,2,5/25/22,
X8_64_1_i,14.66,10.093,white,7/14/22,,42.98,,2,5/25/22,
X8_64_1_o,13.72,9.574,white,6/29/22,,41.36,,2,5/25/22,
X8_64_2_i,13.82,9.805,white,7/14/22,,44,,2,5/25/22,
X8_64_2_o,13.45,9.527,white,7/14/22,,42.31,,2,5/25/22,
X8_64_3_i,14.74,10.285,white,6/29/22,,44.93,,2,5/25/22,
X8_64_3_o,15.18,10.282,white,7/14/22,,42.58,,2,5/25/22,
C14_2_1_i,12.94,9.651,white,8/1/22,,47.71,,2,5/25/22,
C14_2_1_o,11.61,8.705,white,7/14/22,,41.43,,2,5/25/22,
C14_2_2_i,11.86,9.22,white,7/14/22,,49.33,,2,5/25/22,
C14_2_2_o,12.78,9.406,white,6/29/22,,44.96,,2,5/25/22,
C14_2_3_i,12.94,8.792,white,6/29/22,,34.05,,2,5/25/22,
C14_2_3_o,12.62,9.233,white,7/14/22,,43.27,,2,5/25/22,
X10_50_1_i,12.95,9.657,white,8/3/22,may have re-lyophilized; definitely correct label,47.73,,2,5/25/22,
X10_50_1_o,14.46,10.066,white,6/29/22,,43.74,,2,5/25/22,
X10_50_2_i,13.19,9.512,white,7/14/22,,43.76,,2,5/25/22,
X10_50_2_o,11.83,8.53,white,7/14/22,,36.29,,2,5/25/22,
X10_50_3_i,14.11,,,,,,,2,5/25/22,
X10_50_3_o,14.15,9.903,white,7/14/22,,43.37,,2,5/25/22,
X5_66_1_i,11.92,9.993,,7/20/22,orange tube weight: 6.62-6.69,63.43,,3,5/26/22,
X5_66_1_o,13.07,10.993,,7/20/22,,67.65,,3,5/26/22,
X5_66_2_i,12.61,8.132,,7/20/22,,24.87,,3,5/26/22,
X5_66_2_o,13.72,10.185,,7/20/22,,50,,3,5/26/22,
X5_66_3_i,13.3,10.124,,7/20/22,,52.24,,3,5/26/22,
X5_66_3_o,10.28,8.102,,7/20/22,,40,,3,5/26/22,
C17_3_1_i,9.57,6.174,,7/20/22,,-16.3,,3,5/26/22,
C17_3_1_o,11.76,9.09,,7/20/22,,47.75,,3,5/26/22,
C17_3_2_i,10.27,7.079,,7/20/22,,11.85,,3,5/26/22,
C17_3_2_o,13.04,10.106,,7/20/22,,54.08,,3,5/26/22,
C17_3_3_i,9.61,7.913,orange,8/1/22,,91.45,,3,5/26/22,
C17_3_3_o,12.8,9.357,,7/20/22,,,,3,5/26/22,
X6_38_1_i,13.65,9.554,orange,8/1/22,,41.48,,3,5/26/22,
X6_38_1_o,12.74,9.024,,7/20/22,,38.98,,3,5/26/22,
X6_38_2_i,12.32,9.102,,7/20/22,,43.25,,3,5/26/22,
X6_38_2_o,14.19,9.332,orange,8/1/22,the correct x6_38_2_o,35.57,,3,5/26/22,
X6_38_3_i,13.73,9.551,orange,8/1/22,,40.98,,3,5/26/22,
X6_38_3_o,13.36,9.174,orange,8/1/22,,37.62,,3,5/26/22,
X4_46_1_i,13.27,10.285,,7/20/22,,54.91,,3,5/26/22,
X4_46_1_o,11.91,8.761,orange,8/1/22,,40.12,,3,5/26/22,
X4_46_2_i,14.3,9.659,orange,8/1/22,,39.33,,3,5/26/22,
X4_46_2_o,13.59,9.34,orange,8/1/22,,38.76,,3,5/26/22,
X4_46_3_i,14.46,9.701,orange,8/1/22,,39.07,,3,5/26/22,
X4_46_3_o,13.03,9.102,orange,8/1/22,,38.42,,3,5/26/22,
X9_35_1_i,13.75,9.827,orange,8/1/22,,44.75,,3,5/26/22,
X9_35_1_o,13.03,9.029,orange,8/1/22,,37.29,,3,5/26/22,
X9_35_2_i,14.19,9.666,orange,8/1/22,,40,,3,5/26/22,
X9_35_2_o,14.11,9.435,orange,8/1/22,,37.34,,3,5/26/22,
X9_35_3_i,14.05,9.995,orange,8/1/22,,45.2,,3,5/26/22,
X9_35_3_o,13.74,9.241,orange,8/1/22,,36.55,,3,5/26/22,
C64_3_1_i,13.49,9.411,orange,8/1/22,,40.36,,3,5/26/22,
C64_3_1_o,13.08,8.742,orange,8/1/22,,32.53,,3,5/26/22,
C64_3_2_i,14.22,9.752,orange,8/1/22,,40.97,,3,5/26/22,
C64_3_2_o,12.55,8.826,orange,8/1/22,,36.88,,3,5/26/22,
C64_3_3_i,15.12,10.146,orange,8/1/22,,41.27,,3,5/26/22,
C64_3_3_o,13.5,9.038,orange,8/1/22,,34.86,,3,5/26/22,
X2_58_1_i,13.02,9.504,,7/25/22,ground,44.8,,3,5/26/22,
X2_58_1_o,13.95,9.428,,,,38.05,,3,5/26/22,
X2_58_2_i,13.56,9.652,,7/25/22,ground,43.44,,3,5/26/22,
X2_58_2_o,13.67,9.321,,,,38.05,,3,5/26/22,
X2_58_3_i,13.81,9.454,,,,39.16,,3,5/26/22,
X2_58_3_o,12.11,8.303,,,,30.27,,3,5/26/22,
X8_41.5_1_i,14.23,9.713,,7/25/22,ground,40.41,,3,5/26/22,
X8_41.5_1_o,13.49,9.407,,7/25/22,ground,40.31,,3,5/26/22,
X8_41.5_2_i,13.13,8.993,,7/25/22,ground,36.16,,3,5/26/22,
X8_41.5_2_o,13.59,9.327,,7/25/22,ground,38.57,,3,5/26/22,
X8_41.5_3_i,15.16,9.923,,7/25/22,ground,38.46,,3,5/26/22,
X8_41.5_3_o,14.32,9.841,,,,41.6,,3,5/26/22,
A27_3_1_i,14.28,9.623,,7/25/22,ground,38.96,,3,5/26/22,
A27_3_1_o,12.9,9.01,,7/25/22,ground,37.76,,3,5/26/22,
A27_3_2_i,15.13,9.784,orange,7/14/22,,36.96,,3,5/26/22,
A27_3_2_o,14.09,9,,7/25/22,ground,31.59,,3,5/26/22,
A27_3_3_i,14.67,9.837,orange,7/14/22,,39.74,,3,5/26/22,
A27_3_3_o,13.36,8.76,,7/25/22,ground,31.45,,3,5/26/22,
C43_3_1_i,13.7,9.52,orange,7/14/22,,40.71,,3,5/26/22,
C43_3_1_o,11.99,8.214,,7/25/22,ground,29.29,,3,5/26/22,
C43_3_2_i,13.81,9.61,orange,7/14/22,,41.34,,3,5/26/22,
C43_3_2_o,12.16,8.563,orange,7/14/22,,34.72,,3,5/26/22,
C43_3_3_i,13.14,9.284,,7/25/22,ground,40.59,,3,5/26/22,
C43_3_3_o,13.18,8.727,,7/25/22,ground,31.81,,3,5/26/22,
X9_41_1_i,14.94,9.808,,,tubes labeled X9_41 but actual genotype name is X9_49,38.09,,3,5/26/22,9.808
X9_41_1_o,14.46,9.453,,,,35.89,,3,5/26/22,9.453
X9_41_2_i,13.15,9.32,orange,7/14/22,,41.08,,3,5/26/22,9.32
X9_41_2_o,13.09,8.934,,,,35.47,,3,5/26/22,8.934
X9_41_3_i,13.96,9.734,,,,42.19,,3,5/26/22,9.734
X9_41_3_o,13.1,9.272,orange,7/14/22,,40.65,,3,5/26/22,
X10_30_1_i,14.21,10.024,orange,7/14/22,,44.63,,3,5/26/22,
X10_30_1_o,13.66,9.391,,,,39.1,,3,5/26/22,
X10_30_2_i,14.73,10.127,orange,7/14/22,,43.03,,3,5/26/22,
X10_30_2_o,12.77,8.913,orange,7/14/22,,36.98,,3,5/26/22,
X10_30_3_i,14.01,9.795,orange,7/14/22,,42.73,,3,5/26/22,
X10_30_3_o,13.04,8.819,orange,7/14/22,,33.94,,3,5/26/22,
A03_3_1_i,12.51,8.84,orange,7/14/22,,37.37,,3,5/26/22,
A03_3_1_o,12.16,8.667,,,,36.61,,3,5/26/22,
A03_3_2_i,15.63,,,,,,,3,5/26/22,10.175
A03_3_2_o,13.13,8.855,orange,7/14/22,,34.03,,3,5/26/22,
A03_3_3_i,15.87,10.336,orange,7/14/22,,39.98,,3,5/26/22,
A03_3_3_o,12.85,8.775,,,,34.27,,3,5/26/22,
C14_3_1_i,12.77,8.848,orange,7/14/22,,35.92,,3,5/26/22,
C14_3_1_o,13.37,8.846,orange,7/14/22,,32.68,,3,5/26/22,
C14_3_2_i,12.43,8.969,,,,40.12,,3,5/26/22,
C14_3_2_o,13.19,8.75,,,,32.11,,3,5/26/22,
C14_3_3_i,9.39,7.784,,,,41.39,,3,5/26/22,
C14_3_3_o,11.75,8.645,orange,7/14/22,,39.12,,3,5/26/22,
X3_44_1_i,13.67,9.695,orange,7/14/22,,43.38,,3,5/26/22,
X3_44_1_o,12.2,8.925,,,,40.99,,3,5/26/22,
X3_44_2_i,14.88,10.14,,,,42.41,,3,5/26/22,
X3_44_2_o,14.42,9.563,orange,7/14/22,,37.49,,3,5/26/22,
X3_44_3_i,13.88,9.422,orange,7/14/22,,38.34,,3,5/26/22,
X3_44_3_o,12.66,8.763,orange,7/14/22,,35.16,,3,5/26/22,
A01_3_1_i,10.68,7.962,orange,7/14/22,,32.56,,3,5/26/22,
A01_3_1_o,13.35,8.371,orange,7/14/22,,25.69,,3,5/26/22,
A01_3_2_i,12.27,8.933,orange,7/14/22,,40.62,,3,5/26/22,
A01_3_2_o,13.16,8.923,,,,34.92,,3,5/26/22,
A01_3_3_i,12.11,9.044,orange,7/14/22,,43.85,,3,5/26/22,
A01_3_3_o,13.28,8.894,orange,8/1/22,,33.84,,3,5/26/22,
X4_32_1_i,10.6,7.804,,,,29.22,,3,5/26/22,
X4_32_1_o,12.44,7.85,,,,20.73,,3,5/26/22,
X4_32_2_i,9.29,7.495,,,,32.01,,3,5/26/22,
X4_32_2_o,12.57,7.788,,7/25/22,ground,19.22,,3,5/26/22,
X4_32_3_i,9.38,7.41,,,,27.84,,3,5/26/22,
X4_32_3_o,12.96,8.082,,,,22.69,,3,5/26/22,
X12_41_1_i,14.43,10.067,,7/25/22,ground,43.92,,3,5/26/22,
X12_41_1_o,13.74,9.374,orange,7/14/22,,38.42,,3,5/26/22,
X12_41_2_i,14.03,10.077,,7/25/22,ground,46.44,,3,5/26/22,
X12_41_2_o,12.82,8.764,,7/25/22,ground,34.26,,3,5/26/22,
X12_41_3_i,13.67,9.439,,7/25/22,ground,39.73,,3,5/26/22,
X12_41_3_o,14.11,8.79,,7/25/22,ground,28.69,,3,5/26/22,
A04_3_1_i,14.22,9.31,,7/25/22,ground,35.14,,3,5/26/22,
A04_3_1_o,12.32,8.206,orange,7/14/22,,27.44,,3,5/26/22,
A04_3_2_i,12.78,8.875,,,,36.3,,3,5/26/22,
A04_3_2_o,12.5,8.474,,,,31.18,,3,5/26/22,
A04_3_3_i,12.85,8.713,,,,33.27,,3,5/26/22,
A04_3_3_o,11.62,8.292,orange,7/14/22,,33.04,,3,5/26/22,
X11_23_1_i,13.64,9.942,orange,8/1/22,,47.09,,3,5/26/22,
X11_23_1_o,15.26,10.186,,,,41.07,,3,5/26/22,
X11_23_2_i,13.71,9.781,,,,44.35,,3,5/26/22,
X11_23_2_o,12.99,9.066,,7/25/22,ground,38.11,,3,5/26/22,
X11_23_3_i,14.76,10.211,,7/25/22,ground,43.91,,3,5/26/22,
X11_23_3_o,12.83,8.713,,7/25/22,ground,33.38,,3,5/26/22,
X9_62_1_i,13.08,9.644,orange,6/21/22,block 4 orange tubes,46.56,,4,5/27/22,9.705
X9_62_1_o,12.56,9.094,orange,6/21/22,called X12-29,41.35,,4,5/27/22,9.434
X9_62_2_i,12.34,9.484,orange,6/21/22,called X12-29,49.81,,4,5/27/22,9.516
X9_62_2_o,12.35,9.177,orange,6/21/22,called X12-29,44.33,,4,5/27/22,9.236
X9_62_3_i,14.23,9.873,orange,6/21/22,called X12-29,42.52,,4,5/27/22,10.264
X9_62_3_o,11.41,9.277,orange,6/21/22,called X12-29,55.19,,4,5/27/22,9.34
X12_29_1_i,13.68,9.495,orange,6/21/22,called X9-69,40.47,,4,5/27/22,9.518
X12_29_1_o,13.47,9.192,orange,6/21/22,,37.27,,4,5/27/22,9.201
X12_29_2_i,13.22,9.232,orange,6/21/22,,39.3,,4,5/27/22,9.255
X12_29_2_o,13.27,8.867,orange,6/21/22,,33.49,,4,5/27/22,8.88
X12_29_3_i,13.96,9.971,orange,6/21/22,,45.43,,4,5/27/22,10.018
X12_29_3_o,13.3,8.561,orange,6/21/22,,28.74,,4,5/27/22,8.62
X3_28_1_i,13.77,9.446,orange,6/21/22,,39.27,,4,5/27/22,10.011
X3_28_1_o,13.1,9.093,orange,6/21/22,,37.88,,4,5/27/22,9.126
X3_28_2_i,13.57,9.869,orange,6/21/22,,46.52,,4,5/27/22,9.948
X3_28_2_o,13.01,9.052,orange,6/21/22,,37.77,,4,5/27/22,9.197
X3_28_3_i,13.84,9.876,orange,6/21/22,,44.87,,4,5/27/22,9.932
X3_28_3_o,13.25,9.256,orange,6/21/22,,39.48,,4,5/27/22,9.595
A27_4_1_i,13.69,9.374,orange,6/21/22,,38.69,,4,5/27/22,9.545
A27_4_1_o,13.43,9.116,orange,6/21/22,,36.37,,4,5/27/22,9.184
A27_4_2_i,14.14,9.25,orange,6/21/22,,34.71,,4,5/27/22,9.655
A27_4_2_o,13.53,8.503,orange,6/21/22,,26.93,,4,5/27/22,9.155
A27_4_3_i,12.49,8.878,orange,6/21/22,,38.15,,4,5/27/22,8.925
A27_4_3_o,13.57,8.705,orange,6/21/22,,29.7,,4,5/27/22,8.795
X10_39_1_i,14.39,9.98,orange,6/21/22,,43.02,,4,5/27/22,10.534
X10_39_1_o,12.78,8.976,orange,6/21/22,,37.94,,4,5/27/22,9.04
X10_39_2_i,13.81,9.658,orange,6/21/22,,42.01,,4,5/27/22,10.137
X10_39_2_o,12.6,9.069,orange,6/21/22,,40.66,,4,5/27/22,9.14
X10_39_3_i,13.69,9.711,orange,6/21/22,,43.48,,4,5/27/22,9.763
X10_39_3_o,12.86,8.955,orange,6/21/22,,37.12,,4,5/27/22,9.183
C65_4_1_i,14.31,9.892,orange,6/21/22,,42.32,,4,5/27/22,
C65_4_1_o,12.69,8.818,orange,6/21/22,,35.89,,4,5/27/22,8.866
C65_4_2_i,13,9.35,orange,6/21/22,,42.52,,4,5/27/22,9.4
C65_4_2_o,13.55,9.318,orange,6/21/22,,38.67,,4,5/27/22,9.458
C65_4_3_i,12.85,9.35,orange,6/21/22,,43.55,,4,5/27/22,9.35
C65_4_3_o,12.66,8.857,orange,6/21/22,,36.72,,4,5/27/22,9.001
X4_24_1_i,13.32,9.251,orange,6/21/22,tubes labeled X4_24; actual genotype name is X4_42,39,,4,5/27/22,9.314
X4_24_1_o,13.9,9.454,orange,6/21/22,,38.68,,4,5/27/22,9.525
X4_24_2_i,13.28,9.062,orange,6/21/22,,36.38,,4,5/27/22,9.227
X4_24_2_o,14.61,9.569,orange,6/21/22,"purple DMC highlight= Seren weighed, dried ",36.67,,4,5/27/22,9.669
X4_24_3_i,13.8,9.4,orange,6/17/22,yellow DMC highlight =Jiho weighed,38.46,,4,5/27/22,9.46
X4_24_3_o,14.13,9.54,orange,6/17/22,,38.64,,4,5/27/22,9.65
X7_22_1_i,13.87,9.86,orange,6/17/22,,44.46,,4,5/27/22,10.16
X7_22_1_o,13.34,9.51,orange,6/17/22,,42.75,,4,5/27/22,9.78
X7_22_2_i,14.7,10.24,orange,6/17/22,,44.6,,4,5/27/22,10.85
X7_22_2_o,13.44,9.06,orange,6/17/22,,35.49,,4,5/27/22,9.07
X7_22_3_i,13.07,9.79,orange,6/17/22,,48.91,,4,5/27/22,9.81
X7_22_3_o,13.33,9.46,orange,6/17/22,,42.07,,4,5/27/22,9.54
X8_37_1_i,14.11,9.87,orange,6/17/22,"very tough, almost chalky",43.16,,4,5/27/22,10.45
X8_37_1_o,12.71,9.3,orange,6/17/22,,43.73,,4,5/27/22,9.7
X8_37_2_i,13.5,9.68,orange,6/17/22,,44.23,,4,5/27/22,9.81
X8_37_2_o,11.82,9.03,orange,6/17/22,,46.03,,4,5/27/22,9.11
X8_37_3_i,13.7,10.01,orange,6/17/22,,47.66,,4,5/27/22,10.2
X8_37_3_o,12.6,8.92,orange,6/17/22,,38.15,,4,5/27/22,9.23
C14_4_1_i,10.74,8.29,orange,6/17/22,only one root,40.1,,4,5/27/22,8.49
C14_4_1_o,13.66,9.052,orange,6/17/22,,34.27,,4,5/27/22,9.9
X11_43_1_i,14.71,10.16,orange,,,43.55,,4,5/27/22,10.62
X11_43_1_o,13.56,9.29,orange,,,38.21,,4,5/27/22,9.36
X11_43_2_i,14.88,10.19,orange,,,43.01,,4,5/27/22,10.5
X11_43_2_o,14.05,9.64,orange,,,40.41,,4,5/27/22,10.53
X11_43_3_i,15.86,10.56,orange,,,42.45,,4,5/27/22,11.6
X11_43_3_o,13.2,9.46,orange,,,42.9,,4,5/27/22,9.91
X12_59_1_i,17.34,11.15,orange,,,42.1,,4,5/27/22,13.44
X12_59_1_o,14.4,8.97,orange,,,29.94,,4,5/27/22,9.9
X12_59_2_i,14.98,9.86,orange,,,38.54,,4,5/27/22,11.11
X12_59_2_o,15.17,9.5,orange,,,33.45,,4,5/27/22,10.86
X12_59_3_i,15.95,10.39,orange,,,40.22,,4,5/27/22,10.73
X12_59_3_o,13.51,8.85,orange,,,32.07,,4,5/27/22,9.35
X2_24_1_i,14.41,9.6,orange,,,38.02,,4,5/27/22,9.65
X2_24_1_o,13.83,9.66,orange,,,41.92,,4,5/27/22,9.76
X2_24_2_i,14.98,9.87,orange,,,38.66,,4,5/27/22,10.55
X2_24_2_o,12.31,9,orange,,,41.52,,4,5/27/22,9.08
X2_24_3_i,14.82,9.81,orange,,,38.68,,4,5/27/22,10.25
X2_24_3_o,13.75,9.81,orange,,,44.51,,4,5/27/22,
A03_4_1_i,16.69,10.79,orange,,,41.24,,4,5/27/22,11.5
A03_4_1_o,13.67,8.99,orange,,,33.33,,4,5/27/22,9.01
A03_4_2_i,14.64,9.94,orange,,,41.18,,4,5/27/22,
A03_4_2_o,13.57,9.44,orange,,,40.32,,4,5/27/22,
A03_4_3_i,17.31,11.21,orange,,,42.78,,4,5/27/22,
A03_4_3_o,13.67,9.44,orange,,,39.74,,4,5/27/22,
X6_65_1_i,13.8,9.4,orange,,,38.46,,4,5/27/22,
X6_65_1_o,12.57,8.96,orange,,,39.02,,4,5/27/22,
X6_65_2_i,16.83,10.88,orange,,,41.55,,4,5/27/22,
X6_65_2_o,14.65,9.56,orange,,,36.38,,4,5/27/22,
X6_65_3_i,16.17,10.59,orange,,,41.39,,4,5/27/22,
X6_65_3_o,13.11,9.257,orange,7/14/22,,40.36,,4,5/27/22,
C64_4_1_i,17.11,10.7,orange,,,38.72,,4,5/27/22,10.158
C64_4_1_o,12.64,8.68,orange,,,33.89,,4,5/27/22,
C64_4_2_i,15.01,9.9,orange,,,38.88,,4,5/27/22,
C64_4_2_o,13.53,9.16,orange,,,36.48,,4,5/27/22,
C64_4_3_i,13.7,9.14,orange,,,35.32,,4,5/27/22,
C64_4_3_o,13.94,9.24,orange,,,35.53,,4,5/27/22,
X5_36_1_i,14.49,9.83,orange,,,40.56,,4,5/27/22,
X5_36_1_o,13.85,9.26,orange,,,36.25,,4,5/27/22,
X5_36_2_i,17.51,10.95,orange,,,39.59,,4,5/27/22,
X5_36_2_o,13.82,9.45,orange,,,39.05,,4,5/27/22,
X5_36_3_i,14.82,9.74,orange,,,37.82,,4,5/27/22,
X5_36_3_o,13.33,9.234,orange,7/14/22,,38.68,,4,5/27/22,