"SampleID","meansuc_mg_g","mean_totalsugar","meanglc_mg_g","mean_starch_mg_g","genotype","block","harvest_date","rootnum","layer","year","PlateName"
"A01_02_1",72.1359831302153,74.3924260302979,2.2564429000826,939.860231535433,"A01",0,"2021","1","both","2021","preliminary"
"A01_02_2",52.5889351583858,54.3688138308281,1.77987867244227,932.531118050507,"A01",0,"2021","2","both","2021","preliminary"
"A01_10_1",74.4228715173,76.8417797177757,2.41890820047563,682.430727368726,"A01",0,"2021","1","both","2021","preliminary"
"A01_15_1",27.923798753419,30.9120835749853,2.98828482156635,844.721411498233,"A01",0,"2021","1","both","2021","preliminary"
"A03_11_1",60.5632193430277,62.8836018087723,2.32038246574467,874.169373173229,"A03",0,"2021","1","both","2021","preliminary"
"A03_11_2",84.6497124193964,89.1239539995589,4.47424158016247,474.214318131398,"A03",0,"2021","2","both","2021","preliminary"
"A04_04_1",51.7943261829547,56.1888581827936,4.39453199983892,647.115794106597,"A04",0,"2021","1","both","2021","preliminary"
"A04_04_2",53.3214601344614,58.0538710756736,4.73241094121213,879.011115134949,"A04",0,"2021","2","both","2021","preliminary"
"A20_13_1",45.4131798135996,49.3481306095886,3.934950795989,905.542765091603,"A20",0,"2021","1","both","2021","preliminary"
"A20_13_2",44.4407697298161,50.5507381872853,6.10996845746925,893.316497188811,"A20",0,"2021","2","both","2021","preliminary"
"A20_19_1",43.5496095820495,48.3134369791194,4.7638273970699,801.431109131571,"A20",0,"2021","1","both","2021","preliminary"
"A20_19_2",47.9452379387888,50.7029371666777,2.75769922788892,801.256755625372,"A20",0,"2021","2","both","2021","preliminary"
"A27_06_2",48.5479771675279,52.2311483744414,3.68317120691348,745.682502571785,"A27",0,"2021","2","both","2021","preliminary"
"C14_01_2",50.0988927022198,51.4512422073286,1.35234950510881,750.99662646987,"C14",0,"2021","2","both","2021","preliminary"
"C14_16_1",74.4192758925755,75.4843065897759,1.06503069720042,794.923420315008,"C14",0,"2021","1","both","2021","preliminary"
"C14_16_2",88.6245532480863,95.1682708240871,6.54371757600075,695.542332858853,"C14",0,"2021","2","both","2021","preliminary"
"C17_14_2",61.8211205884436,65.8618301598044,4.04070957136073,608.23453923237,"C17",0,"2021","2","both","2021","preliminary"
"C17_20_1",39.5541953228967,41.7835606729138,2.2293653500171,725.057922707071,"C17",0,"2021","1","both","2021","preliminary"
"C43_03_1",35.0490677834714,38.7979799229952,3.7489121395238,684.508779644081,"C43",0,"2021","1","both","2021","preliminary"
"C43_03_2",56.4317486171177,58.0695373294824,1.63778871236475,736.049034833087,"C43",0,"2021","2","both","2021","preliminary"
"C64_07_1",65.8565614714425,72.5965912854182,6.74002981397565,595.77146272616,"C64",0,"2021","1","both","2021","preliminary"
"C64_12_2",64.4861156451853,67.0774182345905,2.59130258940521,833.873923467742,"C64",0,"2021","2","both","2021","preliminary"
"C65_05_2",54.2551363863376,55.1950297428884,0.939893356550779,1000.00639950654,"C65",0,"2021","2","both","2021","preliminary"
"C65_18_1",79.7316531181486,81.8087449084668,2.07709179031815,715.434397923633,"C65",0,"2021","1","both","2021","preliminary"
"C65_18_2",85.7665516180021,91.1535099582627,5.38695834026064,614.278619838082,"C65",0,"2021","2","both","2021","preliminary"
"X10_30_1",36.0972757229791,37.1297168850349,1.03244116205581,622.058947712602,"X10_30",0,"2021","1","both","2021","preliminary"
"X10_30_2",56.4815305318681,57.9772225156326,1.49569198376453,700.644197501315,"X10_30",0,"2021","2","both","2021","preliminary"
"X10_52_1",111.104225484393,116.339385710084,5.23516022569079,646.013437710708,"X10_52",0,"2021","1","both","2021","preliminary"
"X11_23_2",63.0487941624455,64.7239729746345,1.67517881218898,708.494377426434,"X11_23",0,"2021","2","both","2021","preliminary"
"X11_43_1",54.8816856855894,58.4323518787048,3.55066619311541,846.203059290018,"X11_43",0,"2021","1","both","2021","preliminary"
"X11_57_1",48.3389999876001,49.1542171220679,0.815217134467837,594.840202430139,"X11_57",0,"2021","1","both","2021","preliminary"
"X11_57_2",70.8185532038478,72.5686960469049,1.75014284305709,547.556761339639,"X11_57",0,"2021","2","both","2021","preliminary"
"X11_68_1",53.0412544790669,57.6097107407408,4.56845626167397,896.999830266771,NA,0,"2021",NA,"both","2021","preliminary"
"X12_29_1",58.529509192244,60.6080926368046,2.07858344456058,612.780457526364,"X12_29",0,"2021","1","both","2021","preliminary"
"X12_59_1",57.0515114773688,60.6227882759465,3.57127679857767,812.858266557819,"X12_59",0,"2021","1","both","2021","preliminary"
"X12_59_2",50.5609835094953,52.5827503430367,2.02176683354139,775.177344089084,"X12_59",0,"2021","2","both","2021","preliminary"
"X12_63_2",NA,139.641745140977,NA,539.679947395256,"X12_63",0,"2021","2","both","2021","preliminary"
"X1_54_1",44.7738125071377,45.2218797523025,0.448067245164772,463.762684506095,"X1_54",0,"2021","1","both","2021","preliminary"
"X1_54_2",72.4292693140338,74.2019437373343,1.77267442330048,621.984971036261,"X1_54",0,"2021","2","both","2021","preliminary"
"X2_24_1",83.429008955261,85.2522110542955,1.82320209903454,578.100473299976,"X2_24",0,"2021","1","both","2021","preliminary"
"X2_24_2",60.9438941366337,67.2027734721893,6.25887933555562,874.738296968891,"X2_24",0,"2021","2","both","2021","preliminary"
"X2_40_2",68.4849156426715,85.8258063072921,17.3408906646205,568.82327593156,"X2_40",0,"2021","2","both","2021","preliminary"
"X2_56_1",78.570496407517,89.167818981542,10.597322574025,569.746676290881,"X2_56",0,"2021","1","both","2021","preliminary"
"X2_56_2",115.30618761061,125.350433564952,10.0442459543417,329.324557808607,"X2_56",0,"2021","2","both","2021","preliminary"
"X2_58_1",61.6163362362714,64.8223800738867,3.20604383761526,778.929540677939,"X2_58",0,"2021","1","both","2021","preliminary"
"X2_58_2",68.7283307789563,72.5268686129984,3.79853783404213,515.573449176888,"X2_58",0,"2021","2","both","2021","preliminary"
"X3_25_1",49.2676160619512,51.368672215523,2.10105615357179,461.790772079408,"X3_25",0,"2021","1","both","2021","preliminary"
"X3_25_2",55.9278801866666,58.8519814678574,2.92410128119079,706.866438652918,"X3_25",0,"2021","2","both","2021","preliminary"
"X3_28_1",40.917002142266,42.4874810942017,1.5704789519357,997.889581912093,"X3_28",0,"2021","1","both","2021","preliminary"
"X3_60_1",93.4834520427828,96.1503363750603,2.66688433227747,864.789694652983,"X3_60",0,"2021","1","both","2021","preliminary"
"X3_61_2",120.716237250507,139.514019402985,18.7977821524788,399.94358234249,"X3_61",0,"2021","2","both","2021","preliminary"
"X4_32_1",120.599336086352,124.799767691471,4.20043160511831,598.035141604577,"X4_32",0,"2021","1","both","2021","preliminary"
"X4_32_2",69.2071584128598,76.832014820179,7.62485640731924,751.192033885685,"X4_32",0,"2021","2","both","2021","preliminary"
"X4_55_1",36.186466854843,39.0305147310473,2.84404787620435,614.615226906693,"X4_55",0,"2021","1","both","2021","preliminary"
"X4_55_2",42.4568438222756,42.6474459990228,0.190602176747197,769.481095976908,"X4_55",0,"2021","2","both","2021","preliminary"
"X4_67_1",36.7044521532878,37.6243537553984,0.919901602110623,603.563120443972,"X4_67",0,"2021","1","both","2021","preliminary"
"X4_67_2",82.6511554356232,85.5383438328917,2.88718839726853,504.037114130593,NA,0,"2021",NA,"both","2021","preliminary"
"X5_31_1",53.2826229185575,64.3671268820721,11.0845039635147,703.182332046891,"X5_31",0,"2021","1","both","2021","preliminary"
"X5_31_2",65.3539310966881,72.1690953870302,6.81516429034216,751.675733852812,"X5_31",0,"2021","2","both","2021","preliminary"
"X5_66_1",78.6929638945203,83.9000255898796,5.20706169535929,466.716167680849,"X5_66",0,"2021","1","both","2021","preliminary"
"X5_66_2",51.9093335182559,53.3471530668991,1.43781954864315,775.004801475379,"X5_66",0,"2021","2","both","2021","preliminary"
"X6_26_2",62.4937811246423,69.3902906780257,6.89650955338336,625.484732362725,"X6_26",0,"2021","2","both","2021","preliminary"
"X6_53_1",62.1567201403166,64.2850732802144,2.12835313989783,648.398552948481,"X6_53",0,"2021","1","both","2021","preliminary"
"X6_53_2",52.6001709276281,57.1364088480422,4.53623792041412,678.74139737433,"X6_53",0,"2021","2","both","2021","preliminary"
"X6_65_2",58.5420420771035,61.2114929204882,2.66945084338463,665.387162170401,"X6_65",0,"2021","2","both","2021","preliminary"
"X7_22_1",32.2081043446385,32.8701602681253,0.662055923486752,860.68005902397,NA,0,"2021",NA,"both","2021","preliminary"
"X8_33_1",35.8038061621123,38.2576854469692,2.45387928485689,668.551851946727,"X8_33",0,"2021","1","both","2021","preliminary"
"X8_33_2",58.7667978870909,68.7854718059513,10.0186739188605,743.243938876214,"X8_33",0,"2021","2","both","2021","preliminary"
"X8_64_1",69.547939462782,70.46398622592,0.916046763138018,532.415935278752,"X8_64",0,"2021","1","both","2021","preliminary"
"X8_64_2",NA,131.668809684188,NA,586.646430020897,"X8_64",0,"2021","2","both","2021","preliminary"
"X9_21_2",27.2661430091685,28.2179340771117,0.951791067943197,1017.91464171153,"X9_21",0,"2021","2","both","2021","preliminary"
"X9_35_1",51.2013712420549,52.8545119682671,1.6531407262122,717.062399778463,"X9_35",0,"2021","1","both","2021","preliminary"
"X9_35_2",50.5925253755092,51.6901668602322,1.09764148472293,668.677596533348,"X9_35",0,"2021","2","both","2021","preliminary"
"X9_51_2",63.3041164254158,76.413548324471,13.1094318990551,613.767452335002,"X9_51",0,"2021","2","both","2021","preliminary"
"X9_62_1",82.3889945655824,99.9048817951293,17.5158872295469,691.116883574574,"X9_62",0,"2021","1","both","2021","preliminary"
"X9_62_2",98.7336444264985,110.772024480351,12.0383800538522,653.931766244675,"X9_62",0,"2021","2","both","2021","preliminary"
"A01_1_1_i",NA,NA,NA,609.836245294956,"A01",1,"5/24/22","1","i","2022","2021_starch_44-86"
"A01_1_1_o",NA,9.57009997207411,NA,529.467930466972,"A01",1,"5/24/22","1","o","2022","2021_starch_1-43"
"A01_1_2_i",21.6519233794946,19.7719978527852,-1.87992552670943,400.837983225037,"A01",1,"5/24/22","2","i","2022","2021_RNAselected_starch-lastset"
"A01_1_3_i",NA,12.6968321818757,NA,951.366558825801,"A01",1,"5/24/22","3","i","2022","2021_starch_44-86"
"A01_1_3_o",NA,NA,16.3257331576682,583.791742106744,"A01",1,"5/24/22","3","o","2022","2021_starch_44-86"
"A01_2_1_i",12.996313174806,15.1349028686746,2.13858969386864,681.314269799316,"A01",2,"25-May","1","i","2022","2021_starch_44-86"
"A01_2_1_o",NA,NA,NA,596.154518744393,"A01",2,"25-May","1","o","2022","2021_starch_44-86"
"A01_2_1_o",NA,NA,NA,596.154518744393,"A01",2,"25-May","1","o","2022","2021_starch_44-86"
"A01_2_2_i",10.3280146108319,11.6687005152681,1.34068590443614,793.955203695347,"A01",2,"25-May","2","i","2022","2021_starch_44-86"
"A01_2_3_i",8.86589411288025,10.3524037767212,1.48650966384094,749.121099325967,"A01",2,"25-May","3","i","2022","2021_starch_44-86"
"A01_2_3_o",NA,13.0370931831753,NA,561.702062633355,"A01",2,"25-May","3","o","2022","2021_starch_1-43"
"A01_3_1_i",7.52961944881521,10.489153290742,2.95953384192683,790.831683058916,"A01",3,"26-May","1","i","2022","2021_starch_1-43"
"A01_3_1_o",NA,NA,25.3829799016916,728.341572699156,"A01",3,"26-May","1","o","2022","Trial1Starch-3_fulldigest"
"A01_3_2_i",NA,9.56662336121614,NA,739.399024659878,"A01",3,"26-May","2","i","2022","2021_starch_1-43"
"A01_3_2_o",7.22279194914686,13.5982179808354,6.37542603168854,733.439657411272,"A01",3,"26-May","2","o","2022","2021_starch_1-43"
"A01_3_3_o",10.20534022748,18.224196613312,8.018856385832,883.592306660696,"A01",3,"26-May","3","o","2022","Trial1Starch-3_fulldigest"
"A03_2_1_i",NA,24.4189959167257,NA,596.726426935264,"A03",2,"25-May","1","i","2022","78-120 rna_green_plates"
"A03_2_1_o",27.1930414823917,31.7211350243748,4.52809354198313,701.479440673085,"A03",2,"25-May","1","o","2022","2021_RNAselected_starch-1"
"A03_2_2_i",NA,23.2422739215856,NA,874.509582321376,"A03",2,"25-May","2","i","2022","121-163_rna_green_plates"
"A03_2_2_o",33.1641661638271,41.0107025914903,7.8465364276632,839.185438421369,"A03",2,"25-May","2","o","2022","78-120 rna_green_plates"
"A03_2_2_o",33.1641661638271,41.0107025914903,7.8465364276632,711.872632190069,"A03",2,"25-May","2","o","2022","78-120_rna_green_plates"
"A03_2_3_i",23.8744476782178,23.0727497234545,-0.801697954763243,775.115766586249,"A03",2,"25-May","3","i","2022","78-120 rna_green_plates"
"A03_2_3_i",23.8744476782178,23.0727497234545,-0.801697954763243,773.211870174589,"A03",2,"25-May","3","i","2022","78-120_rna_green_plates"
"A03_2_3_o",32.2553354950432,35.3566538111441,3.10131831610094,693.388268971374,"A03",2,"25-May","3","o","2022","78-120 rna_green_plates"
"A03_2_3_o",32.2553354950432,35.3566538111441,3.10131831610094,636.419182461543,"A03",2,"25-May","3","o","2022","78-120_rna_green_plates"
"A03_3_1_i",21.1641823480093,20.5669012678054,-0.59728108020389,1007.14855365016,"A03",3,"26-May","1","i","2022","2021_RNAselected_starch-2"
"A03_3_1_o",21.5026564672374,24.141110794078,2.63845432684066,783.43299104,"A03",3,"26-May","1","o","2022","2021_RNAselected_starch-2"
"A03_3_2_o",NA,41.4217438993535,NA,560.198100892861,"A03",3,"26-May","2","o","2022","121-163_rna_green_plates"
"A03_3_3_i",NA,19.4802870060281,NA,835.189384543933,"A03",3,"26-May","3","i","2022","121-163_rna_green_plates"
"A03_3_3_o",NA,NA,9.29046488645141,962.484064855689,"A03",3,"26-May","3","o","2022","2021_RNAselected_starch-2"
"A03_4_1_i",15.5659964857204,15.2037185326211,-0.362277953099294,1027.61941593421,"A03",4,"27-May","1","i","2022","78-120 rna_green_plates"
"A03_4_1_i",15.5659964857204,15.2037185326211,-0.362277953099294,961.209367150862,"A03",4,"27-May","1","i","2022","78-120_rna_green_plates"
"A03_4_1_o",41.0222689781587,45.4833940818824,4.46112510372367,731.961404182563,"A03",4,"27-May","1","o","2022","78-120 rna_green_plates"
"A03_4_1_o",41.0222689781587,45.4833940818824,4.46112510372367,791.519869083616,"A03",4,"27-May","1","o","2022","78-120_rna_green_plates"
"A03_4_2_i",9.5935209540041,9.2023891031262,-0.391131850877903,1000.73842703753,"A03",4,"27-May","2","i","2022","2021_RNAselected_starch-lastset"
"A03_4_2_o",14.091020818878,20.3052249004491,6.21420408157108,715.507485118506,"A03",4,"27-May","2","o","2022","2021_RNAselected_starch-1"
"A03_4_3_o",17.4771007513965,19.6983710298544,2.22127027845789,619.364685300142,"A03",4,"27-May","3","o","2022","2021_RNAselected_starch-1"
"A04_1_1_i",31.4459960763792,34.4368331761619,2.99083709978267,398.706625886613,"A04",1,"5/24/22","1","i","2022","2021_RNAselected_starch-lastset"
"A04_1_1_o",18.5450392670897,25.4651079625538,6.92006869546412,751.673237567223,"A04",1,"5/24/22","1","o","2022","2021_RNAselected_starch-2"
"A04_1_2_i",25.8367730985894,25.5202087777515,-0.316564320837862,1183.9448486211,"A04",1,"5/24/22","2","i","2022","2021_RNAselected_starch-lastset"
"A04_1_2_o",42.8881240686908,47.9984322421069,5.11030817341614,514.419465883941,"A04",1,"5/24/22","2","o","2022","2021_RNAselected_starch-lastset"
"A04_1_3_i",NA,18.4722014493548,NA,911.49177691822,"A04",1,"5/24/22","3","i","2022","2021_RNAselected_starch-2"
"A04_1_3_o",22.1043491852484,24.551705924794,2.44735673954558,735.849468288118,"A04",1,"5/24/22","3","o","2022","2021_RNAselected_starch-2"
"A04_2_1_i",28.9090094488473,37.4088962474667,8.49988679861936,825.69074828802,"A04",2,"25-May","1","i","2022","121-163_rna_green_plates"
"A04_2_1_o",NA,58.1079900731907,NA,837.555918393574,NA,NA,NA,NA,NA,"2022","121-163_rna_green_plates"
"A04_2_2_i",NA,NA,NA,968.058663430402,"A04",2,"25-May","2","i","2022","78-120 rna_green_plates"
"A04_2_2_i",NA,NA,NA,799.385067960374,"A04",2,"25-May","2","i","2022","78-120_rna_green_plates"
"A04_2_2_o",NA,23.3473352359473,NA,793.376516019877,"A04",2,"25-May","2","o","2022","78-120 rna_green_plates"
"A04_2_2_o",NA,23.3473352359473,NA,806.101216970167,"A04",2,"25-May","2","o","2022","78-120_rna_green_plates"
"A04_2_3_i",NA,23.2951328851384,NA,832.979825817628,"A04",2,"25-May","3","i","2022","121-163_rna_green_plates"
"A04_2_3_o",NA,53.0682404081987,NA,637.363198573622,"A04",2,"25-May","3","o","2022","121-163_rna_green_plates"
"A04_3_1_o",46.7416727160793,80.2618032496082,33.520130533529,NA,"A04",3,"26-May","1","o","2022",NA
"A04_3_2_i",20.6361089259373,20.9787595715426,0.342650645605269,912.233430676736,"A04",3,"26-May","2","i","2022","2021_RNAselected_starch-2"
"A04_3_2_o",11.0822184934199,19.9916931195072,8.9094746260873,735.531300943738,"A04",3,"26-May","2","o","2022","2021_RNAselected_starch-2"
"A04_3_3_i",24.7368438607212,25.0017671353143,0.264923274593059,767.56271977449,"A04",3,"26-May","3","i","2022","121-163_rna_green_plates"
"A04_3_3_o",NA,NA,NA,NA,"A04",3,"26-May","3","o","2022",NA
"A20_1_1_i",NA,NA,-1.58808165125857,NA,"A20",1,"5/24/22","1","i","2022",NA
"A20_1_1_o",21.3709719101408,24.2958936601017,2.92492174996094,640.975989052133,"A20",1,"5/24/22","1","o","2022","2021_RNAselected_starch-1"
"A20_1_2_i",NA,11.6981934179603,NA,964.54905999809,"A20",1,"5/24/22","2","i","2022","2021_RNAselected_starch-2"
"A20_1_2_o",1.75787870663756,2.38353101039132,0.625652303753759,NA,"A20",1,"5/24/22","2","o","2022",NA
"A20_1_3_i",NA,16.5992756218852,NA,974.39985731666,"A20",1,"5/24/22","3","i","2022","2021_RNAselected_starch-2"
"A20_1_3_o",NA,NA,2.75445418467098,709.946967012082,"A20",1,"5/24/22","3","o","2022","2021_RNAselected_starch-1"
"A20_2_1_i",NA,9.77727700917692,NA,1068.87294960669,"A20",2,"25-May","1","i","2022","78-120 rna_green_plates"
"A20_2_1_o",NA,43.0210383656762,NA,608.714245597558,"A20",2,"25-May","1","o","2022","121-163_rna_green_plates"
"A20_2_2_i",NA,NA,NA,1005.61773662631,"A20",2,"25-May","2","i","2022","121-163_rna_green_plates"
"A20_2_2_o",NA,34.4773735209873,NA,788.322843561616,"A20",2,"25-May","2","o","2022","121-163_rna_green_plates"
"A20_2_3_i",8.16107149519923,8.30522555442496,0.144154059225725,807.925397239327,"A20",2,"25-May","3","i","2022","2021_RNAselected_starch-1"
"A20_2_3_o",30.3845348793724,39.3994078411556,9.01487296178316,689.859285299612,"A20",2,"25-May","3","o","2022","78-120 rna_green_plates"
"A20_2_3_o",30.3845348793724,39.3994078411556,9.01487296178316,681.546950609383,"A20",2,"25-May","3","o","2022","78-120_rna_green_plates"
"A27_1_1_i",NA,15.9210566108607,NA,1007.28091753756,"A27",1,"5/24/22","1","i","2022","2021_RNAselected_starch-2"
"A27_1_1_o",NA,24.6921710716018,NA,1039.70104054208,"A27",1,"5/24/22","1","o","2022","2021_RNAselected_starch-2"
"A27_1_2_i",12.4659670180045,11.8037961000032,-0.662170918001365,1183.17331174021,"A27",1,"5/24/22","2","i","2022","2021_RNAselected_starch-2"
"A27_1_2_o",25.6425104829635,30.9936448736466,5.35113439068315,738.669703129353,"A27",1,"5/24/22","2","o","2022","2021_RNAselected_starch-1"
"A27_1_3_i",NA,14.3824306568887,NA,840.862184089441,"A27",1,"5/24/22","3","i","2022","2021_RNAselected_starch-1"
"A27_1_3_o",25.266963102037,30.7923633466379,5.5254002446009,711.058612396636,"A27",1,"5/24/22","3","o","2022","2021_RNAselected_starch-1"
"A27_3_1_i",9.3431264752809,8.84611366209341,-0.497012813187489,818.290505532565,"A27",3,"26-May","1","i","2022","121-163_rna_green_plates"
"A27_3_1_o",NA,41.4664387356078,NA,828.603348427239,"A27",3,"26-May","1","o","2022","121-163_rna_green_plates"
"A27_3_2_i",8.15533518767678,7.88796751470973,-0.267367672967049,831.580630794735,"A27",3,"26-May","2","i","2022","121-163_rna_green_plates"
"A27_3_2_o",32.498450716717,50.814378543156,18.315927826439,745.408442098397,"A27",3,"26-May","2","o","2022","121-163_rna_green_plates"
"A27_3_3_i",12.2064499097102,9.68194868812277,-2.52450122158744,708.832477445815,"A27",3,"26-May","3","i","2022","121-163_rna_green_plates"
"A27_3_3_o",NA,53.9671991676538,NA,738.380596915662,"A27",3,"26-May","3","o","2022","121-163_rna_green_plates"
"A27_4_1_i",NA,5.36395991026821,NA,1185.92415013359,"A27",4,"27-May","1","i","2022","2021_RNAselected_starch-lastset"
"A27_4_1_i",12.71312136858,12.5490058258818,-0.164115542698217,713.556249770056,"A27",4,"27-May","1","i","2022","Trial1Starch-2_fulldigest"
"A27_4_1_o",32.6326535183772,33.9649524996398,1.33229898126253,388.831950950247,"A27",4,"27-May","1","o","2022","2021_RNAselected_starch-lastset"
"A27_4_2_i",10.5128357088117,9.29567209310526,-1.21716361570643,1311.75292475596,"A27",4,"27-May","2","i","2022","2021_RNAselected_starch-lastset"
"A27_4_2_o",23.9427063331216,29.0814675268752,5.13876119375366,743.830826670905,"A27",4,"27-May","2","o","2022","2021_RNAselected_starch-1"
"A27_4_3_i",7.67339149784581,6.55130650923178,-1.12208498861403,1011.48814006772,"A27",4,"27-May","3","i","2022","2021_RNAselected_starch-lastset"
"A27_4_3_o",46.577013212056,49.5752408513168,2.99822763926087,643.85526866636,"A27",4,"27-May","3","o","2022","2021_RNAselected_starch-lastset"
"C14_2_1_i",NA,3.28023792074393,NA,823.814420476516,"C14",2,"25-May","1","i","2022","78-120 rna_green_plates"
"C14_2_1_i",NA,3.28023792074393,NA,743.098768289275,"C14",2,"25-May","1","i","2022","78-120_rna_green_plates"
"C14_2_1_o",28.4555385460343,25.2426809139651,-3.21285763206926,895.444382504255,"C14",2,"25-May","1","o","2022","121-163_rna_green_plates"
"C14_2_2_i",5.91542242198758,5.2521998219941,-0.663222599993478,805.82272418979,"C14",2,"25-May","2","i","2022","78-120 rna_green_plates"
"C14_2_2_i",5.91542242198758,5.2521998219941,-0.663222599993478,737.626933018573,"C14",2,"25-May","2","i","2022","78-120_rna_green_plates"
"C14_2_2_o",NA,20.3774705808494,NA,677.713086011629,"C14",2,"25-May","2","o","2022","121-163_rna_green_plates"
"C14_2_3_i",NA,5.28091255654836,NA,933.589976535142,"C14",2,"25-May","3","i","2022","78-120 rna_green_plates"
"C14_2_3_i",NA,5.28091255654836,NA,921.376457577533,"C14",2,"25-May","3","i","2022","78-120_rna_green_plates"
"C14_2_3_o",NA,19.2667113310023,NA,765.041640447739,"C14",2,"25-May","3","o","2022","78-120 rna_green_plates"
"C14_2_3_o",NA,19.2667113310023,NA,817.400786177587,"C14",2,"25-May","3","o","2022","78-120_rna_green_plates"
"C14_3_1_i",NA,15.5049695985421,NA,NA,"C14",3,"26-May","1","i","2022",NA
"C14_3_1_o",36.0823679041029,40.4895000324141,4.40713212831123,704.115851021512,"C14",3,"26-May","1","o","2022","78-120 rna_green_plates"
"C14_3_1_o",36.0823679041029,40.4895000324141,4.40713212831123,577.501610059558,"C14",3,"26-May","1","o","2022","78-120_rna_green_plates"
"C14_3_2_i",12.9743657290294,13.1344334343085,0.16006770527911,967.857418448412,"C14",3,"26-May","2","i","2022","2021_RNAselected_starch-2"
"C14_3_2_o",22.3157704177754,24.1362682065857,1.82049778881023,765.16280279527,"C14",3,"26-May","2","o","2022","2021_RNAselected_starch-2"
"C14_3_3_i",NA,8.13860245657649,NA,746.575574899468,"C14",3,"26-May","3","i","2022","121-163_rna_green_plates"
"C14_3_3_o",21.3912793185945,21.2336647971603,-0.157614521434205,713.978455343827,"C14",3,"26-May","3","o","2022","121-163_rna_green_plates"
"C14_4_1_i",NA,8.80598284828871,NA,1013.86024649409,"C14",4,"27-May","1","i","2022","78-120 rna_green_plates"
"C14_4_1_i",NA,8.80598284828871,NA,919.502206881518,"C14",4,"27-May","1","i","2022","78-120_rna_green_plates"
"C14_4_1_o",34.2683050562052,36.9470229295231,2.67871787331791,255.250903976303,"C14",4,"27-May","1","o","2022","78-120 rna_green_plates"
"C14_4_3_o",27.865077998241,30.5820896315954,2.71701163335441,909.829217647587,NA,NA,NA,NA,NA,"2022","2021_RNAselected_starch-lastset"
"C17_1_1_i",11.4058690825987,10.9346749343029,-0.471194148295821,1124.68278031898,"C17",1,"5/24/22","1","i","2022","2021_RNAselected_starch-lastset"
"C17_1_1_o",19.8187033156612,20.9065123198985,1.08780900423731,824.275863220246,"C17",1,"5/24/22","1","o","2022","2021_RNAselected_starch-1"
"C17_1_2_i",14.6593148357584,14.3352893658183,-0.324025469940019,957.540831548107,"C17",1,"5/24/22","2","i","2022","2021_RNAselected_starch-2"
"C17_1_2_o",22.0330892197493,26.4776096147035,4.44452039495412,822.203182608746,"C17",1,"5/24/22","2","o","2022","2021_RNAselected_starch-2"
"C17_1_3_i",19.1031618227333,18.657979225705,-0.445182597028325,874.59747523707,"C17",1,"5/24/22","3","i","2022","2021_RNAselected_starch-2"
"C17_1_3_o",18.2626287330487,18.6462974704382,0.3836687373895,682.997750938319,"C17",NA,"","3","o","2022","2021_RNAselected_starch-1"
"C17_1_3_o",18.2626287330487,18.6462974704382,0.3836687373895,682.997750938319,"C17",NA,"","3","o","2022","2021_RNAselected_starch-1"
"C17_2_1_i",14.8972316715408,14.4249097394074,-0.472321932133386,531.788065663701,"C17",2,"25-May","1","i","2022","78-120 rna_green_plates"
"C17_2_1_i",14.8972316715408,14.4249097394074,-0.472321932133386,491.723831537351,"C17",2,"25-May","1","i","2022","78-120_rna_green_plates"
"C17_2_2_i",12.0892050631223,11.3281829316305,-0.76102213149188,738.660894225403,"C17",2,"25-May","2","i","2022","78-120 rna_green_plates"
"C17_2_2_i",12.0892050631223,11.3281829316305,-0.76102213149188,736.846903976956,"C17",2,"25-May","2","i","2022","78-120_rna_green_plates"
"C17_2_2_o",NA,21.8022710311204,NA,815.662104980235,"C17",2,"25-May","2","o","2022","78-120 rna_green_plates"
"C17_2_2_o",NA,21.8022710311204,NA,784.504283381582,"C17",2,"25-May","2","o","2022","78-120_rna_green_plates"
"C17_2_3_i",NA,11.8081416113946,NA,782.53129025601,"C17",2,"25-May","3","i","2022","78-120 rna_green_plates"
"C17_2_3_i",NA,11.8081416113946,NA,748.220222108777,"C17",2,"25-May","3","i","2022","78-120_rna_green_plates"
"C17_2_3_o",19.5551575942283,17.5489989962074,-2.00615859802091,783.55292299759,"C17",2,"25-May","3","o","2022","121-163_rna_green_plates"
"C17_3_1_i",NA,11.2037145997406,NA,591.852833396779,"C17",3,"26-May","1","i","2022","121-163_rna_green_plates"
"C17_3_1_o",27.0669727889426,27.6059022050177,0.538929416075152,675.888864373214,"C17",3,"26-May","1","o","2022","121-163_rna_green_plates"
"C17_3_2_i",NA,13.0697924041269,NA,871.422337415458,"C17",3,"26-May","2","i","2022","121-163_rna_green_plates"
"C17_3_2_o",NA,36.235862637151,NA,694.623742023136,"C17",3,"26-May","2","o","2022","121-163_rna_green_plates"
"C17_3_3_i",6.98933744289067,6.86181491533423,-0.127522527556434,321.267625523389,"C17",3,"26-May","3","i","2022","78-120 rna_green_plates"
"C17_3_3_o",NA,38.0254926611112,NA,621.113190787245,"C17",3,"26-May","3","o","2022","121-163_rna_green_plates"
"C43_1_1_i",14.0732061993481,14.9874780547536,0.914271855405485,966.482246497643,"C43",1,"5/24/22","1","i","2022","Trial1Starch-3_fulldigest"
"C43_1_1_o",4.13953574876725,25.6373505422104,21.4978147934431,881.776788945827,"C43",1,"5/24/22","1","o","2022","Trial1Starch-3_fulldigest"
"C43_1_2_i",18.2379326957097,19.7148630595148,1.47693036380512,554.081173087895,"C43",1,"5/24/22","2","i","2022","Trial1Starch-2_fulldigest"
"C43_1_2_o",1.14373710396101,22.1334005301662,20.9896634262052,638.85009492332,"C43",1,"5/24/22","2","o","2022","Trial1Starch-3_fulldigest"
"C43_1_3_i",19.6794324018906,23.2814439192596,3.60201151736902,753.020318350936,"C43",1,"5/24/22","3","i","2022","Trial1Starch-2_fulldigest"
"C43_1_3_o",4.54674574298024,13.9902253565142,9.44347961353401,390.344496917794,"C43",1,"5/24/22","3","o","2022","Trial1Starch-2_fulldigest"
"C43_2_1_o",13.4778082599275,25.8909738244995,12.413165564572,720.658569533034,"C43",2,"25-May","1","o","2022","Trial1Starch-3_fulldigest"
"C43_2_2_i",8.04263465462254,8.55969697846729,0.517062323844749,686.958739167366,"C43",2,"25-May","2","i","2022","Trial1Starch-3_fulldigest"
"C43_2_2_o",14.0955730696922,25.0949798302884,10.9994067605961,627.172039259558,"C43",2,"25-May","2","o","2022","Trial1Starch-2_fulldigest"
"C43_2_3_i",NA,7.37266506217437,NA,927.765836947692,"C43",2,"25-May","3","i","2022","Trial1Starch-3_fulldigest"
"C43_2_3_o",NA,NA,NA,764.652739038111,"C43",2,"25-May","3","o","2022","Trial1Starch-3_fulldigest"
"C43_3_1_o",2.63745335158743,14.6330154490551,11.9955620974677,730.084598985584,"C43",3,"26-May","1","o","2022","2021_starch_44-86"
"C43_3_2_o",-1.63084107225087,7.2717829302432,8.90262400249407,675.878794682583,"C43",3,"26-May","2","o","2022","2021_starch_1-43"
"C43_3_3_i",NA,7.9912227150535,NA,992.803825775073,"C43",3,"26-May","3","i","2022","2021_starch_44-86"
"C64_1_1_o",NA,29.7297155123674,NA,1104.8937562434,"C64",1,"5/24/22","1","o","2022","2021_RNAselected_starch-lastset"
"C64_1_2_i",9.29011732946932,8.69967905522549,-0.590438274243836,707.877595723622,"C64",1,"5/24/22","2","i","2022","2021_RNAselected_starch-lastset"
"C64_1_2_o",NA,20.3208580400401,NA,754.057866307477,"C64",1,"5/24/22","2","o","2022","2021_RNAselected_starch-1"
"C64_1_3_i",13.6764624502285,13.0411931481044,-0.635269302124089,669.587066429991,"C64",1,"5/24/22","3","i","2022","2021_RNAselected_starch-1"
"C64_3_1_i",NA,6.76579996019809,NA,995.074209152698,"C64",3,"26-May","1","i","2022","78-120 rna_green_plates"
"C64_3_1_i",NA,6.76579996019809,NA,818.231488681725,"C64",3,"26-May","1","i","2022","78-120_rna_green_plates"
"C64_3_1_o",32.3760301932345,32.5633398482202,0.187309654985673,786.399515926059,"C64",3,"26-May","1","o","2022","78-120 rna_green_plates"
"C64_3_1_o",32.3760301932345,32.5633398482202,0.187309654985673,719.127840279943,"C64",3,"26-May","1","o","2022","78-120_rna_green_plates"
"C64_3_2_i",NA,NA,NA,890.178226852619,"C64",3,"26-May","2","i","2022","Trial1Starch-2_fulldigest"
"C64_3_2_o",23.0040968651754,22.4615377474413,-0.542559117734091,674.117627140402,"C64",3,"26-May","2","o","2022","78-120 rna_green_plates"
"C64_3_2_o",23.0040968651754,22.4615377474413,-0.542559117734091,631.743978214496,"C64",3,"26-May","2","o","2022","78-120_rna_green_plates"
"C64_3_3_i",11.306673851665,11.3108991777263,0.00422532606126023,751.323042910007,"C64",3,"26-May","3","i","2022","78-120 rna_green_plates"
"C64_3_3_i",11.306673851665,11.3108991777263,0.00422532606126023,669.830905910693,"C64",3,"26-May","3","i","2022","78-120_rna_green_plates"
"C64_3_3_o",10.0131627067832,14.4231124127441,4.40994970596092,573.490791241416,"C64",3,"26-May","3","o","2022","2021_starch_1-43"
"C64_4_1_i",14.5865775179083,15.7905363538029,1.20395883589464,764.957324356185,"C64",4,"27-May","1","i","2022","2021_RNAselected_starch-1"
"C64_4_1_o",19.4046481435274,24.3606189918759,4.95597084834852,666.505338307857,"C64",4,"27-May","1","o","2022","2021_RNAselected_starch-1"
"C64_4_2_i",11.9694178591701,12.6520981018235,0.682680242653368,777.8411712566,"C64",4,"27-May","2","i","2022","2021_RNAselected_starch-1"
"C64_4_2_o",NA,29.4087317488092,NA,571.478495206745,"C64",4,"27-May","2","o","2022","2021_RNAselected_starch-lastset"
"C64_4_3_i",7.99491287515219,8.1598561816701,0.164943306517908,704.448206982578,"C64",4,"27-May","3","i","2022","2021_RNAselected_starch-1"
"C65_1_1_i",NA,NA,NA,812.818244619081,"C65",1,"5/24/22","1","i","2022","2021_starch_44-86"
"C65_1_1_o",NA,NA,9.20533991562739,454.342505344118,"C65",1,"5/24/22","1","o","2022","2021_starch_44-86"
"C65_1_2_i",9.15859578515055,10.0739947514502,0.915398966299671,806.605378819552,"C65",1,"5/24/22","2","i","2022","2021_starch_44-86"
"C65_1_2_o",13.1031782599697,16.4141864927711,3.31100823280146,690.004689864176,"C65",1,"5/24/22","2","o","2022","2021_starch_44-86"
"C65_1_3_i",10.2871705324804,11.0562399319352,0.769069399454854,684.20073074943,"C65",1,"5/24/22","3","i","2022","2021_starch_44-86"
"C65_1_3_o",NA,NA,NA,676.554788220033,"C65",1,"5/24/22","3","o","2022","2021_starch_1-43"
"C65_2_1_i",15.624919478169,16.8415645887143,1.2166451105453,843.409177427502,NA,NA,NA,NA,NA,"2022","Trial1Starch-2_fulldigest"
"C65_2_1_o",22.0622111240182,25.3755614788072,3.31335035478902,920.624751209543,"C65",2,"25-May","1","o","2022","Trial1Starch-2_fulldigest"
"C65_2_2_i",NA,5.88197141549263,NA,772.066150261766,"C65",2,"25-May","2","i","2022","2021_starch_44-86"
"C65_2_2_o",13.1811960856594,17.6433332358703,4.46213715021092,836.079446304821,"C65",2,"25-May","2","o","2022","Trial1Starch-3_fulldigest"
"C65_4_1_i",NA,2.56576667986649,NA,691.029576372193,"C65",4,"27-May","1","i","2022","2021_starch_1-43"
"C65_4_1_o",26.23777782934,27.7597150382188,1.52193720887882,732.832213544998,"C65",4,"27-May","1","o","2022","Trial1Starch-2_fulldigest"
"C65_4_2_i",NA,NA,1.55459110078795,850.606620262403,"C65",4,"27-May","2","i","2022","Trial1Starch-1_fulldigest"
"C65_4_2_o",22.865697857134,24.0902756904633,1.22457783332931,1018.62744771852,"C65",4,"27-May","2","o","2022","Trial1Starch-2_fulldigest"
"C65_4_3_i",NA,NA,NA,874.611638218972,"C65",4,"27-May","3","i","2022","Trial1Starch-1_fulldigest"
"C65_4_3_o",27.1277775033121,29.0052857225415,1.87750821922941,888.767029236305,"C65",4,"27-May","3","o","2022","Trial1Starch-2_fulldigest"
"X10_30_1_o",NA,11.8819992579734,NA,718.324632104875,"X10_30",3,"26-May","1","o","2022","2021_starch_1-43"
"X10_30_1_o",NA,8.005533468905,NA,806.212737606078,"X10_30",3,"26-May","1","o","2022","2021_starch_1-43"
"X10_30_2_o",8.88672087961228,11.816273913036,2.92955303342374,697.877582563163,"X10_30",3,"26-May","2","o","2022","2021_starch_1-43"
"X10_30_3_i",NA,8.31395858483697,NA,803.506781324616,"X10_30",3,"26-May","3","i","2022","2021_starch_1-43"
"X10_30_3_o",NA,NA,2.91405281209393,731.816992770652,"X10_30",3,"26-May","3","o","2022","2021_starch_1-43"
"X10_39_1_i",9.84633029097891,8.87385652663932,-0.972473764339595,842.854880192972,"X10_39",4,"27-May","1","i","2022","2021_RNAselected_starch-1"
"X10_39_1_i",19.0840339373643,19.4525890865664,0.368555149202115,704.500642592446,"X10_39",4,"27-May","1","i","2022","Trial1Starch-2_fulldigest"
"X10_39_1_o",18.7089135579011,18.0940186151337,-0.614894942767381,819.835989159861,"X10_39",4,"27-May","1","o","2022","2021_RNAselected_starch-1"
"X10_39_2_i",NA,16.0516549078204,NA,1087.94166033624,"X10_39",4,"27-May","2","i","2022","2021_RNAselected_starch-2"
"X10_39_2_i",NA,23.2606381938428,NA,1157.85243790608,"X10_39",4,"27-May","2","i","2022","Trial1Starch-2_fulldigest"
"X10_39_2_o",NA,19.109566623349,NA,842.129543463217,"X10_39",4,"27-May","2","o","2022","2021_RNAselected_starch-2"
"X10_39_3_i",10.3403743780554,9.74668050902539,-0.59369386902998,938.677701009359,"X10_39",4,"27-May","3","i","2022","2021_RNAselected_starch-1"
"X10_39_3_o",19.3154526247864,18.592712070627,-0.72274055415941,651.424864308095,"X10_39",4,"27-May","3","o","2022","2021_RNAselected_starch-1"
"X10_50_1_i",NA,7.55388864855519,NA,1123.00792335408,"X10_50",NA,"","1","i","2022","Trial1Starch-3_fulldigest"
"X10_50_1_o",NA,NA,1.97023382010568,1025.38688015089,"X10_50",2,"25-May","1","o","2022","Trial1Starch-3_fulldigest"
"X10_50_2_i",5.41665729293999,6.15981421390982,0.743156920969832,686.398442509988,"X10_50",2,"25-May","2","i","2022","2021_starch_44-86"
"X10_50_2_o",NA,NA,6.25121418125216,890.615647139626,"X10_50",2,"25-May","2","o","2022","Trial1Starch-1_fulldigest"
"X10_50_3_o",NA,NA,1.42445237779202,818.608520539363,"X10_50",2,"25-May","3","o","2022","2021_starch_44-86"
"X10_52_1_i",16.7020025914109,17.8722672423574,1.1702646509465,1090.66770249328,"X10_52",1,"5/24/22","1","i","2022","Trial1Starch-2_fulldigest"
"X10_52_1_o",NA,NA,2.92665895845097,822.224888776986,"X10_52",1,"5/24/22","1","o","2022","Trial1Starch-1_fulldigest"
"X10_52_2_i",17.1901138429504,17.6841814523845,0.494067609434058,981.256005018983,"X10_52",1,"5/24/22","2","i","2022","Trial1Starch-3_fulldigest"
"X10_52_3_i",18.3985468088293,19.1696760697453,0.77112926091597,869.946823740761,"X10_52",1,"5/24/22","3","i","2022","Trial1Starch-3_fulldigest"
"X10_52_3_o",13.8377339925647,17.6849064739204,3.8471724813557,976.407048540555,"X10_52",1,"5/24/22","3","o","2022","Trial1Starch-3_fulldigest"
"X11_23_1_i",19.0304430878644,19.5464332825742,0.515990194709805,862.516765574902,"X11_23",3,"26-May","1","i","2022","Trial1Starch-2_fulldigest"
"X11_23_1_o",NA,NA,4.21216055736423,820.733317680817,"X11_23",3,"26-May","1","o","2022","2021_starch_1-43"
"X11_23_2_i",6.56489294207465,6.86689414156322,0.302001199488569,842.457209122161,"X11_23",3,"26-May","2","i","2022","2021_starch_44-86"
"X11_23_2_o",NA,NA,7.93463551624482,765.384112501315,"X11_23",3,"26-May","2","o","2022","2021_starch_87-101"
"X11_23_3_i",NA,6.06783837035402,NA,1114.45961114049,"X11_23",3,"26-May","3","i","2022","2021_starch_87-101"
"X11_43_1_i",NA,NA,0.996028996065396,882.102046298947,"X11_43",4,"27-May","1","i","2022","Trial1Starch-1_fulldigest"
"X11_43_1_o",NA,NA,NA,812.686313483517,"X11_43",4,"27-May","1","o","2022","Trial1Starch-1_fulldigest"
"X11_43_2_i",NA,NA,0.850055380633493,897.818886700179,"X11_43",4,"27-May","2","i","2022","Trial1Starch-1_fulldigest"
"X11_43_2_o",NA,NA,1.54357757354966,827.866869877417,"X11_43",4,"27-May","2","o","2022","Trial1Starch-1_fulldigest"
"X11_43_3_i",NA,NA,NA,756.59227868097,"X11_43",4,"27-May","3","i","2022","Trial1Starch-1_fulldigest"
"X11_43_3_o",NA,NA,2.04546336176505,752.121752541485,"X11_43",4,"27-May","3","o","2022","Trial1Starch-1_fulldigest"
"X11_57_1_i",NA,7.48718570102711,NA,872.341479062169,"X11_57",1,"5/24/22","1","i","2022","2021_RNAselected_starch-2"
"X11_57_1_o",NA,NA,2.42258088350651,882.879572749544,"X11_57",1,"5/24/22","1","o","2022","2021_RNAselected_starch-2"
"X11_57_2_i",9.72633354789532,9.35541778230392,-0.3709157655914,1211.32825004607,"X11_57",1,"5/24/22","2","i","2022","2021_RNAselected_starch-2"
"X11_57_2_o",23.2318362293259,25.6505635649757,2.4187273356498,1193.83419906345,"X11_57",1,"5/24/22","2","o","2022","2021_RNAselected_starch-2"
"X11_57_3_i",NA,9.44536981374165,NA,NA,"X11_57",1,"5/24/22","3","i","2022",NA
"X11_57_3_o",NA,20.9519536687576,NA,755.72482965163,"X11_57",1,"5/24/22","3","o","2022","2021_RNAselected_starch-2"
"X11_68_1_i",9.70635488885658,8.70772643129745,-0.998628457559129,1200.82069954796,"X11_68",2,"25-May","1","i","2022","2021_RNAselected_starch-lastset"
"X11_68_1_o",NA,NA,1.76950524614816,1000.72854538227,"X11_68",2,"25-May","1","o","2022","2021_RNAselected_starch-2"
"X11_68_2_i",11.3300942438326,12.435904999811,1.10581075597838,949.0543303192,"X11_68",2,"25-May","2","i","2022","2021_RNAselected_starch-lastset"
"X11_68_2_o",19.7763105502671,21.3836742758784,1.60736372561135,535.703696715404,"X11_68",2,"25-May","2","o","2022","2021_RNAselected_starch-lastset"
"X11_68_3_i",8.94159428819126,8.46697524178335,-0.474619046407921,1288.54482387701,"X11_68",2,"25-May","3","i","2022","2021_RNAselected_starch-lastset"
"X11_68_3_o",20.7495543212201,22.4587184386082,1.70916411738814,333.235371670384,"X11_68",2,"25-May","3","o","2022","2021_RNAselected_starch-lastset"
"X12_29_1_i",NA,5.86766715315246,NA,746.836573364443,"X12_29",4,"27-May","1","i","2022","2021_starch_1-43"
"X12_29_1_o",7.71384695203233,10.9097228959153,3.19587594388301,630.938036657766,"X12_29",4,"27-May","1","o","2022","2021_starch_1-43"
"X12_29_2_i",1.47284346320528,2.57907382068263,1.10623035747735,802.633106629778,"X12_29",4,"27-May","2","i","2022","2021_starch_1-43"
"X12_29_2_o",NA,NA,2.20276285028135,893.087824596423,"X12_29",4,"27-May","2","o","2022","Trial1Starch-1_fulldigest"
"X12_29_3_i",1.12878910018211,3.21659522646991,2.0878061262878,798.699753118861,"X12_29",4,"27-May","3","i","2022","2021_starch_1-43"
"X12_29_3_o",NA,12.6080814476376,NA,751.682234037184,"X12_29",4,"27-May","3","o","2022","2021_starch_1-43"
"X12_41_1_i",3.62350716380121,3.64958248454301,0.0260753207418031,856.309028430756,"X12_41",3,"26-May","1","i","2022","2021_starch_87-101"
"X12_41_1_o",NA,NA,3.85315662007064,805.736291486532,"X12_41",3,"26-May","1","o","2022","2021_starch_87-101"
"X12_41_2_i",5.83295785976447,6.38312384870174,0.550165988937271,966.88980607075,"X12_41",3,"26-May","2","i","2022","2021_starch_44-86"
"X12_41_2_o",NA,24.7690261577609,NA,840.630761533971,"X12_41",3,"26-May","2","o","2022","2021_starch_87-101"
"X12_41_3_i",4.28598880603062,8.40951666886623,4.1235278628356,672.777133305577,"X12_41",3,"26-May","3","i","2022","2021_starch_87-101"
"X12_41_3_o",-7.50125274413235,14.3302148079055,21.8314675520379,794.370278055374,"X12_41",3,"26-May","3","o","2022","2021_starch_87-101"
"X12_59_1_i",NA,NA,2.60452879848036,889.5013091585,"X12_59",4,"27-May","1","i","2022","Trial1Starch-1_fulldigest"
"X12_59_1_o",NA,NA,NA,688.833673163784,"X12_59",4,"27-May","1","o","2022","Trial1Starch-1_fulldigest"
"X12_59_2_i",NA,NA,1.54101579365672,948.751634350786,"X12_59",4,"27-May","2","i","2022","Trial1Starch-1_fulldigest"
"X12_59_2_o",NA,NA,11.5180202220925,815.120941543996,"X12_59",4,"27-May","2","o","2022","Trial1Starch-1_fulldigest"
"X12_59_3_i",NA,NA,-0.0608199796615794,862.455995797407,"X12_59",4,"27-May","3","i","2022","Trial1Starch-1_fulldigest"
"X12_59_3_o",NA,NA,17.8045075195166,805.601345975671,"X12_59",4,"27-May","3","o","2022","Trial1Starch-1_fulldigest"
"X12_63_1_i",12.3700337116516,13.8625857032546,1.49255199160299,558.701852817027,"X12_63",2,"25-May","1","i","2022","Trial1Starch-3_fulldigest"
"X12_63_1_o",NA,NA,7.0376434113857,667.192576927703,"X12_63",2,"25-May","1","o","2022","2021_starch_44-86"
"X12_63_2_o",11.2769263458249,21.6743375042359,10.397411158411,951.722987529823,"X12_63",2,"25-May","2","o","2022","Trial1Starch-2_fulldigest"
"X12_63_3_i",14.3974583410064,17.2476298775795,2.85017153657306,982.500472477446,"X12_63",2,"25-May","3","i","2022","Trial1Starch-2_fulldigest"
"X12_63_3_o",15.7462643767608,23.0061914881036,7.25992711134279,826.891474910807,"X12_63",2,"25-May","3","o","2022","Trial1Starch-2_fulldigest"
"X1_34_1_i",NA,6.94623237249548,NA,1038.59427578426,"X1_34",2,"25-May","1","i","2022","2021_starch_44-86"
"X1_34_1_o",10.9179061634455,11.7557147882183,0.837808624772853,711.497129998842,"X1_34",2,"25-May","1","o","2022","2021_starch_44-86"
"X1_34_2_i",NA,4.96927813734636,NA,777.907612517601,"X1_34",2,"25-May","2","i","2022","2021_starch_1-43"
"X1_34_2_o",NA,9.73150510818905,NA,956.643122077899,"X1_34",2,"25-May","2","o","2022","2021_starch_44-86"
"X1_34_3_i",6.94200065562525,8.17896603052503,1.23696537489978,541.466024923407,"X1_34",2,"25-May","3","i","2022","2021_starch_44-86"
"X1_34_3_o",11.9475152296028,14.4483368850258,2.50082165542304,694.108350646528,"X1_34",2,"25-May","3","o","2022","2021_starch_44-86"
"X1_54_1_o",16.0102241945802,17.0774707117551,1.06724651717486,931.906732543378,"X1_54",1,"5/24/22","1","o","2022","2021_RNAselected_starch-1"
"X1_54_2_i",10.8227684591116,10.4258697623071,-0.396898696804493,1003.23603948376,"X1_54",1,"5/24/22","2","i","2022","2021_RNAselected_starch-2"
"X1_54_2_o",17.8395313980436,19.0307819105681,1.19125051252457,900.320622271003,"X1_54",1,"5/24/22","2","o","2022","2021_RNAselected_starch-2"
"X1_54_3_i",7.31297394352365,6.79231698367731,-0.520656959846347,943.108782794614,"X1_54",1,"5/24/22","3","i","2022","2021_RNAselected_starch-1"
"X1_54_3_o",20.2627648754526,21.0818339423116,0.819069066859056,997.948759855281,"X1_54",1,"5/24/22","3","o","2022","2021_RNAselected_starch-2"
"X2_24_1_i",27.398219079639,26.50061520131,-0.897603878328981,717.682379796759,"X2_24",4,"27-May","1","i","2022","2021_RNAselected_starch-1"
"X2_24_1_o",NA,NA,NA,501.573430522901,"X2_24",4,"27-May","1","o","2022","2021_RNAselected_starch-1"
"X2_24_2_i",NA,23.8784311603634,NA,759.669035783291,"X2_24",4,"27-May","2","i","2022","2021_RNAselected_starch-1"
"X2_24_2_o",NA,17.053755943459,NA,687.846997367945,"X2_24",4,"27-May","2","o","2022","2021_RNAselected_starch-1"
"X2_24_3_i",21.7839949435662,21.4400561344534,-0.343938809112841,688.258260225174,"X2_24",4,"27-May","3","i","2022","2021_RNAselected_starch-1"
"X2_24_3_o",NA,17.2011503329661,NA,810.616642500994,"X2_24",4,"27-May","3","o","2022","2021_RNAselected_starch-2"
"X2_45_1_i",9.05116636598443,7.54335379197607,-1.50781257400836,623.421571771523,"X2_45",1,"5/24/22","1","i","2022","78-120 rna_green_plates"
"X2_45_1_i",9.05116636598443,7.54335379197607,-1.50781257400836,682.985068063424,"X2_45",1,"5/24/22","1","i","2022","78-120_rna_green_plates"
"X2_45_1_o",19.2247442520375,21.6577704059833,2.4330261539458,792.449975888337,"X2_45",1,"5/24/22","1","o","2022","78-120 rna_green_plates"
"X2_45_1_o",19.2247442520375,21.6577704059833,2.4330261539458,806.926582972725,"X2_45",1,"5/24/22","1","o","2022","78-120_rna_green_plates"
"X2_45_2_i",11.3079579538129,12.17530000707,0.867342053257032,954.732266325083,"X2_45",1,"5/24/22","2","i","2022","78-120 rna_green_plates"
"X2_45_2_o",NA,25.1253024294773,NA,864.544612140059,"X2_45",1,"5/24/22","2","o","2022","78-120 rna_green_plates"
"X2_45_2_o",NA,25.1253024294773,NA,750.045531291581,"X2_45",1,"5/24/22","2","o","2022","78-120_rna_green_plates"
"X2_45_3_i",7.92944911505254,7.81414480827675,-0.115304306775784,924.041914714805,"X2_45",1,"5/24/22","3","i","2022","78-120 rna_green_plates"
"X2_45_3_i",7.92944911505254,7.81414480827675,-0.115304306775784,844.617983607433,"X2_45",1,"5/24/22","3","i","2022","78-120_rna_green_plates"
"X2_45_3_o",23.2656079903715,28.1103062709686,4.84469828059711,787.701253649666,"X2_45",1,"5/24/22","3","o","2022","78-120 rna_green_plates"
"X2_45_3_o",23.2656079903715,28.1103062709686,4.84469828059711,699.968425862667,"X2_45",1,"5/24/22","3","o","2022","78-120_rna_green_plates"
"X2_58_1_i",8.27993790277947,9.29617646911121,1.01623856633174,540.685864999507,"X2_58",3,"26-May","1","i","2022","2021_starch_87-101"
"X2_58_2_i",NA,8.50426492438974,NA,906.597576534231,"X2_58",3,"26-May","2","i","2022","2021_starch_44-86"
"X2_58_2_o",8.61519917185038,11.855889435536,3.24069026368558,587.122235053369,"X2_58",3,"26-May","2","o","2022","2021_starch_1-43"
"X2_58_3_o",2.28484793228412,13.5500175295548,11.2651695972707,622.958672345267,"X2_58",3,"26-May","3","o","2022","2021_starch_1-43"
"X3_25_1_i",NA,20.6834024489501,NA,1159.09286352676,"X3_25",1,"5/24/22","1","i","2022","Trial1Starch-3_fulldigest"
"X3_25_1_o",NA,NA,10.0109282705194,965.936078908999,"X3_25",1,"5/24/22","1","o","2022","Trial1Starch-2_fulldigest"
"X3_25_2_i",NA,27.2791513629514,NA,851.316144103436,"X3_25",1,"5/24/22","2","i","2022","Trial1Starch-2_fulldigest"
"X3_25_2_o",0.989858678359442,3.05754059302595,2.06768191466651,NA,"X3_25",1,"5/24/22","2","o","2022",NA
"X3_25_3_i",16.7847768148447,18.2200657388204,1.43528892397569,1096.45053457455,"X3_25",1,"5/24/22","3","i","2022","Trial1Starch-3_fulldigest"
"X3_25_3_o",14.8180769495276,18.0427515535887,3.22467460406114,855.521598939687,"X3_25",1,"5/24/22","3","o","2022","Trial1Starch-3_fulldigest"
"X3_28_1_i",NA,1.79716649555867,NA,780.40262651861,"X3_28",4,"27-May","1","i","2022","2021_starch_1-43"
"X3_28_1_o",NA,10.2366060524555,NA,655.086915366679,"X3_28",4,"27-May","1","o","2022","2021_starch_1-43"
"X3_28_2_i",NA,11.1920291042264,NA,1143.75151956201,"X3_28",4,"27-May","2","i","2022","Trial1Starch-2_fulldigest"
"X3_28_2_o",7.67552246936597,9.97804823652467,2.3025257671587,685.538268382404,"X3_28",4,"27-May","2","o","2022","2021_starch_1-43"
"X3_28_3_i",NA,2.96857835926195,NA,687.810386744634,"X3_28",4,"27-May","3","i","2022","2021_starch_1-43"
"X3_28_3_o",NA,8.46741065317809,NA,725.689827117707,"X3_28",4,"27-May","3","o","2022","2021_starch_1-43"
"X3_44_1_i",28.4109682781753,30.0779140266459,1.66694574847064,1053.97395392351,"X3_44",3,"26-May","1","i","2022","Trial1Starch-2_fulldigest"
"X3_44_1_o",7.33866488905285,11.6685913010722,4.32992641201933,716.946349116931,"X3_44",3,"26-May","1","o","2022","2021_starch_1-43"
"X3_44_2_o",NA,8.1043300098156,NA,787.962662865593,"X3_44",3,"26-May","2","o","2022","2021_starch_1-43"
"X3_44_3_o",12.0669174419446,20.0643538816127,7.9974364396681,980.011287955998,"X3_44",3,"26-May","3","o","2022","Trial1Starch-3_fulldigest"
"X3_60_1_i",NA,NA,18.6866762228619,NA,"X3_60",2,"25-May","1","i","2022",NA
"X3_60_2_i",NA,NA,1.34059192032733,803.77904213678,"X3_60",2,"25-May","2","i","2022","Trial1Starch-1_fulldigest"
"X3_60_2_o",NA,NA,5.28704137074072,856.498262301437,"X3_60",2,"25-May","2","o","2022","Trial1Starch-1_fulldigest"
"X3_60_3_i",NA,NA,1.47811694449744,933.860103591019,"X3_60",2,"25-May","3","i","2022","Trial1Starch-1_fulldigest"
"X3_60_3_o",NA,NA,24.4455031348951,817.031453382661,"X3_60",2,"25-May","3","o","2022","Trial1Starch-1_fulldigest"
"X3_61_1_i",NA,NA,1.3731279095119,855.680526448565,"X3_61",1,"5/24/22","1","i","2022","Trial1Starch-1_fulldigest"
"X3_61_1_o",NA,NA,10.8691551617932,965.911482673841,"X3_61",1,"5/24/22","1","o","2022","Trial1Starch-3_fulldigest"
"X3_61_2_i",23.9433965186668,24.2991964036592,0.355799884992416,1029.55121542507,"X3_61",1,"5/24/22","2","i","2022","Trial1Starch-2_fulldigest"
"X3_61_2_o",14.0477277469263,33.6078907445458,19.5601629976195,604.293747367379,"X3_61",1,"5/24/22","2","o","2022","Trial1Starch-3_fulldigest"
"X3_61_3_i",16.3029505264916,16.9271433781619,0.624192851670293,889.559481346764,"X3_61",1,"5/24/22","3","i","2022","Trial1Starch-2_fulldigest"
"X3_61_3_o",NA,NA,2.02315321795248,986.183010059967,"X3_61",1,"5/24/22","3","o","2022","Trial1Starch-3_fulldigest"
"X4_24_1_i",30.3318251730555,27.6098029928107,-2.7220221802448,NA,"X4_24",4,"27-May","1","i","2022",NA
"X4_24_1_o",31.7862888643844,34.841057395593,3.05476853120853,1024.72951732494,"X4_24",4,"27-May","1","o","2022","2021_RNAselected_starch-lastset"
"X4_24_2_i",13.6333458043494,11.2651978202773,-2.36814798407211,604.438595360167,"X4_24",4,"27-May","2","i","2022","121-163_rna_green_plates"
"X4_24_2_o",25.1942875251605,27.4942325709407,2.29994504578023,656.766951585287,"X4_24",4,"27-May","2","o","2022","2021_RNAselected_starch-lastset"
"X4_24_3_i",NA,21.1112141771567,NA,971.148527484283,"X4_24",4,"27-May","3","i","2022","121-163_rna_green_plates"
"X4_24_3_o",NA,20.7361382680094,NA,898.438286479557,"X4_24",4,"27-May","3","o","2022","78-120 rna_green_plates"
"X4_24_3_o",NA,20.7361382680094,NA,885.492938823435,"X4_24",4,"27-May","3","o","2022","78-120_rna_green_plates"
"X4_32_1_i",14.8911173089131,17.4507645153944,2.55964720648128,851.202896999857,"X4_32",3,"26-May","1","i","2022","2021_RNAselected_starch-2"
"X4_32_1_o",NA,NA,NA,703.050127884505,"X4_32",3,"26-May","1","o","2022","121-163_rna_green_plates"
"X4_32_2_i",11.2069980354761,12.1132124375212,0.906214402045088,914.816857256841,"X4_32",3,"26-May","2","i","2022","2021_RNAselected_starch-2"
"X4_32_2_o",NA,69.9025082127075,NA,715.495881536079,"X4_32",3,"26-May","2","o","2022","121-163_rna_green_plates"
"X4_32_3_i",12.5741127250747,14.7146520918233,2.14053936674867,619.040263358155,"X4_32",3,"26-May","3","i","2022","2021_RNAselected_starch-2"
"X4_32_3_o",7.82765850505348,27.4148999077101,19.5872414026567,624.334649291972,"X4_32",3,"26-May","3","o","2022","2021_RNAselected_starch-2"
"X4_33_1_i",NA,4.30935837065332,NA,851.039828251962,"X4_33",2,"25-May","1","i","2022","2021_starch_44-86"
"X4_33_1_o",NA,NA,5.51621584762871,988.582890521267,"X4_33",2,"25-May","1","o","2022","Trial1Starch-1_fulldigest"
"X4_33_2_i",NA,NA,13.8829828641859,888.388943065731,"X4_33",2,"25-May","2","i","2022","Trial1Starch-1_fulldigest"
"X4_33_2_o",NA,19.247645461849,NA,909.859497530839,"X4_33",2,"25-May","2","o","2022","Trial1Starch-3_fulldigest"
"X4_33_3_i",NA,NA,NA,880.491576046893,"X4_33",2,"25-May","3","i","2022","Trial1Starch-1_fulldigest"
"X4_33_3_o",NA,NA,4.80594164616626,NA,"X4_33",2,"25-May","3","o","2022",NA
"X4_46_1_i",NA,16.4583322989125,NA,818.471350996401,"X4_46",3,"26-May","1","i","2022","2021_RNAselected_starch-2"
"X4_46_1_o",22.6434274547207,23.8459929927985,1.20256553807784,808.128034819933,"X4_46",3,"26-May","1","o","2022","2021_RNAselected_starch-1"
"X4_46_2_i",NA,NA,0.624920028191179,1111.56489319896,"X4_46",3,"26-May","2","i","2022","Trial1Starch-3_fulldigest"
"X4_46_2_o",13.2899291950553,17.5284109615801,4.23848176652478,953.013053610546,"X4_46",3,"26-May","2","o","2022","Trial1Starch-3_fulldigest"
"X4_46_3_i",10.2722528466731,9.82567931054861,-0.446573536124504,784.806816730004,"X4_46",3,"26-May","3","i","2022","2021_RNAselected_starch-1"
"X4_46_3_o",16.5470902443225,19.9853115974107,3.4382213530882,804.981082625735,"X4_46",3,"26-May","3","o","2022","2021_RNAselected_starch-1"
"X4_67_1_i",NA,9.9436182690508,NA,932.859987522197,"X4_67",NA,"","1","i","2022","2021_RNAselected_starch-2"
"X4_67_1_i",NA,9.9436182690508,NA,932.859987522197,"X4_67",NA,"","1","i","2022","2021_RNAselected_starch-2"
"X4_67_1_i",14.6680712650609,14.081373488744,-0.586697776316855,1262.76284992643,"X4_67",NA,"","1","i","2022","2021_RNAselected_starch-lastset"
"X4_67_1_i",14.6680712650609,14.081373488744,-0.586697776316855,1262.76284992643,"X4_67",NA,"","1","i","2022","2021_RNAselected_starch-lastset"
"X4_67_1_o",20.8015860781519,22.4439834580553,1.64239737990346,755.649162733562,"X4_67",1,"5/24/22","1","o","2022","2021_RNAselected_starch-1"
"X4_67_2_i",17.3388170863965,16.9974807081257,-0.341336378270823,580.629032356301,"X4_67",1,"5/24/22","2","i","2022","2021_RNAselected_starch-lastset"
"X4_67_2_o",28.0431116958045,30.3457966600744,2.30268496426991,654.118676133844,"X4_67",1,"5/24/22","2","o","2022","2021_RNAselected_starch-lastset"
"X4_67_3_i",13.543946910817,13.1615117552009,-0.382435155616016,645.511780916654,"X4_67",1,"5/24/22","3","i","2022","2021_RNAselected_starch-lastset"
"X4_67_3_o",17.7668192498612,20.9621956603285,3.19537641046732,739.276688340177,"X4_67",1,"5/24/22","3","o","2022","2021_RNAselected_starch-1"
"X5_31_1_i",10.8620286886489,10.3068915070517,-0.555137181597215,786.787147368465,"X5_31",1,"5/24/22","1","i","2022","2021_RNAselected_starch-1"
"X5_31_1_o",19.8758132093206,21.7552088425182,1.87939563319755,657.800238255346,"X5_31",1,"5/24/22","1","o","2022","2021_RNAselected_starch-1"
"X5_31_2_i",8.5280406243117,7.73821927700551,-0.789821347306196,804.350291474952,"X5_31",1,"5/24/22","2","i","2022","2021_RNAselected_starch-1"
"X5_31_2_o",17.2980866787093,20.5162057934209,3.21811911471158,654.737112281557,"X5_31",1,"5/24/22","2","o","2022","2021_RNAselected_starch-1"
"X5_31_3_i",NA,9.93144106509456,NA,717.582573737125,"X5_31",1,"5/24/22","3","i","2022","2021_RNAselected_starch-1"
"X5_31_3_o",15.6641071016504,18.885797315383,3.22169021373261,697.899538068274,"X5_31",1,"5/24/22","3","o","2022","2021_RNAselected_starch-1"
"X5_36_1_i",13.3235208995775,14.0240052637231,0.700484364145539,745.87625193693,"X5_36",4,"27-May","1","i","2022","2021_RNAselected_starch-1"
"X5_36_1_o",25.5229943832066,31.7323450724149,6.20935068920835,893.788235121501,"X5_36",4,"27-May","1","o","2022","2021_RNAselected_starch-lastset"
"X5_36_2_i",16.9354978335369,16.3437503948225,-0.59174743871437,981.006349352914,"X5_36",4,"27-May","2","i","2022","2021_RNAselected_starch-lastset"
"X5_36_2_o",22.5761966732923,29.2167540904826,6.64055741719029,870.722152505013,"X5_36",4,"27-May","2","o","2022","2021_RNAselected_starch-lastset"
"X5_36_3_i",NA,32.5553575771705,NA,1251.9668592971,"X5_36",4,"27-May","3","i","2022","2021_RNAselected_starch-lastset"
"X5_36_3_o",22.7939925734813,26.007440216236,3.2134476427547,776.293398415986,"X5_36",4,"27-May","3","o","2022","121-163_rna_green_plates"
"X5_47_1_i",17.5574149238835,22.226441647935,4.66902672405156,753.64392020178,"X5_47",2,"25-May","1","i","2022","Trial1Starch-2_fulldigest"
"X5_47_1_o",17.2189244974571,31.2242053715598,14.0052808741027,874.270660864556,"X5_47",2,"25-May","1","o","2022","Trial1Starch-2_fulldigest"
"X5_47_2_i",20.2889665283038,23.3110656606446,3.02209913234086,1086.64955955633,"X5_47",2,"25-May","2","i","2022","Trial1Starch-3_fulldigest"
"X5_47_2_o",NA,18.9976528567381,NA,744.329334160109,"X5_47",2,"25-May","2","o","2022","2021_starch_44-86"
"X5_47_3_i",NA,NA,NA,826.29050121139,"X5_47",2,"25-May","3","i","2022","2021_starch_44-86"
"X5_47_3_o",21.1202016092263,27.4330377078178,6.31283609859149,815.475644316454,"X5_47",2,"25-May","3","o","2022","Trial1Starch-2_fulldigest"
"X5_66_1_i",10.564078927891,7.14053330227441,-3.4235456256166,943.879929503393,"X5_66",3,"26-May","1","i","2022","121-163_rna_green_plates"
"X5_66_1_o",NA,31.1126564803399,NA,720.834004158038,"X5_66",3,"26-May","1","o","2022","121-163_rna_green_plates"
"X5_66_2_i",9.58902129889862,6.7300946605503,-2.85892663834832,1025.21143500612,"X5_66",3,"26-May","2","i","2022","121-163_rna_green_plates"
"X5_66_2_o",NA,36.1694064694496,NA,708.030073645079,"X5_66",3,"26-May","2","o","2022","121-163_rna_green_plates"
"X5_66_3_i",12.8106720085534,9.56884338648191,-3.24182862207148,917.076193587764,"X5_66",3,"26-May","3","i","2022","121-163_rna_green_plates"
"X5_66_3_o",NA,NA,1.97328204511153,826.974820592912,"X5_66",3,"26-May","3","o","2022","121-163_rna_green_plates"
"X6_26_1_i",NA,NA,1.71991717524539,837.623395004444,"X6_26",1,"5/24/22","1","i","2022","Trial1Starch-2_fulldigest"
"X6_26_1_o",30.4899737317585,33.294810223329,2.80483649157056,887.292812411996,"X6_26",1,"5/24/22","1","o","2022","Trial1Starch-2_fulldigest"
"X6_26_2_i",NA,NA,2.51119555939775,802.942492311408,"X6_26",1,"5/24/22","2","i","2022","Trial1Starch-1_fulldigest"
"X6_26_2_o",24.4086707057137,28.4558949406264,4.04722423491277,814.85897042401,"X6_26",1,"5/24/22","2","o","2022","Trial1Starch-2_fulldigest"
"X6_26_3_i",NA,NA,1.21713223330717,1075.73621283342,"X6_26",1,"5/24/22","3","i","2022","Trial1Starch-3_fulldigest"
"X6_26_3_o",NA,NA,5.32316236099633,966.322563722926,"X6_26",1,"5/24/22","3","o","2022","Trial1Starch-2_fulldigest"
"X6_38_1_i",19.0808740607881,21.0390386777138,1.95816461692571,920.083341508484,"X6_38",3,"26-May","1","i","2022","Trial1Starch-3_fulldigest"
"X6_38_1_o",NA,NA,4.60716041310843,750.845864294459,"X6_38",3,"26-May","1","o","2022","2021_starch_44-86"
"X6_38_2_o",11.0065691945189,18.34093072526,7.33436153074108,1033.17530153887,"X6_38",NA,"","2","o","2022","Trial1Starch-3_fulldigest"
"X6_38_3_i",26.8933598479468,28.3586680555654,1.46530820761859,898.249113530884,"X6_38",3,"26-May","3","i","2022","Trial1Starch-2_fulldigest"
"X6_38_3_o",14.0037291853502,18.9703777493527,4.96664856400245,1057.95772176173,"X6_38",3,"26-May","3","o","2022","Trial1Starch-3_fulldigest"
"X6_53_1_i",NA,NA,1.79929345670069,880.371170215539,"X6_53",2,"25-May","1","i","2022","Trial1Starch-1_fulldigest"
"X6_53_1_o",16.694872811414,18.6906946607089,1.99582184929481,739.966365566986,"X6_53",2,"25-May","1","o","2022","Trial1Starch-2_fulldigest"
"X6_53_2_i",NA,7.12705086725039,NA,907.896063388386,"X6_53",2,"25-May","2","i","2022","Trial1Starch-3_fulldigest"
"X6_53_2_o",NA,13.4768537370557,NA,761.623669568306,"X6_53",2,"25-May","2","o","2022","2021_starch_44-86"
"X6_53_3_i",12.0013579922018,12.5938111535567,0.592453161354937,854.388220221605,"X6_53",2,"25-May","3","i","2022","Trial1Starch-2_fulldigest"
"X6_53_3_o",12.9503085838506,16.4026677184821,3.45235913463144,1005.42503062201,"X6_53",2,"25-May","3","o","2022","Trial1Starch-3_fulldigest"
"X6_65_1_i",NA,NA,4.36435218377561,878.624476988613,"X6_65",4,"27-May","1","i","2022","Trial1Starch-1_fulldigest"
"X6_65_1_o",NA,NA,8.12907537960855,1066.26412161,"X6_65",4,"27-May","1","o","2022","Trial1Starch-1_fulldigest"
"X6_65_2_o",NA,NA,14.801865919956,771.017824212245,"X6_65",4,"27-May","2","o","2022","Trial1Starch-1_fulldigest"
"X6_65_3_o",5.51969048381675,9.14944045600332,3.62974997218657,651.852177026858,"X6_65",4,"27-May","3","o","2022","2021_starch_1-43"
"X7_22_1_i",NA,NA,0.766968048366271,892.394553122482,"X7_22",4,"27-May","1","i","2022","Trial1Starch-1_fulldigest"
"X7_22_1_o",NA,NA,0.567290589459925,883.432363795484,"X7_22",4,"27-May","1","o","2022","Trial1Starch-1_fulldigest"
"X7_22_2_i",NA,NA,NA,883.32048715418,"X7_22",4,"27-May","2","i","2022","Trial1Starch-1_fulldigest"
"X7_22_2_o",NA,NA,4.38218583693231,827.317791792372,"X7_22",4,"27-May","2","o","2022","Trial1Starch-1_fulldigest"
"X7_22_3_i",NA,NA,NA,999.85521016629,"X7_22",4,"27-May","3","i","2022","Trial1Starch-1_fulldigest"
"X7_22_3_o",NA,NA,2.29729190238422,788.883954743329,"X7_22",4,"27-May","3","o","2022","Trial1Starch-1_fulldigest"
"X7_48_1_i",NA,5.67779411637864,NA,634.143923398,"X7_48",2,"25-May","1","i","2022","2021_starch_44-86"
"X7_48_1_o",NA,10.3282397760684,NA,747.551948837234,"X7_48",2,"25-May","1","o","2022","2021_starch_1-43"
"X7_48_2_i",NA,4.30151891620613,NA,831.58180466529,"X7_48",2,"25-May","2","i","2022","2021_starch_44-86"
"X7_48_2_o",NA,NA,NA,731.81780049694,"X7_48",2,"25-May","2","o","2022","2021_starch_1-43"
"X7_48_3_i",NA,4.92069903192226,NA,851.559520657887,"X7_48",2,"25-May","3","i","2022","2021_starch_44-86"
"X7_48_3_o",NA,NA,NA,909.964629754094,"X7_48",2,"25-May","3","o","2022","2021_starch_44-86"
"X8_33_1_i",16.870079558155,17.6759526419986,0.805873083843682,790.835731572195,"X8_33",1,"5/24/22","1","i","2022","Trial1Starch-2_fulldigest"
"X8_33_1_o",1.19591895884889,23.7340094786801,22.5380905198313,1030.23513980291,"X8_33",1,"5/24/22","1","o","2022","Trial1Starch-2_fulldigest"
"X8_33_2_i",NA,NA,0.575527524868628,1064.65812341267,"X8_33",1,"5/24/22","2","i","2022","Trial1Starch-2_fulldigest"
"X8_33_2_o",14.7352203275781,23.6758232390916,8.94060291151352,633.36808329038,"X8_33",1,"5/24/22","2","o","2022","Trial1Starch-2_fulldigest"
"X8_33_3_i",18.0712494911821,18.8406917316137,0.76944224043165,1181.74030742098,"X8_33",1,"5/24/22","3","i","2022","Trial1Starch-2_fulldigest"
"X8_33_3_o",NA,22.6614223417638,NA,915.995092900297,"X8_33",1,"5/24/22","3","o","2022","Trial1Starch-2_fulldigest"
"X8_37_1_i",NA,5.74061356334831,NA,837.846137425037,"X8_37",4,"27-May","1","i","2022","78-120 rna_green_plates"
"X8_37_1_i",NA,5.74061356334831,NA,860.16824538611,"X8_37",4,"27-May","1","i","2022","78-120_rna_green_plates"
"X8_37_1_o",NA,13.4492423857827,NA,955.051912891258,"X8_37",4,"27-May","1","o","2022","78-120 rna_green_plates"
"X8_37_1_o",NA,13.4492423857827,NA,905.058412610478,"X8_37",4,"27-May","1","o","2022","78-120_rna_green_plates"
"X8_37_2_i",NA,11.612635946658,NA,1092.72909387536,"X8_37",4,"27-May","2","i","2022","78-120 rna_green_plates"
"X8_37_2_i",NA,11.612635946658,NA,964.083521104531,"X8_37",4,"27-May","2","i","2022","78-120_rna_green_plates"
"X8_37_2_o",18.2568020138003,16.4885609194119,-1.76824109438837,884.731742060779,"X8_37",4,"27-May","2","o","2022","121-163_rna_green_plates"
"X8_37_3_i",NA,NA,NA,1046.01481094565,"X8_37",4,"27-May","3","i","2022","78-120 rna_green_plates"
"X8_37_3_i",NA,NA,NA,965.199134048552,"X8_37",4,"27-May","3","i","2022","78-120_rna_green_plates"
"X8_37_3_o",NA,NA,NA,984.96167618396,"X8_37",4,"27-May","3","o","2022","78-120 rna_green_plates"
"X8_37_3_o",NA,NA,NA,917.868664726516,"X8_37",4,"27-May","3","o","2022","78-120_rna_green_plates"
"X8_41.5_1_o",29.0903715484925,31.4052933489778,2.3149218004853,1086.73109007775,"X8_41.5",3,"26-May","1","o","2022","2021_RNAselected_starch-lastset"
"X8_41.5_2_i",21.7704141319366,21.6412291977928,-0.129184934143847,985.926414632983,"X8_41.5",3,"26-May","2","i","2022","2021_RNAselected_starch-lastset"
"X8_41.5_2_o",NA,22.8421534368324,NA,895.432131495889,"X8_41.5",3,"26-May","2","o","2022","2021_RNAselected_starch-2"
"X8_41.5_3_i",NA,14.5697623671405,NA,1074.46850578538,"X8_41.5",3,"26-May","3","i","2022","2021_RNAselected_starch-lastset"
"X8_41.5_3_o",19.3824373957927,20.4115518239162,1.02911442812345,984.485098387041,"X8_41.5",3,"26-May","3","o","2022","2021_RNAselected_starch-2"
"X8_64_1_i",10.5570902067342,11.9577691180255,1.40067891129132,1283.32481077437,"X8_64",2,"25-May","1","i","2022","Trial1Starch-3_fulldigest"
"X8_64_2_i",NA,13.374424871472,NA,1294.23097412879,"X8_64",2,"25-May","2","i","2022","Trial1Starch-3_fulldigest"
"X8_64_2_o",NA,NA,10.2967587722648,1052.97429843545,"X8_64",2,"25-May","2","o","2022","Trial1Starch-3_fulldigest"
"X8_64_3_i",4.97303709946021,6.67386467734012,1.70082757787991,NA,"X8_64",2,"25-May","3","i","2022",NA
"X8_64_3_o",4.36679120817911,9.78727583972722,5.42048463154811,795.374029167778,"X8_64",2,"25-May","3","o","2022","2021_starch_44-86"
"X9_21_1_i",NA,NA,0.846596153232831,1055.31198326468,"X9_21",1,"5/24/22","1","i","2022","Trial1Starch-3_fulldigest"
"X9_21_1_o",12.9982402478868,15.4972015686995,2.49896132081269,745.306893880479,"X9_21",1,"5/24/22","1","o","2022","Trial1Starch-3_fulldigest"
"X9_21_2_i",22.0822071322855,22.5824375514456,0.500230419160062,740.247879135346,"X9_21",NA,"","2","i","2022","Trial1Starch-2_fulldigest"
"X9_21_2_o",7.34878744971562,16.8822683784989,9.5334809287833,891.880245754149,"X9_21",1,"5/24/22","2","o","2022","Trial1Starch-3_fulldigest"
"X9_21_3_i",6.5395223954514,7.06464593821882,0.525123542767418,1000.64208749769,"X9_21",1,"5/24/22","3","i","2022","Trial1Starch-3_fulldigest"
"X9_21_3_o",NA,14.4712505180232,NA,867.988376886376,"X9_21",1,"5/24/22","3","o","2022","Trial1Starch-3_fulldigest"
"X9_27_1_i",NA,13.2099201319484,NA,954.001455117493,"X9_27",1,"5/24/22","1","i","2022","2021_RNAselected_starch-2"
"X9_27_1_o",27.0986135775576,31.0878053857488,3.98919180819124,1140.35099616266,"X9_27",1,"5/24/22","1","o","2022","2021_RNAselected_starch-lastset"
"X9_27_2_i",11.1335154453639,10.4604278023145,-0.673087643049405,929.095738796258,"X9_27",1,"5/24/22","2","i","2022","2021_RNAselected_starch-2"
"X9_27_2_o",15.9046592946,17.2048019946195,1.30014270001953,855.756138074802,"X9_27",1,"5/24/22","2","o","2022","2021_RNAselected_starch-2"
"X9_27_3_i",NA,11.4116153182639,NA,887.791834419378,"X9_27",1,"5/24/22","3","i","2022","2021_RNAselected_starch-2"
"X9_27_3_o",15.6641741998329,17.1431889616243,1.47901476179133,940.121181553867,"X9_27",1,"5/24/22","3","o","2022","2021_RNAselected_starch-2"
"X9_35_1_i",NA,3.70263640519298,NA,761.016374778106,"X9_35",3,"26-May","1","i","2022","78-120 rna_green_plates"
"X9_35_1_i",NA,3.70263640519298,NA,742.517953300829,"X9_35",3,"26-May","1","i","2022","78-120_rna_green_plates"
"X9_35_1_o",23.0239000490758,24.6500994564276,1.62619940735185,745.838919271303,"X9_35",3,"26-May","1","o","2022","78-120 rna_green_plates"
"X9_35_1_o",23.0239000490758,24.6500994564276,1.62619940735185,737.222989407735,"X9_35",3,"26-May","1","o","2022","78-120_rna_green_plates"
"X9_35_2_i",NA,3.88412072147837,NA,1036.41345035743,"X9_35",3,"26-May","2","i","2022","78-120 rna_green_plates"
"X9_35_2_o",26.4944630152656,28.3837734510407,1.88931043577512,888.55249729887,"X9_35",3,"26-May","2","o","2022","78-120 rna_green_plates"
"X9_35_2_o",26.4944630152656,28.3837734510407,1.88931043577512,748.247448671307,"X9_35",3,"26-May","2","o","2022","78-120_rna_green_plates"
"X9_35_3_i",3.39237802337012,4.6950832693222,1.30270524595208,1027.78609688761,"X9_35",3,"26-May","3","i","2022","78-120 rna_green_plates"
"X9_35_3_i",3.39237802337012,4.6950832693222,1.30270524595208,903.230489175544,"X9_35",3,"26-May","3","i","2022","78-120_rna_green_plates"
"X9_35_3_o",NA,24.6333671012973,NA,894.552467949754,"X9_35",3,"26-May","3","o","2022","Trial1Starch-3_fulldigest"
"X9_41_1_i",NA,7.0403570763799,NA,655.079645830085,"X9_41",3,"26-May","1","i","2022","2021_starch_1-43"
"X9_41_1_o",NA,12.7513724544898,NA,692.713465868954,"X9_41",3,"26-May","1","o","2022","2021_starch_1-43"
"X9_41_2_i",5.1548733159736,8.18966506940513,3.03479175343153,771.437626191294,"X9_41",3,"26-May","2","i","2022","2021_starch_1-43"
"X9_41_2_o",9.52768380819082,14.6936074215327,5.16592361334193,673.699036892063,"X9_41",3,"26-May","2","o","2022","2021_starch_1-43"
"X9_41_3_i",NA,8.72980438030575,NA,680.658559545368,"X9_41",3,"26-May","3","i","2022","2021_starch_1-43"
"X9_41_3_o",15.693794794012,19.5578026179847,3.86400782397279,996.933463983671,"X9_41",3,"26-May","3","o","2022","Trial1Starch-3_fulldigest"
"X9_51_1_i",NA,NA,1.38681922792482,992.72866494724,"X9_51",2,"25-May","1","i","2022","Trial1Starch-1_fulldigest"
"X9_51_1_o",NA,NA,8.96094904632974,1068.73779645736,"X9_51",2,"25-May","1","o","2022","Trial1Starch-1_fulldigest"
"X9_51_2_o",NA,NA,16.7222136004116,697.181253778117,"X9_51",2,"25-May","2","o","2022","Trial1Starch-1_fulldigest"
"X9_51_3_i",NA,NA,1.46748834292066,886.902956845938,"X9_51",2,"25-May","3","i","2022","Trial1Starch-1_fulldigest"
"X9_51_3_o",NA,NA,7.13032730214614,886.775482242382,"X9_51",2,"25-May","3","o","2022","Trial1Starch-1_fulldigest"
"X9_62_1_i",NA,1.58469244817198,NA,790.82638235515,"X9_62",4,"27-May","1","i","2022","2021_starch_1-43"
"X9_62_1_o",21.8108096241901,23.178710379328,1.36790075513786,927.468022118512,"X9_62",4,"27-May","1","o","2022","Trial1Starch-2_fulldigest"
"X9_62_2_i",-0.762799683263428,1.5513230685094,2.31412275177283,769.036575862066,"X9_62",4,"27-May","2","i","2022","2021_starch_1-43"
"X9_62_2_o",NA,15.69586192075,NA,809.564697262375,"X9_62",4,"27-May","2","o","2022","2021_starch_1-43"
"X9_62_3_i",0.806122456564865,2.33481391744343,1.52869146087856,775.3924117934,"X9_62",4,"27-May","3","i","2022","2021_starch_1-43"
"X9_62_3_o",NA,10.6079461019502,NA,504.815396430915,"X9_62",4,"27-May","3","o","2022","2021_starch_1-43"
NA,NA,NA,NA,NA,NA,NA,NA,NA,"","2022",NA
NA,NA,NA,NA,NA,NA,NA,NA,NA,"","2022",NA
