"","Sample_Name","Sample_Title","Isolate","Organism","Cultivar","Development_stage","Collection_date","Geographic_location","Tissue"
"1","TCDM_1_A04_1_2_o","A04_1_2_o","2_o","Manihot esculenta","HIL16A004","5 MAP","5/24/22","Ithaca, NY, USA"," Storage root outer layer"
"2","TCDM_1_C17_1_2_i","C17_1_2_i","2_i","Manihot esculenta","HIL16C017","5 MAP","5/24/22","Ithaca, NY, USA","Storage root inner layer"
"3","TCDM_1_X1_54_2_o","X1_54_2_o","2_o","Manihot esculenta","ITH21F001P054","5 MAP","5/24/22","Ithaca, NY, USA"," Storage root outer layer"
"4","TCDM_1_X9_27_2_o","X9_27_2_o","2_o","Manihot esculenta","ITH21F009P027","5 MAP","5/24/22","Ithaca, NY, USA"," Storage root outer layer"
"5","TCDM_1_X11_57_3_i","X11_57_3_i","3_i","Manihot esculenta","ITH21F011P057","5 MAP","5/24/22","Ithaca, NY, USA","Storage root inner layer"
"6","TCDM_1_X4_67_2_o","X4_67_2_o","2_o","Manihot esculenta","ITH21F004P067","5 MAP","5/24/22","Ithaca, NY, USA"," Storage root outer layer"
"7","TCDM_1_C64_1_2_o","C64_1_2_o","2_o","Manihot esculenta","HIL16C064","5 MAP","5/24/22","Ithaca, NY, USA"," Storage root outer layer"
"8","TCDM_1_A04_1_1_i","A04_1_1_i","1_i","Manihot esculenta","HIL16A004","5 MAP","5/24/22","Ithaca, NY, USA","Storage root inner layer"
"9","TCDM_1_A04_1_2_i","A04_1_2_i","2_i","Manihot esculenta","HIL16A004","5 MAP","5/24/22","Ithaca, NY, USA","Storage root inner layer"
"10","TCDM_1_C17_1_1_i","C17_1_1_i","1_i","Manihot esculenta","HIL16C017","5 MAP","5/24/22","Ithaca, NY, USA","Storage root inner layer"
"11","TCDM_1_X4_67_2_i","X4_67_2_i","2_i","Manihot esculenta","ITH21F004P067","5 MAP","5/24/22","Ithaca, NY, USA","Storage root inner layer"
"12","TCDM_1_X4_67_1_i","X4_67_1_i","1_i","Manihot esculenta","ITH21F004P067","5 MAP","5/24/22","Ithaca, NY, USA","Storage root inner layer"
"13","TCDM_1_C64_1_2_i","C64_1_2_i","2_i","Manihot esculenta","HIL16C064","5 MAP","5/24/22","Ithaca, NY, USA","Storage root inner layer"
"14","TCDM_1_C64_1_1_o","C64_1_1_o","1_o","Manihot esculenta","HIL16C064","5 MAP","5/24/22","Ithaca, NY, USA"," Storage root outer layer"
"15","TCDM_1_X5_31_3_i","X5_31_3_i","3_i","Manihot esculenta","ITH21F005P031","5 MAP","5/24/22","Ithaca, NY, USA","Storage root inner layer"
"16","TCDM_1_X5_31_2_i","X5_31_2_i","2_i","Manihot esculenta","ITH21F005P031","5 MAP","5/24/22","Ithaca, NY, USA","Storage root inner layer"
"17","TCDM_1_C17_1_3_o","C17_1_3_o","3_o","Manihot esculenta","HIL16C017","5 MAP","5/24/22","Ithaca, NY, USA"," Storage root outer layer"
"18","TCDM_1_A20_1_1_i","A20_1_1_i","1_i","Manihot esculenta","HIL16A020","5 MAP","5/24/22","Ithaca, NY, USA","Storage root inner layer"
"19","TCDM_1_C64_1_3_i","C64_1_3_i","3_i","Manihot esculenta","HIL16C064","5 MAP","5/24/22","Ithaca, NY, USA","Storage root inner layer"
"20","TCDM_1_A20_1_2_i","A20_1_2_i","2_i","Manihot esculenta","HIL16A020","5 MAP","5/24/22","Ithaca, NY, USA","Storage root inner layer"
"21","TCDM_1_A20_1_3_i","A20_1_3_i","3_i","Manihot esculenta","HIL16A020","5 MAP","5/24/22","Ithaca, NY, USA","Storage root inner layer"
"22","TCDM_1_A20_1_3_o","A20_1_3_o","3_o","Manihot esculenta","HIL16A020","5 MAP","5/24/22","Ithaca, NY, USA"," Storage root outer layer"
"23","TCDM_1_A27_1_3_o","A27_1_3_o","3_o","Manihot esculenta","HIL16A027","5 MAP","5/24/22","Ithaca, NY, USA"," Storage root outer layer"
"24","TCDM_1_A27_1_1_o","A27_1_1_o","1_o","Manihot esculenta","HIL16A027","5 MAP","5/24/22","Ithaca, NY, USA"," Storage root outer layer"
"25","TCDM_1_X5_31_1_i","X5_31_1_i","1_i","Manihot esculenta","ITH21F005P031","5 MAP","5/24/22","Ithaca, NY, USA","Storage root inner layer"
"26","TCDM_1_X11_57_1_i","X11_57_1_i","1_i","Manihot esculenta","ITH21F011P057","5 MAP","5/24/22","Ithaca, NY, USA","Storage root inner layer"
"27","TCDM_1_X2_45_2_i","X2_45_2_i","2_i","Manihot esculenta","ITH21F002P045","5 MAP","5/24/22","Ithaca, NY, USA","Storage root inner layer"
"28","TCDM_1_X2_45_2_o","X2_45_2_o","2_o","Manihot esculenta","ITH21F002P045","5 MAP","5/24/22","Ithaca, NY, USA"," Storage root outer layer"
"29","TCDM_1_X2_45_1_i","X2_45_1_i","1_i","Manihot esculenta","ITH21F002P045","5 MAP","5/24/22","Ithaca, NY, USA","Storage root inner layer"
"30","TCDM_1_X2_45_3_o","X2_45_3_o","3_o","Manihot esculenta","ITH21F002P045","5 MAP","5/24/22","Ithaca, NY, USA"," Storage root outer layer"
"31","TCDM_1_X2_45_3_i","X2_45_3_i","3_i","Manihot esculenta","ITH21F002P045","5 MAP","5/24/22","Ithaca, NY, USA","Storage root inner layer"
"32","TCDM_1_X11_68_1_i","X11_68_1_i","1_i","Manihot esculenta","ITH21F011P068","5 MAP","5/25/22","Ithaca, NY, USA","Storage root inner layer"
"33","TCDM_1_X11_68_3_i","X11_68_3_i","3_i","Manihot esculenta","ITH21F011P068","5 MAP","5/25/22","Ithaca, NY, USA","Storage root inner layer"
"34","TCDM_1_X11_68_3_o","X11_68_3_o","3_o","Manihot esculenta","ITH21F011P068","5 MAP","5/25/22","Ithaca, NY, USA"," Storage root outer layer"
"35","TCDM_1_X11_68_2_o","X11_68_2_o","2_o","Manihot esculenta","ITH21F011P068","5 MAP","5/25/22","Ithaca, NY, USA"," Storage root outer layer"
"36","TCDM_1_A20_2_3_o","A20_2_3_o","3_o","Manihot esculenta","HIL16A020","5 MAP","5/25/22","Ithaca, NY, USA"," Storage root outer layer"
"37","TCDM_1_A03_2_1_o","A03_2_1_o","1_o","Manihot esculenta","HIL16A003","5 MAP","5/25/22","Ithaca, NY, USA"," Storage root outer layer"
"38","TCDM_1_C17_2_3_o","C17_2_3_o","3_o","Manihot esculenta","HIL16C017","5 MAP","5/25/22","Ithaca, NY, USA"," Storage root outer layer"
"39","TCDM_1_A03_2_1_i","A03_2_1_i","1_i","Manihot esculenta","HIL16A003","5 MAP","5/25/22","Ithaca, NY, USA","Storage root inner layer"
"40","TCDM_1_C14_2_1_i","C14_2_1_i","1_i","Manihot esculenta","HIL16C014","5 MAP","5/25/22","Ithaca, NY, USA","Storage root inner layer"
"41","TCDM_1_C14_2_1_i","C14_2_1_i","1_i","Manihot esculenta","HIL16C014","5 MAP","5/25/22","Ithaca, NY, USA","Storage root inner layer"
"42","TCDM_1_A20_2_2_i","A20_2_2_i","2_i","Manihot esculenta","HIL16A020","5 MAP","5/25/22","Ithaca, NY, USA","Storage root inner layer"
"43","TCDM_1_A20_2_1_o","A20_2_1_o","1_o","Manihot esculenta","HIL16A020","5 MAP","5/25/22","Ithaca, NY, USA"," Storage root outer layer"
"44","TCDM_1_C14_2_2_o","C14_2_2_o","2_o","Manihot esculenta","HIL16C014","5 MAP","5/25/22","Ithaca, NY, USA"," Storage root outer layer"
"45","TCDM_1_A04_2_3_o","A04_2_3_o","3_o","Manihot esculenta","HIL16A004","5 MAP","5/25/22","Ithaca, NY, USA"," Storage root outer layer"
"46","TCDM_1_A20_2_1_i","A20_2_1_i","1_i","Manihot esculenta","HIL16A020","5 MAP","5/25/22","Ithaca, NY, USA","Storage root inner layer"
"47","TCDM_1_A04_2_2_o","A04_2_2_o","2_o","Manihot esculenta","HIL16A004","5 MAP","5/25/22","Ithaca, NY, USA"," Storage root outer layer"
"48","TCDM_1_A04_2_2_i","A04_2_2_i","2_i","Manihot esculenta","HIL16A004","5 MAP","5/25/22","Ithaca, NY, USA","Storage root inner layer"
"49","TCDM_1_A20_2_2_o","A20_2_2_o","2_o","Manihot esculenta","HIL16A020","5 MAP","5/25/22","Ithaca, NY, USA"," Storage root outer layer"
"50","TCDM_1_C17_2_1_i","C17_2_1_i","1_i","Manihot esculenta","HIL16C017","5 MAP","5/25/22","Ithaca, NY, USA","Storage root inner layer"
"51","TCDM_1_A03_2_3_i","A03_2_3_i","3_i","Manihot esculenta","HIL16A003","5 MAP","5/25/22","Ithaca, NY, USA","Storage root inner layer"
"52","TCDM_1_C14_2_3_i","C14_2_3_i","3_i","Manihot esculenta","HIL16C014","5 MAP","5/25/22","Ithaca, NY, USA","Storage root inner layer"
"53","TCDM_1_C14_2_2_i","C14_2_2_i","2_i","Manihot esculenta","HIL16C014","5 MAP","5/25/22","Ithaca, NY, USA","Storage root inner layer"
"54","TCDM_1_C14_2_3_o","C14_2_3_o","3_o","Manihot esculenta","HIL16C014","5 MAP","5/25/22","Ithaca, NY, USA"," Storage root outer layer"
"55","TCDM_1_C17_2_2_i","C17_2_2_i","2_i","Manihot esculenta","HIL16C017","5 MAP","5/25/22","Ithaca, NY, USA","Storage root inner layer"
"56","TCDM_1_A03_2_3_o","A03_2_3_o","3_o","Manihot esculenta","HIL16A003","5 MAP","5/25/22","Ithaca, NY, USA"," Storage root outer layer"
"57","TCDM_1_C17_2_3_i","C17_2_3_i","3_i","Manihot esculenta","HIL16C017","5 MAP","5/25/22","Ithaca, NY, USA","Storage root inner layer"
"58","TCDM_1_A03_2_2_o","A03_2_2_o","2_o","Manihot esculenta","HIL16A003","5 MAP","5/25/22","Ithaca, NY, USA"," Storage root outer layer"
"59","TCDM_1_C17_2_2_o","C17_2_2_o","2_o","Manihot esculenta","HIL16C017","5 MAP","5/25/22","Ithaca, NY, USA"," Storage root outer layer"
"60","TCDM_1_X8_415_3_i","X8_41.5_3_i","3_i","Manihot esculenta","ITH21F008P041.5","5 MAP","5/26/22","Ithaca, NY, USA","Storage root inner layer"
"61","TCDM_1_X8_415_3_o","X8_41.5_3_o","3_o","Manihot esculenta","ITH21F008P041.5","5 MAP","5/26/22","Ithaca, NY, USA"," Storage root outer layer"
"62","TCDM_2_X4_46_1_o","X4_46_1_o","1_o","Manihot esculenta","ITH21F004P046","5 MAP","5/26/22","Ithaca, NY, USA"," Storage root outer layer"
"63","TCDM_2_X8_415_2_i","X8_41.5_2_i","2_i","Manihot esculenta","ITH21F008P041.5","5 MAP","5/26/22","Ithaca, NY, USA","Storage root inner layer"
"64","TCDM_2_X8_415_2_o","X8_41.5_2_o","2_o","Manihot esculenta","ITH21F008P041.5","5 MAP","5/26/22","Ithaca, NY, USA"," Storage root outer layer"
"65","TCDM_2_X4_46_3_o","X4_46_3_o","3_o","Manihot esculenta","ITH21F004P046","5 MAP","5/26/22","Ithaca, NY, USA"," Storage root outer layer"
"66","TCDM_2_X4_46_1_i","X4_46_1_i","1_i","Manihot esculenta","ITH21F004P046","5 MAP","5/26/22","Ithaca, NY, USA","Storage root inner layer"
"67","TCDM_2_C14_3_2_o","C14_3_2_o","2_o","Manihot esculenta","HIL16C014","5 MAP","5/26/22","Ithaca, NY, USA"," Storage root outer layer"
"68","TCDM_2_A03_3_1_o","A03_3_1_o","1_o","Manihot esculenta","HIL16A003","5 MAP","5/26/22","Ithaca, NY, USA"," Storage root outer layer"
"69","TCDM_2_A03_3_3_o","A03_3_3_o","3_o","Manihot esculenta","HIL16A003","5 MAP","5/26/22","Ithaca, NY, USA"," Storage root outer layer"
"70","TCDM_2_X4_32_2_i","X4_32_2_i","2_i","Manihot esculenta","ITH21F004P032","5 MAP","5/26/22","Ithaca, NY, USA","Storage root inner layer"
"71","TCDM_2_C14_3_2_i","C14_3_2_i","2_i","Manihot esculenta","HIL16C014","5 MAP","5/26/22","Ithaca, NY, USA","Storage root inner layer"
"72","TCDM_2_X4_32_3_i","X4_32_3_i","3_i","Manihot esculenta","ITH21F004P032","5 MAP","5/26/22","Ithaca, NY, USA","Storage root inner layer"
"73","TCDM_2_X4_32_3_o","X4_32_3_o","3_o","Manihot esculenta","ITH21F004P032","5 MAP","5/26/22","Ithaca, NY, USA"," Storage root outer layer"
"74","TCDM_2_X4_32_1_i","X4_32_1_i","1_i","Manihot esculenta","ITH21F004P032","5 MAP","5/26/22","Ithaca, NY, USA","Storage root inner layer"
"75","TCDM_2_A04_3_2_i","A04_3_2_i","2_i","Manihot esculenta","HIL16A004","5 MAP","5/26/22","Ithaca, NY, USA","Storage root inner layer"
"76","TCDM_2_A04_3_1_o","A04_3_1_o","1_o","Manihot esculenta","HIL16A004","5 MAP","5/26/22","Ithaca, NY, USA"," Storage root outer layer"
"77","TCDM_2_C14_3_3_o","C14_3_3_o","3_o","Manihot esculenta","HIL16C014","5 MAP","5/26/22","Ithaca, NY, USA"," Storage root outer layer"
"78","TCDM_2_C14_3_1_i","C14_3_1_i","1_i","Manihot esculenta","HIL16C014","5 MAP","5/26/22","Ithaca, NY, USA","Storage root inner layer"
"79","TCDM_2_A27_3_3_i","A27_3_3_i","3_i","Manihot esculenta","HIL16A027","5 MAP","5/26/22","Ithaca, NY, USA","Storage root inner layer"
"80","TCDM_2_A03_3_3_i","A03_3_3_i","3_i","Manihot esculenta","HIL16A003","5 MAP","5/26/22","Ithaca, NY, USA","Storage root inner layer"
"81","TCDM_2_X4_32_1_o","X4_32_1_o","1_o","Manihot esculenta","ITH21F004P032","5 MAP","5/26/22","Ithaca, NY, USA"," Storage root outer layer"
"82","TCDM_2_A04_3_3_i","A04_3_3_i","3_i","Manihot esculenta","HIL16A004","5 MAP","5/26/22","Ithaca, NY, USA","Storage root inner layer"
"83","TCDM_2_A27_3_1_o","A27_3_1_o","1_o","Manihot esculenta","HIL16A027","5 MAP","5/26/22","Ithaca, NY, USA"," Storage root outer layer"
"84","TCDM_2_A27_3_3_o","A27_3_3_o","3_o","Manihot esculenta","HIL16A027","5 MAP","5/26/22","Ithaca, NY, USA"," Storage root outer layer"
"85","TCDM_2_A27_3_2_o","A27_3_2_o","2_o","Manihot esculenta","HIL16A027","5 MAP","5/26/22","Ithaca, NY, USA"," Storage root outer layer"
"86","TCDM_2_X5_66_3_o","X5_66_3_o","3_o","Manihot esculenta","ITH21F005P066","5 MAP","5/26/22","Ithaca, NY, USA"," Storage root outer layer"
"87","TCDM_2_C17_3_1_i","C17_3_1_i","1_i","Manihot esculenta","HIL16C017","5 MAP","5/26/22","Ithaca, NY, USA","Storage root inner layer"
"88","TCDM_2_C17_3_1_o","C17_3_1_o","1_o","Manihot esculenta","HIL16C017","5 MAP","5/26/22","Ithaca, NY, USA"," Storage root outer layer"
"89","TCDM_2_C17_3_2_i","C17_3_2_i","2_i","Manihot esculenta","HIL16C017","5 MAP","5/26/22","Ithaca, NY, USA","Storage root inner layer"
"90","TCDM_2_C17_3_2_o","C17_3_2_o","2_o","Manihot esculenta","HIL16C017","5 MAP","5/26/22","Ithaca, NY, USA"," Storage root outer layer"
"91","TCDM_2_X5_66_2_i","X5_66_2_i","2_i","Manihot esculenta","ITH21F005P066","5 MAP","5/26/22","Ithaca, NY, USA","Storage root inner layer"
"92","TCDM_2_X5_66_1_i","X5_66_1_i","1_i","Manihot esculenta","ITH21F005P066","5 MAP","5/26/22","Ithaca, NY, USA","Storage root inner layer"
"93","TCDM_2_C17_3_3_o","C17_3_3_o","3_o","Manihot esculenta","HIL16C017","5 MAP","5/26/22","Ithaca, NY, USA"," Storage root outer layer"
"94","TCDM_2_A03_3_2_o","A03_3_2_o","2_o","Manihot esculenta","HIL16A003","5 MAP","5/26/22","Ithaca, NY, USA"," Storage root outer layer"
"95","TCDM_2_X5_66_3_i","X5_66_3_i","3_i","Manihot esculenta","ITH21F005P066","5 MAP","5/26/22","Ithaca, NY, USA","Storage root inner layer"
"96","TCDM_2_X5_66_2_o","X5_66_2_o","2_o","Manihot esculenta","ITH21F005P066","5 MAP","5/26/22","Ithaca, NY, USA"," Storage root outer layer"
"97","TCDM_2_A27_3_2_i","A27_3_2_i","2_i","Manihot esculenta","HIL16A027","5 MAP","5/26/22","Ithaca, NY, USA","Storage root inner layer"
"98","TCDM_2_C64_3_1_o","C64_3_1_o","1_o","Manihot esculenta","HIL16C064","5 MAP","5/26/22","Ithaca, NY, USA"," Storage root outer layer"
"99","TCDM_2_X9_35_2_i","X9_35_2_i","2_i","Manihot esculenta","ITH21F009P035","5 MAP","5/26/22","Ithaca, NY, USA","Storage root inner layer"
"100","TCDM_2_C64_3_1_i","C64_3_1_i","1_i","Manihot esculenta","HIL16C064","5 MAP","5/26/22","Ithaca, NY, USA","Storage root inner layer"
"101","TCDM_2_C14_3_1_o","C14_3_1_o","1_o","Manihot esculenta","HIL16C014","5 MAP","5/26/22","Ithaca, NY, USA"," Storage root outer layer"
"102","TCDM_2_X9_35_2_o","X9_35_2_o","2_o","Manihot esculenta","ITH21F009P035","5 MAP","5/26/22","Ithaca, NY, USA"," Storage root outer layer"
"103","TCDM_2_C64_3_2_o","C64_3_2_o","2_o","Manihot esculenta","HIL16C064","5 MAP","5/26/22","Ithaca, NY, USA"," Storage root outer layer"
"104","TCDM_2_X9_35_1_i","X9_35_1_i","1_i","Manihot esculenta","ITH21F009P035","5 MAP","5/26/22","Ithaca, NY, USA","Storage root inner layer"
"105","TCDM_2_C64_3_3_i","C64_3_3_i","3_i","Manihot esculenta","HIL16C064","5 MAP","5/26/22","Ithaca, NY, USA","Storage root inner layer"
"106","TCDM_2_C17_3_3_i","C17_3_3_i","3_i","Manihot esculenta","HIL16C017","5 MAP","5/26/22","Ithaca, NY, USA","Storage root inner layer"
"107","TCDM_2_X2_24_3_i","X2_24_3_i","3_i","Manihot esculenta","ITH21F002P024","5 MAP","5/27/22","Ithaca, NY, USA","Storage root inner layer"
"108","TCDM_2_X2_24_2_o","X2_24_2_o","2_o","Manihot esculenta","ITH21F002P024","5 MAP","5/27/22","Ithaca, NY, USA"," Storage root outer layer"
"109","TCDM_2_X2_24_1_o","X2_24_1_o","1_o","Manihot esculenta","ITH21F002P024","5 MAP","5/27/22","Ithaca, NY, USA"," Storage root outer layer"
"110","TCDM_2_X10_39_2_i","X10_39_2_i","2_i","Manihot esculenta","ITH21F010P039","5 MAP","5/27/22","Ithaca, NY, USA","Storage root inner layer"
"111","TCDM_2_X2_24_3_o","X2_24_3_o","3_o","Manihot esculenta","ITH21F002P024","5 MAP","5/27/22","Ithaca, NY, USA"," Storage root outer layer"
"112","TCDM_2_X2_24_2_i","X2_24_2_i","2_i","Manihot esculenta","ITH21F002P024","5 MAP","5/27/22","Ithaca, NY, USA","Storage root inner layer"
"113","TCDM_2_X10_39_3_o","X10_39_3_o","3_o","Manihot esculenta","ITH21F010P039","5 MAP","5/27/22","Ithaca, NY, USA"," Storage root outer layer"
"114","TCDM_2_X10_39_2_o","X10_39_2_o","2_o","Manihot esculenta","ITH21F010P039","5 MAP","5/27/22","Ithaca, NY, USA"," Storage root outer layer"
"115","TCDM_2_X2_24_1_i","X2_24_1_i","1_i","Manihot esculenta","ITH21F002P024","5 MAP","5/27/22","Ithaca, NY, USA","Storage root inner layer"
"116","TCDM_2_X10_39_3_i","X10_39_3_i","3_i","Manihot esculenta","ITH21F010P039","5 MAP","5/27/22","Ithaca, NY, USA","Storage root inner layer"
"117","TCDM_2_X5_36_3_i","X5_36_3_i","3_i","Manihot esculenta","ITH21F005P036","5 MAP","5/27/22","Ithaca, NY, USA","Storage root inner layer"
"118","TCDM_2_C64_4_2_i","C64_4_2_i","2_i","Manihot esculenta","HIL16C064","5 MAP","5/27/22","Ithaca, NY, USA","Storage root inner layer"
"119","TCDM_2_C64_4_3_i","C64_4_3_i","3_i","Manihot esculenta","HIL16C064","5 MAP","5/27/22","Ithaca, NY, USA","Storage root inner layer"
"120","TCDM_2_X5_36_2_i","X5_36_2_i","2_i","Manihot esculenta","ITH21F005P036","5 MAP","5/27/22","Ithaca, NY, USA","Storage root inner layer"
"121","TCDM_2_C64_4_1_i","C64_4_1_i","1_i","Manihot esculenta","HIL16C064","5 MAP","5/27/22","Ithaca, NY, USA","Storage root inner layer"
"122","TCDM_2_C14_4_3_o","C14_4_3_o","3_o","Manihot esculenta","HIL16C014","5 MAP","5/27/22","Ithaca, NY, USA"," Storage root outer layer"
"123","TCDM_2_C64_4_2_o","C64_4_2_o","2_o","Manihot esculenta","HIL16C064","5 MAP","5/27/22","Ithaca, NY, USA"," Storage root outer layer"
"124","TCDM_2_C64_4_1_o","C64_4_1_o","1_o","Manihot esculenta","HIL16C064","5 MAP","5/27/22","Ithaca, NY, USA"," Storage root outer layer"
"125","TCDM_2_X5_36_1_i","X5_36_1_i","1_i","Manihot esculenta","ITH21F005P036","5 MAP","5/27/22","Ithaca, NY, USA","Storage root inner layer"
"126","TCDM_2_X5_36_2_o","X5_36_2_o","2_o","Manihot esculenta","ITH21F005P036","5 MAP","5/27/22","Ithaca, NY, USA"," Storage root outer layer"
"127","TCDM_2_A03_4_2_i","A03_4_2_i","2_i","Manihot esculenta","HIL16A003","5 MAP","5/27/22","Ithaca, NY, USA","Storage root inner layer"
"128","TCDM_2_A03_4_3_o","A03_4_3_o","3_o","Manihot esculenta","HIL16A003","5 MAP","5/27/22","Ithaca, NY, USA"," Storage root outer layer"
"129","TCDM_2_A27_4_1_i","A27_4_1_i","1_i","Manihot esculenta","HIL16A027","5 MAP","5/27/22","Ithaca, NY, USA","Storage root inner layer"
"130","TCDM_2_A27_4_2_o","A27_4_2_o","2_o","Manihot esculenta","HIL16A027","5 MAP","5/27/22","Ithaca, NY, USA"," Storage root outer layer"
"131","TCDM_2_X4_42_1_o","X4_24_1_o","1_o","Manihot esculenta","ITH21F004P042","5 MAP","5/27/22","Ithaca, NY, USA"," Storage root outer layer"
"132","TCDM_2_A27_4_2_i","A27_4_2_i","2_i","Manihot esculenta","HIL16A027","5 MAP","5/27/22","Ithaca, NY, USA","Storage root inner layer"
"133","TCDM_2_A27_4_3_i","A27_4_3_i","3_i","Manihot esculenta","HIL16A027","5 MAP","5/27/22","Ithaca, NY, USA","Storage root inner layer"
"134","TCDM_2_X4_42_2_o","X4_24_2_o","2_o","Manihot esculenta","ITH21F004P042","5 MAP","5/27/22","Ithaca, NY, USA"," Storage root outer layer"
"135","TCDM_2_X4_42_1_i","X4_24_1_i","1_i","Manihot esculenta","ITH21F004P042","5 MAP","5/27/22","Ithaca, NY, USA","Storage root inner layer"
"136","TCDM_2_X4_42_2_i","X4_24_2_i","2_i","Manihot esculenta","ITH21F004P042","5 MAP","5/27/22","Ithaca, NY, USA","Storage root inner layer"
"137","TCDM_2_X4_42_3_o","X4_24_3_o","3_o","Manihot esculenta","ITH21F004P042","5 MAP","5/27/22","Ithaca, NY, USA"," Storage root outer layer"
"138","TCDM_2_A03_4_1_i","A03_4_1_i","1_i","Manihot esculenta","HIL16A003","5 MAP","5/27/22","Ithaca, NY, USA","Storage root inner layer"
"139","TCDM_2_X8_37_2_i","X8_37_2_i","2_i","Manihot esculenta","ITH21F008P037","5 MAP","5/27/22","Ithaca, NY, USA","Storage root inner layer"
"140","TCDM_2_X4_42_3_i","X4_24_3_i","3_i","Manihot esculenta","ITH21F004P042","5 MAP","5/27/22","Ithaca, NY, USA","Storage root inner layer"
"141","TCDM_2_X8_37_3_o","X8_37_3_o","3_o","Manihot esculenta","ITH21F008P037","5 MAP","5/27/22","Ithaca, NY, USA"," Storage root outer layer"
"142","TCDM_2_X8_37_2_o","X8_37_2_o","2_o","Manihot esculenta","ITH21F008P037","5 MAP","5/27/22","Ithaca, NY, USA"," Storage root outer layer"
"143","TCDM_2_X8_37_1_o","X8_37_1_o","1_o","Manihot esculenta","ITH21F008P037","5 MAP","5/27/22","Ithaca, NY, USA"," Storage root outer layer"
"144","TCDM_2_X8_37_3_i","X8_37_3_i","3_i","Manihot esculenta","ITH21F008P037","5 MAP","5/27/22","Ithaca, NY, USA","Storage root inner layer"
"145","TCDM_2_C14_4_1_i","C14_4_1_i","1_i","Manihot esculenta","HIL16C014","5 MAP","5/27/22","Ithaca, NY, USA","Storage root inner layer"
"146","TCDM_2_X8_37_1_i","X8_37_1_i","1_i","Manihot esculenta","ITH21F008P037","5 MAP","5/27/22","Ithaca, NY, USA","Storage root inner layer"
"147","TCDM_2_C14_4_1_o","C14_4_1_o","1_o","Manihot esculenta","HIL16C014","5 MAP","5/27/22","Ithaca, NY, USA"," Storage root outer layer"
"148","TCDM_3_417_X1_54_rt1_i","417_X1_54_rt1_i","1_i","Manihot esculenta","ITH21F001P054","5 MAP","5/30/23","Ithaca, NY, USA","Storage root inner layer"
"149","TCDM_3_417_X1_54_rt3_i","417_X1_54_rt3_i","3_i","Manihot esculenta","ITH21F001P054","5 MAP","5/30/23","Ithaca, NY, USA","Storage root inner layer"
"150","TCDM_3_101_X2_24_rt3_o","101_X2_24_rt3_o","3_o","Manihot esculenta","ITH21F002P024","6 MAP","6/20/23","Ithaca, NY, USA"," Storage root outer layer"
"151","TCDM_3_313_X1_54_rt1_i","313_X1_54_rt1_i","1_i","Manihot esculenta","ITH21F001P054","6 MAP","6/21/23","Ithaca, NY, USA","Storage root inner layer"
"152","TCDM_3_313_X1_54_rt2_i","313_X1_54_rt2_i","2_i","Manihot esculenta","ITH21F001P054","6 MAP","6/21/23","Ithaca, NY, USA","Storage root inner layer"
"153","TCDM_3_412_X11_68_rt3_i","412_X11_68_rt3_i","3_i","Manihot esculenta","ITH21F011P068","6 MAP","6/21/23","Ithaca, NY, USA","Storage root inner layer"
"154","TCDM_3_115_X1_54_rt1_i","115_X1_54_rt1_i","1_i","Manihot esculenta","ITH21F001P054","7 MAP","7/6/23","Ithaca, NY, USA","Storage root inner layer"
"155","TCDM_3_115_X1_54_rt1_o","115_X1_54_rt1_o","1_o","Manihot esculenta","ITH21F001P054","7 MAP","7/6/23","Ithaca, NY, USA"," Storage root outer layer"
"156","TCDM_3_115_X1_54_rt2_i","115_X1_54_rt2_i","2_i","Manihot esculenta","ITH21F001P054","7 MAP","7/6/23","Ithaca, NY, USA","Storage root inner layer"
"157","TCDM_3_115_X1_54_rt2_o","115_X1_54_rt2_o","2_o","Manihot esculenta","ITH21F001P054","7 MAP","7/6/23","Ithaca, NY, USA"," Storage root outer layer"
"158","TCDM_3_115_X1_54_rt3_i","115_X1_54_rt3_i","3_i","Manihot esculenta","ITH21F001P054","7 MAP","7/6/23","Ithaca, NY, USA","Storage root inner layer"
"159","TCDM_3_219_X2_24_rt3_i","219_X2_24_rt3_i","3_i","Manihot esculenta","ITH21F002P024","7 MAP","7/6/23","Ithaca, NY, USA","Storage root inner layer"
"160","TCDM_3_411_C17_rt1_o","411_C17_rt1_o","1_o","Manihot esculenta","HIL16C017","7 MAP","7/6/23","Ithaca, NY, USA"," Storage root outer layer"
"161","TCDM_3_411_C17_rt2_i","411_C17_rt2_i","2_i","Manihot esculenta","HIL16C017","7 MAP","7/6/23","Ithaca, NY, USA","Storage root inner layer"
"162","TCDM_3_302_C17_rt1_i","302_C17_rt1_i","1_i","Manihot esculenta","HIL16C017","8 MAP","7/28/23","Ithaca, NY, USA","Storage root inner layer"
"163","TCDM_3_418_X5_36_rt2_i","418_X5_36_rt2_i","2_i","Manihot esculenta","ITH21F005P036","8 MAP","7/28/23","Ithaca, NY, USA","Storage root inner layer"
"164","TCDM_3_412_X11_68_rt1_i","412_X11_68_rt1_i","1_i","Manihot esculenta","ITH21F011P068","6 MAP","6/21/23","Ithaca, NY, USA","Storage root inner layer"
"165","TCDM_3_219_X2_24_rt2_i","219_X2_24_rt2_i","2_i","Manihot esculenta","ITH21F002P024","7 MAP","7/6/23","Ithaca, NY, USA","Storage root inner layer"
"166","TCDM_3_113_C17_rt2_i","113_C17_rt2_i","2_i","Manihot esculenta","HIL16C017","6 MAP","6/20/23","Ithaca, NY, USA","Storage root inner layer"
"167","TCDM_3_206_C17_rt1_i","206_C17_rt1_i","1_i","Manihot esculenta","HIL16C017","5 MAP","5/29/23","Ithaca, NY, USA","Storage root inner layer"
"168","TCDM_3_219_X2_24_rt2_o","219_X2_24_rt2_o","2_o","Manihot esculenta","ITH21F002P024","7 MAP","7/6/23","Ithaca, NY, USA"," Storage root outer layer"
"169","TCDM_3_417_X1_54_rt1_o","417_X1_54_rt1_o","1_o","Manihot esculenta","ITH21F001P054","5 MAP","5/30/23","Ithaca, NY, USA"," Storage root outer layer"
"170","TCDM_3_206_C17_rt2_i","206_C17_rt2_i","2_i","Manihot esculenta","HIL16C017","5 MAP","5/29/23","Ithaca, NY, USA","Storage root inner layer"
"171","TCDM_3_206_C17_rt3_o","206_C17_rt3_o","3_o","Manihot esculenta","HIL16C017","5 MAP","5/29/23","Ithaca, NY, USA"," Storage root outer layer"
"172","TCDM_3_313_X1_54_rt2_o","313_X1_54_rt2_o","2_o","Manihot esculenta","ITH21F001P054","6 MAP","6/21/23","Ithaca, NY, USA"," Storage root outer layer"
"173","TCDM_3_113_C17_rt1_o","113_C17_rt1_o","1_o","Manihot esculenta","HIL16C017","6 MAP","6/20/23","Ithaca, NY, USA"," Storage root outer layer"
"174","TCDM_3_109_X11_68_rt2_o","109_X11_68_rt2_o","2_o","Manihot esculenta","ITH21F011P068","5 MAP","5/29/23","Ithaca, NY, USA"," Storage root outer layer"
"175","TCDM_3_219_X2_24_rt3_o","219_X2_24_rt3_o","3_o","Manihot esculenta","ITH21F002P024","7 MAP","7/6/23","Ithaca, NY, USA"," Storage root outer layer"
"176","TCDM_3_109_X11_68_rt1_i","109_X11_68_rt1_i","1_i","Manihot esculenta","ITH21F011P068","5 MAP","5/29/23","Ithaca, NY, USA","Storage root inner layer"
"177","TCDM_3_304_X5_31_rt2_i","304_X5_31_rt2_i","2_i","Manihot esculenta","ITH21F005P031","8 MAP","7/28/23","Ithaca, NY, USA","Storage root inner layer"
"178","TCDM_3_219_X2_24_rt1_o","219_X2_24_rt1_o","1_o","Manihot esculenta","ITH21F002P024","7 MAP","7/6/23","Ithaca, NY, USA"," Storage root outer layer"
"179","TCDM_3_109_X11_68_rt3_o","109_X11_68_rt3_o","3_o","Manihot esculenta","ITH21F011P068","5 MAP","5/29/23","Ithaca, NY, USA"," Storage root outer layer"
"180","TCDM_3_303_X11_68_rt3_o","303_X11_68_rt3_o","3_o","Manihot esculenta","ITH21F011P068","7 MAP","7/6/23","Ithaca, NY, USA"," Storage root outer layer"
"181","TCDM_3_417_X1_54_rt3_o","417_X1_54_rt3_o","3_o","Manihot esculenta","ITH21F001P054","5 MAP","5/30/23","Ithaca, NY, USA"," Storage root outer layer"
"182","TCDM_3_101_X2_24_rt1_o","101_X2_24_rt1_o","1_o","Manihot esculenta","ITH21F002P024","6 MAP","6/20/23","Ithaca, NY, USA"," Storage root outer layer"
"183","TCDM_3_113_C17_rt3_o","113_C17_rt3_o","3_o","Manihot esculenta","HIL16C017","6 MAP","6/20/23","Ithaca, NY, USA"," Storage root outer layer"
"184","TCDM_3_403_A20_rt1_i","403_A20_rt1_i","1_i","Manihot esculenta","HIL16A020","8 MAP","7/28/23","Ithaca, NY, USA","Storage root inner layer"
"185","TCDM_3_113_C17_rt3_i","113_C17_rt3_i","3_i","Manihot esculenta","HIL16C017","6 MAP","6/20/23","Ithaca, NY, USA","Storage root inner layer"
"186","TCDM_3_206_C17_rt3_i","206_C17_rt3_i","3_i","Manihot esculenta","HIL16C017","5 MAP","5/29/23","Ithaca, NY, USA","Storage root inner layer"
"187","TCDM_3_206_C17_rt2_o","206_C17_rt2_o","2_o","Manihot esculenta","HIL16C017","5 MAP","5/29/23","Ithaca, NY, USA"," Storage root outer layer"
"188","TCDM_3_105_X5_66_rt1_i","105_X5_66_rt1_i","1_i","Manihot esculenta","ITH21F005P066","8 MAP","7/28/23","Ithaca, NY, USA","Storage root inner layer"
"189","TCDM_3_105_X5_66_rt1_o","105_X5_66_rt1_o","1_o","Manihot esculenta","ITH21F005P066","8 MAP","7/28/23","Ithaca, NY, USA"," Storage root outer layer"
"190","TCDM_3_105_X5_66_rt2_i","105_X5_66_rt2_i","2_i","Manihot esculenta","ITH21F005P066","8 MAP","7/28/23","Ithaca, NY, USA","Storage root inner layer"
"191","TCDM_3_105_X5_66_rt3_i","105_X5_66_rt3_i","3_i","Manihot esculenta","ITH21F005P066","8 MAP","7/28/23","Ithaca, NY, USA","Storage root inner layer"
"192","TCDM_3_105_X5_66_rt3_o","105_X5_66_rt3_o","3_o","Manihot esculenta","ITH21F005P066","8 MAP","7/28/23","Ithaca, NY, USA"," Storage root outer layer"
"193","TCDM_3_106_X4_46_rt2_i","106_X4_46_rt2_i","2_i","Manihot esculenta","ITH21F004P046","8 MAP","7/28/23","Ithaca, NY, USA","Storage root inner layer"
"194","TCDM_3_106_X4_46_rt3_i","106_X4_46_rt3_i","3_i","Manihot esculenta","ITH21F004P046","8 MAP","7/28/23","Ithaca, NY, USA","Storage root inner layer"
"195","TCDM_3_106_X4_46_rt3_o","106_X4_46_rt3_o","3_o","Manihot esculenta","ITH21F004P046","8 MAP","7/28/23","Ithaca, NY, USA"," Storage root outer layer"
"196","TCDM_3_107_X4_32_rt2_i","107_X4_32_rt2_i","2_i","Manihot esculenta","ITH21F004P032","8 MAP","7/28/23","Ithaca, NY, USA","Storage root inner layer"
"197","TCDM_3_107_X4_32_rt3_i","107_X4_32_rt3_i","3_i","Manihot esculenta","ITH21F004P032","8 MAP","7/28/23","Ithaca, NY, USA","Storage root inner layer"
"198","TCDM_3_112_X4_67_rt1_i","112_X4_67_rt1_i","1_i","Manihot esculenta","ITH21F004P067","8 MAP","7/28/23","Ithaca, NY, USA","Storage root inner layer"
"199","TCDM_3_112_X4_67_rt2_i","112_X4_67_rt2_i","2_i","Manihot esculenta","ITH21F004P067","8 MAP","7/28/23","Ithaca, NY, USA","Storage root inner layer"
"200","TCDM_3_112_X4_67_rt3_i","112_X4_67_rt3_i","3_i","Manihot esculenta","ITH21F004P067","8 MAP","7/28/23","Ithaca, NY, USA","Storage root inner layer"
"201","TCDM_3_112_X4_67_rt3_o","112_X4_67_rt3_o","3_o","Manihot esculenta","ITH21F004P067","8 MAP","7/28/23","Ithaca, NY, USA"," Storage root outer layer"
"202","TCDM_3_118_C14_rt2_i","118_C14_rt2_i","2_i","Manihot esculenta","HIL16C014","8 MAP","7/28/23","Ithaca, NY, USA","Storage root inner layer"
"203","TCDM_3_118_C14_rt3_i","118_C14_rt3_i","3_i","Manihot esculenta","HIL16C014","8 MAP","7/28/23","Ithaca, NY, USA","Storage root inner layer"
"204","TCDM_3_118_C14_rt3_o","118_C14_rt3_o","3_o","Manihot esculenta","HIL16C014","8 MAP","7/28/23","Ithaca, NY, USA"," Storage root outer layer"
"205","TCDM_3_205_X1_54_rt1_i","205_X1_54_rt1_i","1_i","Manihot esculenta","ITH21F001P054","8 MAP","7/28/23","Ithaca, NY, USA","Storage root inner layer"
"206","TCDM_3_205_X1_54_rt1_o","205_X1_54_rt1_o","1_o","Manihot esculenta","ITH21F001P054","8 MAP","7/28/23","Ithaca, NY, USA"," Storage root outer layer"
"207","TCDM_3_207_A04_rt2_i","207_A04_rt2_i","2_i","Manihot esculenta","HIL16A004","8 MAP","7/28/23","Ithaca, NY, USA","Storage root inner layer"
"208","TCDM_3_210_X11_68_rt2_i","210_X11_68_rt2_i","2_i","Manihot esculenta","ITH21F011P068","8 MAP","7/28/23","Ithaca, NY, USA","Storage root inner layer"
"209","TCDM_3_210_X11_68_rt2_o","210_X11_68_rt2_o","2_o","Manihot esculenta","ITH21F011P068","8 MAP","7/28/23","Ithaca, NY, USA"," Storage root outer layer"
"210","TCDM_3_210_X11_68_rt3_i","210_X11_68_rt3_i","3_i","Manihot esculenta","ITH21F011P068","8 MAP","7/28/23","Ithaca, NY, USA","Storage root inner layer"
"211","TCDM_3_210_X11_68_rt3_o","210_X11_68_rt3_o","3_o","Manihot esculenta","ITH21F011P068","8 MAP","7/28/23","Ithaca, NY, USA"," Storage root outer layer"
"212","TCDM_3_218_X8_415_rt1_i","218_X8_41.5_rt1_i","1_i","Manihot esculenta","ITH21F008P042","8 MAP","7/28/23","Ithaca, NY, USA","Storage root inner layer"
"213","TCDM_3_218_X8_415_rt2_i","218_X8_41.5_rt2_i","2_i","Manihot esculenta","ITH21F008P042","8 MAP","7/28/23","Ithaca, NY, USA","Storage root inner layer"
"214","TCDM_3_220_X10_39_rt1_i","220_X10_39_rt1_i","1_i","Manihot esculenta","ITH21F010P039","8 MAP","7/28/23","Ithaca, NY, USA","Storage root inner layer"
"215","TCDM_3_220_X10_39_rt2_i","220_X10_39_rt2_i","2_i","Manihot esculenta","ITH21F010P039","8 MAP","7/28/23","Ithaca, NY, USA","Storage root inner layer"
"216","TCDM_3_302_C17_rt1_o","302_C17_rt1_o","1_o","Manihot esculenta","HIL16C017","8 MAP","7/28/23","Ithaca, NY, USA"," Storage root outer layer"
"217","TCDM_3_302_C17_rt2_i","302_C17_rt2_i","2_i","Manihot esculenta","HIL16C017","8 MAP","7/28/23","Ithaca, NY, USA","Storage root inner layer"
"218","TCDM_3_302_C17_rt2_o","302_C17_rt2_o","2_o","Manihot esculenta","HIL16C017","8 MAP","7/28/23","Ithaca, NY, USA"," Storage root outer layer"
"219","TCDM_3_302_C17_rt3_i","302_C17_rt3_i","3_i","Manihot esculenta","HIL16C017","8 MAP","7/28/23","Ithaca, NY, USA","Storage root inner layer"
"220","TCDM_3_304_X5_31_rt1_i","304_X5_31_rt1_i","1_i","Manihot esculenta","ITH21F005P031","8 MAP","7/28/23","Ithaca, NY, USA","Storage root inner layer"
"221","TCDM_4_304_X5_31_rt1_o","304_X5_31_rt3_o","3_o","Manihot esculenta","ITH21F005P031","8 MAP","7/28/23","Ithaca, NY, USA"," Storage root outer layer"
"222","TCDM_4_304_X5_31_rt3_o","307_A03_rt2_i","2_i","Manihot esculenta","HIL16A003","8 MAP","7/28/23","Ithaca, NY, USA","Storage root inner layer"
"223","TCDM_4_307_A03_rt2_i","307_A03_rt3_i","3_i","Manihot esculenta","HIL16A003","8 MAP","7/28/23","Ithaca, NY, USA","Storage root inner layer"
"224","TCDM_4_307_A03_rt3_i","317_X4_42_rt1_i","1_i","Manihot esculenta","ITH21F004P042","8 MAP","7/28/23","Ithaca, NY, USA","Storage root inner layer"
"225","TCDM_4_317_X4_42_rt1_i","317_X4_42_rt3_o","3_o","Manihot esculenta","ITH21F004P042","8 MAP","7/28/23","Ithaca, NY, USA"," Storage root outer layer"
"226","TCDM_4_317_X4_42_rt3_o","319_X8_37_rt1_i","1_i","Manihot esculenta","ITH21F008P037","8 MAP","7/28/23","Ithaca, NY, USA","Storage root inner layer"
"227","TCDM_4_319_X8_37_rt1_i","319_X8_37_rt1_o","1_o","Manihot esculenta","ITH21F008P037","8 MAP","7/28/23","Ithaca, NY, USA"," Storage root outer layer"
"228","TCDM_4_319_X8_37_rt1_o","319_X8_37_rt2_i","2_i","Manihot esculenta","ITH21F008P037","8 MAP","7/28/23","Ithaca, NY, USA","Storage root inner layer"
"229","TCDM_4_319_X8_37_rt2_i","319_X8_37_rt2_o","2_o","Manihot esculenta","ITH21F008P037","8 MAP","7/28/23","Ithaca, NY, USA"," Storage root outer layer"
"230","TCDM_4_319_X8_37_rt2_o","319_X8_37_rt3_o","3_o","Manihot esculenta","ITH21F008P037","8 MAP","7/28/23","Ithaca, NY, USA"," Storage root outer layer"
"231","TCDM_4_319_X8_37_rt3_o","402_X11_57_rt2_i","2_i","Manihot esculenta","ITH21F011P057","8 MAP","7/28/23","Ithaca, NY, USA","Storage root inner layer"
"232","TCDM_4_402_X11_57_rt2_i","403_A20_rt2_i","2_i","Manihot esculenta","HIL16A020","8 MAP","7/28/23","Ithaca, NY, USA","Storage root inner layer"
"233","TCDM_4_407_X2_24_rt1_i","407_X2_24_rt2_i","2_i","Manihot esculenta","ITH21F002P024","8 MAP","7/28/23","Ithaca, NY, USA","Storage root inner layer"
"234","TCDM_4_407_X2_24_rt2_i","407_X2_24_rt2_o","2_o","Manihot esculenta","ITH21F002P024","8 MAP","7/28/23","Ithaca, NY, USA"," Storage root outer layer"
"235","TCDM_4_407_X2_24_rt2_o","407_X2_24_rt3_o","3_o","Manihot esculenta","ITH21F002P024","8 MAP","7/28/23","Ithaca, NY, USA"," Storage root outer layer"
"236","TCDM_4_407_X2_24_rt3_o","409_X2_45_rt1_i","1_i","Manihot esculenta","ITH21F002P045","8 MAP","7/28/23","Ithaca, NY, USA","Storage root inner layer"
"237","TCDM_4_409_X2_45_rt2_i","409_X2_45_rt3_i","3_i","Manihot esculenta","ITH21F002P045","8 MAP","7/28/23","Ithaca, NY, USA","Storage root inner layer"
"238","TCDM_4_409_X2_45_rt3_o","418_X5_36_rt3_i","3_i","Manihot esculenta","ITH21F005P036","8 MAP","7/28/23","Ithaca, NY, USA","Storage root inner layer"
"239","TCDM_4_418_X5_36_rt3_i","418_X5_36_rt3_o","3_o","Manihot esculenta","ITH21F005P036","8 MAP","7/28/23","Ithaca, NY, USA"," Storage root outer layer"
"240","TCDM_4_402_X11_57_rt3_i","317_X4_42_rt1_o","1_o","Manihot esculenta","ITH21F004P042","8 MAP","7/28/23","Ithaca, NY, USA"," Storage root outer layer"
"241","TCDM_4_317_X4_42_rt1_o","319_X8_37_rt3_i","3_i","Manihot esculenta","ITH21F008P037","8 MAP","7/28/23","Ithaca, NY, USA","Storage root inner layer"
"242","TCDM_4_319_X8_37_rt3_i","106_X4_46_rt1_o","1_o","Manihot esculenta","ITH21F004P046","8 MAP","7/28/23","Ithaca, NY, USA"," Storage root outer layer"
"243","TCDM_4_106_X4_46_rt1_o","220_X10_39_rt3_i","3_i","Manihot esculenta","ITH21F010P039","8 MAP","7/28/23","Ithaca, NY, USA","Storage root inner layer"
"244","TCDM_4_220_X10_39_rt3_i","307_A03_rt1_o","1_o","Manihot esculenta","HIL16A003","8 MAP","7/28/23","Ithaca, NY, USA"," Storage root outer layer"
"245","TCDM_4_307_A03_rt1_o","112_X4_67_rt2_o","2_o","Manihot esculenta","ITH21F004P067","8 MAP","7/28/23","Ithaca, NY, USA"," Storage root outer layer"
"246","TCDM_4_112_X4_67_rt2_o","304_X5_31_rt2_o","2_o","Manihot esculenta","ITH21F005P031","8 MAP","7/28/23","Ithaca, NY, USA"," Storage root outer layer"
"247","TCDM_4_304_X5_31_rt2_o","317_X4_42_rt2_o","2_o","Manihot esculenta","ITH21F004P042","8 MAP","7/28/23","Ithaca, NY, USA"," Storage root outer layer"
"248","TCDM_4_317_X4_42_rt2_o","220_X10_39_rt1_o","1_o","Manihot esculenta","ITH21F010P039","8 MAP","7/28/23","Ithaca, NY, USA"," Storage root outer layer"
"249","TCDM_4_220_X10_39_rt1_o","418_X5_36_rt1_i","1_i","Manihot esculenta","ITH21F005P036","8 MAP","7/28/23","Ithaca, NY, USA","Storage root inner layer"
"250","TCDM_4_418_X5_36_rt1_i","118_C14_rt1_i","1_i","Manihot esculenta","HIL16C014","8 MAP","7/28/23","Ithaca, NY, USA","Storage root inner layer"
"251","TCDM_4_118_C14_rt1_i","207_A04_rt3_o","3_o","Manihot esculenta","HIL16A004","8 MAP","7/28/23","Ithaca, NY, USA"," Storage root outer layer"
"252","TCDM_4_207_A04_rt3_o","107_X4_32_rt1_i","1_i","Manihot esculenta","ITH21F004P032","8 MAP","7/28/23","Ithaca, NY, USA","Storage root inner layer"
"253","TCDM_4_107_X4_32_rt1_i","107_X4_32_rt1_o","1_o","Manihot esculenta","ITH21F004P032","8 MAP","7/28/23","Ithaca, NY, USA"," Storage root outer layer"
"254","TCDM_4_107_X4_32_rt1_o","105_X5_66_rt2_o","2_o","Manihot esculenta","ITH21F005P066","8 MAP","7/28/23","Ithaca, NY, USA"," Storage root outer layer"
"255","TCDM_4_105_X5_66_rt2_o","118_C14_rt1_o","1_o","Manihot esculenta","HIL16C014","8 MAP","7/28/23","Ithaca, NY, USA"," Storage root outer layer"
"256","TCDM_4_118_C14_rt1_o","407_X2_24_rt1_o","1_o","Manihot esculenta","ITH21F002P024","8 MAP","7/28/23","Ithaca, NY, USA"," Storage root outer layer"
"257","TCDM_4_407_X2_24_rt1_o","207_A04_rt2_o","2_o","Manihot esculenta","HIL16A004","8 MAP","7/28/23","Ithaca, NY, USA"," Storage root outer layer"
"258","TCDM_4_207_A04_rt2_o","409_X2_45_rt1_o","1_o","Manihot esculenta","ITH21F002P045","8 MAP","7/28/23","Ithaca, NY, USA"," Storage root outer layer"
"259","TCDM_4_409_X2_45_rt1_o","403_A20_rt3_i","3_i","Manihot esculenta","HIL16A020","8 MAP","7/28/23","Ithaca, NY, USA","Storage root inner layer"
"260","TCDM_4_403_A20_rt3_i","218_X8_41.5_rt1_o","1_o","Manihot esculenta","ITH21F008P042","8 MAP","7/28/23","Ithaca, NY, USA"," Storage root outer layer"
"261","TCDM_4_218_X8_415_rt1_o","207_A04_rt1_o","1_o","Manihot esculenta","HIL16A004","8 MAP","7/28/23","Ithaca, NY, USA"," Storage root outer layer"
"262","TCDM_4_207_A04_rt1_o","112_X4_67_rt1_o","1_o","Manihot esculenta","ITH21F004P067","8 MAP","7/28/23","Ithaca, NY, USA"," Storage root outer layer"
"263","TCDM_4_112_X4_67_rt1_o","402_X11_57_rt1_i","1_i","Manihot esculenta","ITH21F011P057","8 MAP","7/28/23","Ithaca, NY, USA","Storage root inner layer"
"264","TCDM_4_402_X11_57_rt1_i","418_X5_36_rt1_o","1_o","Manihot esculenta","ITH21F005P036","8 MAP","7/28/23","Ithaca, NY, USA"," Storage root outer layer"
"265","TCDM_4_418_X5_36_rt1_o","403_A20_rt3_o","3_o","Manihot esculenta","HIL16A020","8 MAP","7/28/23","Ithaca, NY, USA"," Storage root outer layer"
"266","TCDM_4_403_A20_rt3_o","307_A03_rt2_o","2_o","Manihot esculenta","HIL16A003","8 MAP","7/28/23","Ithaca, NY, USA"," Storage root outer layer"
"267","TCDM_4_307_A03_rt2_o","220_X10_39_rt3_o","3_o","Manihot esculenta","ITH21F010P039","8 MAP","7/28/23","Ithaca, NY, USA"," Storage root outer layer"
"268","TCDM_4_220_X10_39_rt3_o","402_X11_57_rt1_o","1_o","Manihot esculenta","ITH21F011P057","8 MAP","7/28/23","Ithaca, NY, USA"," Storage root outer layer"
"269","TCDM_4_402_X11_57_rt1_o","107_X4_32_rt3_o","3_o","Manihot esculenta","ITH21F004P032","8 MAP","7/28/23","Ithaca, NY, USA"," Storage root outer layer"
"270","TCDM_4_107_X4_32_rt3_o","418_X5_36_rt2_o","2_o","Manihot esculenta","ITH21F005P036","8 MAP","7/28/23","Ithaca, NY, USA"," Storage root outer layer"
"271","TCDM_4_418_X5_36_rt2_o","118_C14_rt2_o","2_o","Manihot esculenta","HIL16C014","8 MAP","7/28/23","Ithaca, NY, USA"," Storage root outer layer"
"272","TCDM_4_118_C14_rt2_o","218_X8_41.5_rt3_i","3_i","Manihot esculenta","ITH21F008P042","8 MAP","7/28/23","Ithaca, NY, USA","Storage root inner layer"
"273","TCDM_4_218_X8_415_rt3_i","220_X10_39_rt2_o","2_o","Manihot esculenta","ITH21F010P039","8 MAP","7/28/23","Ithaca, NY, USA"," Storage root outer layer"
"274","TCDM_4_220_X10_39_rt2_o","218_X8_41.5_rt2_o","2_o","Manihot esculenta","ITH21F008P042","8 MAP","7/28/23","Ithaca, NY, USA"," Storage root outer layer"
"275","TCDM_4_218_X8_415_rt2_o","106_X4_46_rt2_o","2_o","Manihot esculenta","ITH21F004P046","8 MAP","7/28/23","Ithaca, NY, USA"," Storage root outer layer"
"276","TCDM_4_106_X4_46_rt2_o","402_X11_57_rt2_o","2_o","Manihot esculenta","ITH21F011P057","8 MAP","7/28/23","Ithaca, NY, USA"," Storage root outer layer"
"277","TCDM_4_402_X11_57_rt2_o","303_X11_68_rt2_o","2_o","Manihot esculenta","ITH21F011P068","7 MAP","7/6/23","Ithaca, NY, USA"," Storage root outer layer"
"278","TCDM_4_205_X1_54_rt3_i","304_X5_31_rt3_i","3_i","Manihot esculenta","ITH21F005P031","8 MAP","7/28/23","Ithaca, NY, USA","Storage root inner layer"
"279","TCDM_4_304_X5_31_rt3_i","313_X1_54_rt3_i","3_i","Manihot esculenta","ITH21F001P054","6 MAP","6/21/23","Ithaca, NY, USA","Storage root inner layer"
"280","TCDM_4_313_X1_54_rt3_i","205_X1_54_rt2_i","2_i","Manihot esculenta","ITH21F001P054","8 MAP","7/28/23","Ithaca, NY, USA","Storage root inner layer"
"281","TCDM_4_205_X1_54_rt2_i","115_X1_54_rt3_o","3_o","Manihot esculenta","ITH21F001P054","7 MAP","7/6/23","Ithaca, NY, USA"," Storage root outer layer"
"282","TCDM_4_115_X1_54_rt3_o","417_X1_54_rt2_o","2_o","Manihot esculenta","ITH21F001P054","5 MAP","5/30/23","Ithaca, NY, USA"," Storage root outer layer"
"283","TCDM_4_411_C17_rt3_i","412_X11_68_rt2_i","2_i","Manihot esculenta","ITH21F011P068","6 MAP","6/21/23","Ithaca, NY, USA","Storage root inner layer"
"284","TCDM_4_210_X11_68_rt1_i","101_X2_24_rt3_i","3_i","Manihot esculenta","ITH21F002P024","6 MAP","6/20/23","Ithaca, NY, USA","Storage root inner layer"
"285","TCDM_4_101_X2_24_rt3_i","207_A04_rt1_i","1_i","Manihot esculenta","HIL16A004","8 MAP","7/28/23","Ithaca, NY, USA","Storage root inner layer"
"286","TCDM_4_307_A03_rt1_i","411_C17_rt2_o","2_o","Manihot esculenta","HIL16C017","7 MAP","7/6/23","Ithaca, NY, USA"," Storage root outer layer"
"287","TCDM_4_411_C17_rt2_o","402_X11_57_rt3_o","3_o","Manihot esculenta","ITH21F011P057","8 MAP","7/28/23","Ithaca, NY, USA"," Storage root outer layer"
"288","TCDM_4_402_X11_57_rt3_o","417_X1_54_rt2_i","2_i","Manihot esculenta","ITH21F001P054","5 MAP","5/30/23","Ithaca, NY, USA","Storage root inner layer"
"289","TCDM_4_417_X1_54_rt2_i","411_C17_rt1_i","1_i","Manihot esculenta","HIL16C017","7 MAP","7/6/23","Ithaca, NY, USA","Storage root inner layer"
"290","TCDM_4_411_C17_rt1_i","303_X11_68_rt3_i","3_i","Manihot esculenta","ITH21F011P068","7 MAP","7/6/23","Ithaca, NY, USA","Storage root inner layer"
"291","TCDM_4_303_X11_68_rt3_i","101_X2_24_rt2_i","2_i","Manihot esculenta","ITH21F002P024","6 MAP","6/20/23","Ithaca, NY, USA","Storage root inner layer"
"292","TCDM_4_101_X2_24_rt2_i","101_X2_24_rt2_o","2_o","Manihot esculenta","ITH21F002P024","6 MAP","6/20/23","Ithaca, NY, USA"," Storage root outer layer"
"293","TCDM_4_101_X2_24_rt2_o","303_X11_68_rt1_o","1_o","Manihot esculenta","ITH21F011P068","7 MAP","7/6/23","Ithaca, NY, USA"," Storage root outer layer"
"294","TCDM_4_303_X11_68_rt1_o","106_X4_46_rt1_i","1_i","Manihot esculenta","ITH21F004P046","8 MAP","7/28/23","Ithaca, NY, USA","Storage root inner layer"
"295","TCDM_4_106_X4_46_rt1_i","320_X2_24_rt3_i","3_i","Manihot esculenta","ITH21F002P024","5 MAP","5/30/23","Ithaca, NY, USA","Storage root inner layer"
"296","TCDM_4_320_X2_24_rt3_i","320_X2_24_rt2_o","2_o","Manihot esculenta","ITH21F002P024","5 MAP","5/30/23","Ithaca, NY, USA"," Storage root outer layer"
"297","TCDM_4_320_X2_24_rt2_o","206_C17_rt1_o","1_o","Manihot esculenta","HIL16C017","5 MAP","5/29/23","Ithaca, NY, USA"," Storage root outer layer"
"298","TCDM_4_206_C17_rt1_o","403_A20_rt2_o","2_o","Manihot esculenta","HIL16A020","8 MAP","7/28/23","Ithaca, NY, USA"," Storage root outer layer"
"299","TCDM_4_403_A20_rt2_o","307_A03_rt3_o","3_o","Manihot esculenta","HIL16A003","8 MAP","7/28/23","Ithaca, NY, USA"," Storage root outer layer"
"300","TCDM_4_307_A03_rt3_o","101_X2_24_rt1_i","1_i","Manihot esculenta","ITH21F002P024","6 MAP","6/20/23","Ithaca, NY, USA","Storage root inner layer"
"301","TCDM_4_101_X2_24_rt1_i","302_C17_rt3_o","3_o","Manihot esculenta","HIL16C017","8 MAP","7/28/23","Ithaca, NY, USA"," Storage root outer layer"
"302","TCDM_4_302_C17_rt3_o","403_A20_rt1_o","1_o","Manihot esculenta","HIL16A020","8 MAP","7/28/23","Ithaca, NY, USA"," Storage root outer layer"
"303","TCDM_4_403_A20_rt1_o","409_X2_45_rt2_o","2_o","Manihot esculenta","ITH21F002P045","8 MAP","7/28/23","Ithaca, NY, USA"," Storage root outer layer"
"304","TCDM_4_409_X2_45_rt2_o","407_X2_24_rt3_i","3_i","Manihot esculenta","ITH21F002P024","8 MAP","7/28/23","Ithaca, NY, USA","Storage root inner layer"
"305","TCDM_4_407_X2_24_rt3_i","317_X4_42_rt2_i","2_i","Manihot esculenta","ITH21F004P042","8 MAP","7/28/23","Ithaca, NY, USA","Storage root inner layer"
"306","TCDM_4_412_X11_68_rt2_i",NA,NA,NA,NA,NA,NA,NA,NA
"307","TCDM_4_317_X4_42_rt2_i",NA,NA,NA,NA,NA,NA,NA,NA
