,PlateName,TubeNum,tubeID,SampleID,RNA_extraction_date,Well_concentration_nguL,mean_nguL,mean260.280,genotype
2,Plate1,11,plate1.1_11,X11_68_1_o,2/8/23,500,644.2,2.102,X11_68
3,Plate1,12,plate1.1_12,X9_27_1_i,2/8/23,500,634.92,2.169,X9_27
4,Plate1,13,plate1.1_13,X9_27_2_i,2/8/23,500,850.72,2.1135,X9_27
5,Plate1,14,plate1.1_14,X9_27_3_o,2/8/23,500,710.36,2.141,X9_27
6,Plate1,17,plate1.1_17,X11_57_2_o,2/8/23,500,1067.14,2.14,X11_57
7,Plate1,18,plate1.1_18,X11_57_3_o,2/8/23,500,809.4,2.15725,X11_57
8,Plate1,19,plate1.1_19,X9_27_2_o,2/8/23,500,884.26,2.089,X9_27
9,Plate1,2,plate1.1_2,A04_1_1_o,2/8/23,500,1071.56,2.14075,A04_1
10,Plate1,20,plate1.1_20,X11_57_1_o,2/8/23,500,1346.04,2.0715,X11_57
11,Plate1,21,plate1.1_21,A27_1_1_i,2/8/23,430.1833333,516.22,2.123,A27_1
12,Plate1,22,plate1.1_22,X1_54_2_i,2/8/23,500,721.54,2.1265,X1_54
13,Plate1,23,plate1.1_23,X11_57_2_i,2/8/23,500,765.78,2.12775,X11_57
14,Plate1,24,plate1.1_24,X9_27_3_i,2/8/23,500,949.94,2.11525,X9_27
15,Plate1,3,plate1.1_3,A04_1_3_i,2/8/23,344.6666667,413.6,2.15025,A04_1
16,Plate1,4,plate1.1_4,A04_1_3_o,2/8/23,500,1102.14,2.11375,A04_1
17,Plate1,5,plate1.1_5,A27_1_2_i,2/8/23,339.5,407.4,2.083,A27_1
18,Plate1,6,plate1.1_6,C17_1_2_o,2/8/23,500,721.24,2.1295,C17_1
19,Plate1,8,plate1.1_8,C17_1_2_i,2/8/23,390.0166667,468.02,2.14525,C17_1
20,Plate1,9,plate1.1_9,X1_54_2_o,2/8/23,368.0333333,441.64,2.1345,X1_54
21,Plate1,25,plate1.2_25,C17_1_3_i,2/8/23,472.9166667,567.5,2.088,C17_1
22,Plate1,26,plate1.2_26,X11_57_3_i,2/22/23,372.9166667,447.5,2.151,X11_57
23,Plate1,27,plate1.2_27,X8_41.5_3_i,2/22/23,311.05,373.26,2.1375,X8_41.5
24,Plate1,28,plate1.2_28,X8_41.5_2_i,2/22/23,306.4166667,367.7,2.1505,X8_41.5
25,Plate1,29,plate1.2_29,X11_68_1_i,2/22/23,216.6166667,259.94,2.159,X11_68
26,Plate1,30,plate1.2_30,X9_27_1_o,2/22/23,500,665.82,2.166,X9_27
27,Plate1,32,plate1.2_32,A04_1_2_o,2/22/23,500,1140.82,2.1525,A04_1
28,Plate1,34,plate1.2_34,X4_67_2_o,2/22/23,500,622.74,2.1335,X4_67
29,Plate1,36,plate1.2_36,C64_1_2_o,2/22/23,500,992.42,2.0265,C64_1
30,Plate1,37,plate1.2_37,X11_68_3_i,2/22/23,372.6833333,447.22,1.954,X11_68
31,Plate1,38,plate1.2_38,X11_68_3_o,2/22/23,500,640.78,2.114,X11_68
32,Plate1,39,plate1.2_39,A04_1_1_i,2/22/23,342.15,410.58,2.1335,A04_1
33,Plate1,41,plate1.2_41,X4_67_3_i,2/22/23,500,664.78,2.143,X4_67
34,Plate1,42,plate1.2_42,A04_1_2_i,2/22/23,500,606.5,2.101,A04_1
35,Plate1,43,plate1.2_43,C17_1_1_i,2/22/23,500,1016.5,2.118,C17_1
36,Plate1,44,plate1.2_44,X4_46_1_o,2/22/23,331.0166667,397.22,1.914,X4_46
37,Plate1,45,plate1.2_45,X4_67_2_i,2/22/23,433.95,520.74,2.1245,X4_67
38,Plate1,46,plate1.2_46,X4_67_1_i,2/22/23,317.4166667,380.9,2.127,X4_67
39,Plate1,48,plate1.2_48,C64_1_2_i,2/22/23,236.2166667,283.46,2.151,C64_1
40,Plate1,51,plate1.3_51,X5_31_3_i,3/19/23,164.0333333,196.84,2.08,X5_31
41,Plate1,53,plate1.3_53,X4_67_3_o,3/19/23,332.0333333,398.44,2.057,X4_67
42,Plate1,54,plate1.3_54,X5_31_2_i,3/19/23,158.2333333,189.88,2.112,X5_31
43,Plate1,57,plate1.3_57,C17_1_1_o,3/19/23,454.0333333,544.84,2.1625,C17_1
44,Plate1,58,plate1.3_58,A20_1_1_o,3/19/23,422.7,507.24,2.1635,A20_1
45,Plate1,60,plate1.3_60,X2_24_3_i,3/19/23,146.1,175.32,2.1945,X2_24
46,Plate1,61,plate1.3_61,C17_1_3_o,3/19/23,333.2666667,399.92,2.0695,C17_1
47,Plate1,63,plate1.3_63,A20_1_1_i,3/19/23,393,471.6,2.128,A20_1
48,Plate1,64,plate1.3_64,A20_1_2_o,3/19/23,500,816.64,2.171,A20_1
49,Plate1,65,plate1.3_65,X2_24_2_o,3/19/23,252.9666667,303.56,2.15,X2_24
50,Plate1,66,plate1.3_66,X5_31_1_o,3/19/23,304.5666667,365.48,2.1655,X5_31
51,Plate1,67,plate1.3_67,X4_67_1_o,3/19/23,500,785.48,2.0885,X4_67
52,Plate1,68,plate1.3_68,A27_1_2_o,3/19/23,291.8333333,350.2,2.065,A27_1
53,Plate1,69,plate1.3_69,X2_24_1_o,3/19/23,266.6333333,319.96,2.0975,X2_24
54,Plate1,70,plate1.3_70,X5_31_3_o,3/19/23,469.2333333,563.08,2.134,X5_31
55,Plate1,71,plate1.3_71,X5_31_2_o,3/19/23,500,733.44,2.152,X5_31
56,Plate1,73,plate1.4_73,X10_39_2_i,3/29/23,179,214.8,2.1295,X10_39
57,Plate1,74,plate1.4_74,A20_1_2_i,3/29/23,500,634.4,2.1245,A20_1
58,Plate1,75,plate1.4_75,X2_24_3_o,3/29/23,205,246,2.1565,X2_24
59,Plate1,78,plate1.4_78,X8_41.5_2_o,3/29/23,284.3333333,341.2,2.133,X8_41.5
60,Plate1,79,plate1.4_79,A20_1_3_i,3/29/23,462.6666667,555.2,2.142,A20_1
61,Plate1,80,plate1.4_80,X8_41.5_3_o,3/29/23,375.6666667,450.8,2.1635,X8_41.5
62,Plate1,81,plate1.4_81,A20_1_3_o,3/29/23,457,548.4,2.191,A20_1
63,Plate1,83,plate1.4_83,X2_24_2_i,3/29/23,128,153.6,2.12,X2_24
64,Plate1,84,plate1.4_84,X10_39_3_o,3/29/23,326.6666667,392,2.109,X10_39
65,Plate1,85,plate1.4_85,A27_1_1_o,3/29/23,157.3333333,188.8,2.1595,A27_1
66,Plate1,87,plate1.4_87,X5_31_1_i,3/29/23,203.6666667,244.4,2.1595,X5_31
67,Plate1,90,plate1.4_90,X10_39_2_o,3/29/23,454.6666667,545.6,2.087,X10_39
68,Plate1,91,plate1.4_91,X4_46_1_i,3/29/23,117.3333333,140.8,2.013,X4_46
69,Plate1,92,plate1.4_92,X2_24_1_i,3/29/23,313,375.6,2.0925,X2_24
70,Plate1,94,plate1.4_94,X11_57_1_i,3/29/23,276,331.2,2.1435,X11_57
71,Plate1,96,plate1.4_96,X10_39_3_i,3/29/23,207,248.4,2.148,X10_39
72,Plate2,10,plate2.1_10,C64_4_1_o,6/5/23,500,672.52,2.122,C64_4
73,Plate2,13,plate2.1_13,X5_36_2_o,6/5/23,500,814.72,2.1875,X5_36
74,Plate2,16,plate2.1_16,A27_4_1_i,6/5/23,278.2333333,333.88,2.171,A27_4
75,Plate2,17,plate2.1_17,A03_2_1_o,6/5/23,500,823.68,2.0625,A03_2
76,Plate2,18,plate2.1_18,A27_4_1_o,6/5/23,500,747.72,2.1765,A27_4
78,Plate2,20,plate2.1_20,A27_4_2_o,6/5/23,500,1566.04,1.9945,A27_4
79,Plate2,21,plate2.1_21,X4_24_1_o,6/5/23,500,1046.4,2.089,X4_24
80,Plate2,22,plate2.1_22,A27_4_2_i,6/5/23,500,764.92,2.1285,A27_4
81,Plate2,24,plate2.1_24,X4_24_2_o,6/5/23,500,938.12,2.1025,X4_24
82,Plate2,3,plate2.1_3,X5_36_3_i,6/5/23,240.3,288.36,2.1195,X5_36
83,Plate2,4,plate2.1_4,C64_4_2_i,6/5/23,231.0333333,277.24,2.1185,C64_4
84,Plate2,6,plate2.1_6,X5_36_2_i,6/5/23,330.0333333,396.04,2.159,X5_36
85,Plate2,7,plate2.1_7,C64_4_1_i,6/5/23,135.5333333,162.64,2.1585,C64_4
86,Plate2,9,plate2.1_9,C64_4_2_o,6/5/23,246.5333333,295.84,2.1495,C64_4
87,Plate2,25,plate2.2_25,C14_3_2_o,6/14/23,490.2333333,588.28,2.1175,C14_3
88,Plate2,26,plate2.2_26,A03_3_1_o,6/14/23,490.6666667,588.8,2.106,A03_3
89,Plate2,27,plate2.2_27,A03_3_3_o,6/14/23,500,613.84,2.122,A03_3
90,Plate2,28,plate2.2_28,X4_32_2_i,6/14/23,500,652.64,2.139,X4_32
91,Plate2,29,plate2.2_29,C14_3_2_i,6/14/23,478.8333333,574.6,2.118,C14_3
92,Plate2,30,plate2.2_30,X4_32_3_i,6/14/23,500,1393.72,2.106,X4_32
93,Plate2,31,plate2.2_31,X4_32_3_o,6/14/23,500,1683.4,2.056,X4_32
94,Plate2,33,plate2.2_33,A04_3_2_o,6/14/23,500,890.4,2.148,A04_3
95,Plate2,34,plate2.2_34,C17_2_3_o,6/14/23,500,967.64,2.158,C17_2
96,Plate2,35,plate2.2_35,X4_32_1_i,6/14/23,500,917.36,2.1085,X4_32
97,Plate2,36,plate2.2_36,A04_3_2_i,6/14/23,232.2666667,278.72,2.103,A04_3
98,Plate2,37,plate2.2_37,X4_24_1_i,6/14/23,351.8,422.16,2.1235,X4_24
99,Plate2,39,plate2.2_39,C14_3_3_o,6/14/23,419.7666667,503.72,2.146,C14_3
100,Plate2,40,plate2.2_40,X5_36_3_o,6/14/23,500,785.84,2.1305,X5_36
101,Plate2,41,plate2.2_41,C14_3_1_i,6/14/23,443.1666667,531.8,2.1285,C14_3
102,Plate2,42,plate2.2_42,A04_3_3_o,6/14/23,500,1064.24,2.123,A04_3
103,Plate2,43,plate2.2_43,A27_3_3_i,6/14/23,307.3,368.76,2.1295,A27_3
104,Plate2,44,plate2.2_44,C14_3_3_i,6/14/23,200.2333333,240.28,2.131,C14_3
105,Plate2,45,plate2.2_45,A03_3_1_i,6/14/23,442.0666667,530.48,2.094,A03_3
106,Plate2,46,plate2.2_46,X4_24_2_i,6/14/23,310.3333333,372.4,2.119,X4_24
107,Plate2,47,plate2.2_47,A03_3_3_i,6/14/23,380.4333333,456.52,2.123,A03_3
108,Plate2,48,plate2.2_48,X4_32_1_o,6/14/23,500,1831.88,2.037,X4_32
109,Plate2,49,plate2.2_49,A04_3_3_i,6/14/23,276.5666667,331.88,2.14,A04_3
110,Plate2,51,plate2.3_51,X4_32_2_o,23-Jul,500,1952.64,2.0135,X4_32
111,Plate2,52,plate2.3_52,A03_2_1_i,23-Jul,308.7333333,370.48,2.141,A03_2
112,Plate2,54,plate2.3_54,C14_2_1_i,23-Jul,500,669.72,2.1065,C14_2
113,Plate2,55,plate2.3_55,A27_3_3_o,23-Jul,500,816.68,2.13,A27_3
114,Plate2,56,plate2.3_56,A27_3_2_o,23-Jul,500,748.36,2.15,A27_3
115,Plate2,57,plate2.3_57,A20_2_2_i,23-Jul,500,791.28,2.1445,A20_2
116,Plate2,58,plate2.3_58,A20_2_1_o,23-Jul,500,1113.96,2.1625,A20_2
117,Plate2,59,plate2.3_59,X5_66_3_o,23-Jul,500,893.6,2.096,X5_66
118,Plate2,60,plate2.3_60,C14_2_2_o,23-Jul,500,726.28,2.1365,C14_2
119,Plate2,61,plate2.3_61,C17_3_1_i,23-Jul,342.5333333,411.04,2.1215,C17_3
120,Plate2,62,plate2.3_62,C17_3_1_o,23-Jul,500,954.72,2.118,C17_3
121,Plate2,63,plate2.3_63,A04_2_3_o,23-Jul,500,1077.08,2.144,A04_2
122,Plate2,64,plate2.3_64,C17_3_2_i,23-Jul,500,686.88,2.1485,C17_3
123,Plate2,65,plate2.3_65,C17_3_2_o,23-Jul,500,1039.88,2.151,C17_3
124,Plate2,66,plate2.3_66,X5_66_2_i,23-Jul,500,767.107,2.165,X5_66
125,Plate2,67,plate2.3_67,X5_66_1_i,23-Jul,500,691.427,2.1745,X5_66
126,Plate2,68,plate2.3_68,C17_3_3_o,23-Jul,500,1133.147,2.175,C17_3
127,Plate2,70,plate2.3_70,X5_66_3_i,23-Jul,500,715.267,2.1745,X5_66
128,Plate2,71,plate2.3_71,X5_66_1_o,23-Jul,500,1179.227,2.175,X5_66
129,Plate2,72,plate2.3_72,A04_2_1_o,23-Jul,500,1114.707,2.183,A04_2
130,Plate2,73,plate2.3_73,X5_66_2_o,23-Jul,500,1206.867,2.164,X5_66
131,Plate2,74,plate2.4_74,X4_24_3_o,23-Jul,401.6,481.92,1.9955,X4_24
132,Plate2,75,plate2.4_75,A03_4_1_i,23-Jul,500,629.8,2.108,A03_4
133,Plate2,76,plate2.4_76,X8_37_2_i,23-Jul,219.1333333,262.96,2.157,X8_37
134,Plate2,77,plate2.4_77,A27_3_2_i,23-Jul,261.6666667,314,2.1825,A27_3
135,Plate2,78,plate2.4_78,A04_2_1_i,23-Jul,500,796.2,2.171,A04_2
136,Plate2,79,plate2.4_79,X4_24_3_i,23-Jul,366.2,439.44,2.161,X4_24
137,Plate2,80,plate2.4_80,X8_37_3_o,23-Jul,500,900.68,2.1785,X8_37
138,Plate2,81,plate2.4_81,C64_3_1_o,23-Jul,500,992.16,2.169,C64_3
139,Plate2,82,plate2.4_82,X9_35_2_i,23-Jul,500,776.52,2.1065,X9_35
140,Plate2,83,plate2.4_83,A04_2_3_i,23-Jul,467.2666667,560.72,2.1435,A04_2
141,Plate2,84,plate2.4_84,X8_37_2_o,23-Jul,361.8,434.16,2.1335,X8_37
142,Plate2,85,plate2.4_85,X8_37_1_o,23-Jul,430.4,516.48,2.177,X8_37
143,Plate2,86,plate2.4_86,C64_3_1_i,23-Jul,500,691.4,2.1855,C64_3
144,Plate2,87,plate2.4_87,A20_2_1_i,23-Jul,500,927.68,2.1805,A20_2
145,Plate2,88,plate2.4_88,A04_2_2_o,23-Jul,368.2333333,441.88,2.162,A04_2
146,Plate2,89,plate2.4_89,X8_37_3_i,23-Jul,500,911.08,2.176,X8_37
147,Plate2,90,plate2.4_90,C14_4_1_i,23-Jul,500,928.52,2.1675,C14_4
148,Plate2,91,plate2.4_91,X8_37_1_i,23-Jul,500,913.52,2.1505,X8_37
149,Plate2,92,plate2.4_92,C14_3_1_o,23-Jul,500,816.88,2.1725,C14_3
150,Plate2,93,plate2.4_93,A04_2_2_i,23-Jul,427.8,513.36,2.1715,A04_2
151,Plate2,94,plate2.4_94,C14_4_1_o,23-Jul,500,1704.2,2.086,C14_4
152,Plate2,95,plate2.4_95,A03_4_1_o,23-Jul,500,929.2,2.136,A03_4
153,Plate2,96,plate2.4_96,X9_35_2_o,23-Jul,500,1069.2,2.083,X9_35
154,Plate2,97,plate2.4_97,A20_2_2_o,23-Jul,500,1358.04,2.1635,A20_2
155,Plate2,101,plate2.5_101,X2_45_2_o,8/5/23,179.9666667,215.96,2.149,X2_45
156,Plate2,102,plate2.5_102,A03_2_3_i,8/5/23,455.6333333,546.76,2.133,A03_2
157,Plate2,103,plate2.5_103,C14_2_3_i,8/5/23,500,935.52,2.1335,C14_2
158,Plate2,104,plate2.5_104,C14_2_1_i,8/5/23,500,676.08,2.1435,C14_2
159,Plate2,105,plate2.5_105,A20_2_3_o,8/5/23,500,1394.52,2.141,A20_2
160,Plate2,106,plate2.5_106,C14_2_2_i,8/5/23,481.9,578.28,2.1335,C14_2
161,Plate2,108,plate2.5_108,C14_2_3_o,8/5/23,500,763,2.103,C14_2
162,Plate2,109,plate2.5_109,C17_2_2_i,8/5/23,500,836.32,2.11,C17_2
163,Plate2,110,plate2.5_110,A03_2_3_o,8/5/23,500,819.16,2.1415,A03_2
164,Plate2,111,plate2.5_111,X9_35_1_i,8/5/23,500,776.96,2.144,X9_35
165,Plate2,112,plate2.5_112,X2_45_1_i,8/5/23,500,921.88,2.141,X2_45
166,Plate2,113,plate2.5_113,C17_2_3_i,8/5/23,500,1402.76,2.1245,C17_2
167,Plate2,115,plate2.5_115,X2_45_3_o,8/5/23,500,1057.44,2.129,X2_45
168,Plate2,117,plate2.5_117,C17_2_2_o,8/5/23,500,1316.96,2.1195,C17_2
169,Plate2,118,plate2.5_118,C17_3_3_i,8/5/23,500,651.32,2.1245,C17_3
170,Plate2,119,plate2.5_119,X2_45_3_i,8/5/23,374.5333333,449.44,2.1445,X2_45
171,Plate2,120,plate2.5_120,X9_35_1_o,8/5/23,500,1169.24,2.1435,X9_35
172,Plate2,121,plate2.5_121,X2_45_1_o,8/5/23,500,984.44,2.1505,X2_45
173,Plate2,98,plate2.5_98,X2_45_2_i,8/5/23,500,620.52,2.09,X2_45
174,Plate1,40,plate1.2_40,X11_68_2_o,2/22/23,485.25,582.3,2.1695,X11_68
175,Plate1,49,plate1.3_49,C64_1_1_o,3/19/23,354.4,425.28,2.2005,C64_1
176,Plate1,72,plate1.3_72,C64_1_3_i,3/19/23,349.1333333,418.96,2.142,C64_1
177,Plate1,82,plate1.4_82,A27_1_3_o,3/29/23,218.6666667,262.4,2.1655,A27_1
178,Plate1,86,plate1.4_86,X4_46_3_o,3/29/23,500,1078.4,1.965,X4_46
179,Plate2,12,plate2.1_12,X5_36_1_i,6/5/23,459.2333333,551.08,2.165,X5_36
180,Plate2,14,plate2.1_14,A03_4_2_i,6/5/23,481.4333333,577.72,2.1385,A03_4
181,Plate2,15,plate2.1_15,A03_4_3_o,6/5/23,490.2666667,588.32,2.175,A03_4
182,Plate2,23,plate2.1_23,A27_4_3_i,6/5/23,483.7666667,580.52,2.1395,A27_4
183,Plate2,5,plate2.1_5,C64_4_3_i,6/5/23,250.2666667,300.32,2.176,C64_4
184,Plate2,8,plate2.1_8,C14_4_3_o,6/5/23,275.2666667,330.32,2.147,C14_4
185,Plate2,38,plate2.2_38,A04_3_1_o,6/14/23,500,939.52,2.127,A04_3
186,Plate2,53,plate2.3_53,A27_3_1_o,23-Jul,418.2,501.84,2.0845,A27_3
187,Plate2,69,plate2.3_69,A03_3_2_o,23-Jul,500,1034.027,2.1775,A03_3
188,Plate2,107,plate2.5_107,C64_3_2_o,8/5/23,500,1080.2,2.1625,C64_3
189,Plate2,114,plate2.5_114,A03_2_2_o,8/5/23,500,860.56,2.1305,A03_2
190,Plate2,116,plate2.5_116,C64_3_3_i,8/5/23,457.5333333,549.04,2.115,C64_3
191,Plate2,99,plate2.5_99,C17_2_1_i,8/5/23,500,1128.28,2.094,C17_2