"","x"
"1","TCDM_1_A01_A04_1_2_o"
"2","TCDM_1_B01_A04_1_1_o"
"3","TCDM_1_C01_BLANK"
"4","TCDM_1_D01_A04_1_3_i"
"5","TCDM_1_E01_A04_1_3_o"
"6","TCDM_1_F01_A27_1_2_i"
"7","TCDM_1_G01_C17_1_2_o"
"8","TCDM_1_H01_C17_1_2_i"
"9","TCDM_1_A02_X1_54_2_o"
"10","TCDM_1_B02_X9_27_1_i"
"11","TCDM_1_C02_X9_27_2_i"
"12","TCDM_1_D02_X9_27_3_o"
"13","TCDM_1_E02_X11_57_2_o"
"14","TCDM_1_F02_X11_57_3_o"
"15","TCDM_1_G02_X9_27_2_o"
"16","TCDM_1_H02_X11_57_1_o"
"17","TCDM_1_A03_A27_1_1_i"
"18","TCDM_1_B03_X1_54_2_i"
"19","TCDM_1_C03_X11_57_2_i"
"20","TCDM_1_D03_X9_27_3_i"
"21","TCDM_1_E03_C17_1_3_i"
"22","TCDM_1_F03_X11_57_3_i"
"23","TCDM_1_G03_X9_27_1_o"
"24","TCDM_1_H03_A04_1_2_o"
"25","TCDM_1_A04_X4_67_2_o"
"26","TCDM_1_B04_C64_1_2_o"
"27","TCDM_1_C04_A04_1_1_i"
"28","TCDM_1_D04_X4_67_3_i"
"29","TCDM_1_E04_A04_1_2_i"
"30","TCDM_1_F04_C17_1_1_i"
"31","TCDM_1_G04_X4_67_2_i"
"32","TCDM_1_H04_X4_67_1_i"
"33","TCDM_1_A05_C64_1_2_i"
"34","TCDM_1_B05_C64_1_1_o"
"35","TCDM_1_C05_X5_31_3_i"
"36","TCDM_1_D05_X4_67_3_o"
"37","TCDM_1_E05_X5_31_2_i"
"38","TCDM_1_F05_C17_1_1_o"
"39","TCDM_1_F05_C17_1_1_o_ACCGTG_S38_R1_001_trimmed_still3adapt_ReadsPerGene.out.tab"
"40","TCDM_1_G05_A20_1_1_o"
"41","TCDM_1_H05_C17_1_3_o"
"42","TCDM_1_A06_A20_1_1_i"
"43","TCDM_1_B06_A20_1_2_o"
"44","TCDM_1_C06_X5_31_1_o"
"45","TCDM_1_D06_X4_67_1_o"
"46","TCDM_1_E06_A27_1_2_o"
"47","TCDM_1_F06_X5_31_3_o"
"48","TCDM_1_G06_X5_31_2_o"
"49","TCDM_1_H06_C64_1_3_i"
"50","TCDM_1_A07_A20_1_2_i"
"51","TCDM_1_B07_A20_1_3_i"
"52","TCDM_1_C07_A20_1_3_o"
"53","TCDM_1_D07_A27_1_3_o"
"54","TCDM_1_E07_A27_1_1_o"
"55","TCDM_1_F07_X5_31_1_i"
"56","TCDM_1_G07_X11_57_1_i"
"57","TCDM_1_H07_X2_45_2_i"
"58","TCDM_1_A08_X2_45_2_o"
"59","TCDM_1_B08_X2_45_1_i"
"60","TCDM_1_C08_X2_45_3_o"
"61","TCDM_1_D08_X2_45_3_i"
"62","TCDM_1_E08_X2_45_1_o"
"63","TCDM_1_F08_X11_68_1_o"
"64","TCDM_1_G08_X11_68_1_i"
"65","TCDM_1_H08_X11_68_3_i"
"66","TCDM_1_A09_X11_68_3_o"
"67","TCDM_1_B09_X11_68_2_o"
"68","TCDM_1_C09_A20_2_3_o"
"69","TCDM_1_D09_A03_2_1_o"
"70","TCDM_1_E09_C17_2_3_o"
"71","TCDM_1_F09_A03_2_1_i"
"72","TCDM_1_G09_C14_2_1_i"
"73","TCDM_1_H09_A20_2_2_i"
"74","TCDM_1_A10_A20_2_1_o"
"75","TCDM_1_B10_C14_2_2_o"
"76","TCDM_1_C10_A04_2_3_o"
"77","TCDM_1_D10_A04_2_1_o"
"78","TCDM_1_E10_A04_2_1_i"
"79","TCDM_1_F10_A04_2_3_i"
"80","TCDM_1_G10_A20_2_1_i"
"81","TCDM_1_H10_A04_2_2_o"
"82","TCDM_1_A11_A04_2_2_i"
"83","TCDM_1_B11_A20_2_2_o"
"84","TCDM_1_C11_C17_2_1_i"
"85","TCDM_1_D11_A03_2_3_i"
"86","TCDM_1_E11_C14_2_3_i"
"87","TCDM_1_F11_C14_2_1_i"
"88","TCDM_1_G11_A20_2_3_o"
"89","TCDM_1_H11_C14_2_2_i"
"90","TCDM_1_A12_C14_2_3_o"
"91","TCDM_1_B12_C17_2_2_i"
"92","TCDM_1_C12_A03_2_3_o"
"93","TCDM_1_D12_C17_2_3_i"
"94","TCDM_1_E12_A03_2_2_o"
"95","TCDM_1_F12_C17_2_2_o"
"96","TCDM_1_G12_X8_415_3_i"
"97","TCDM_1_H12_X8_415_3_o"
"98","TCDM_2_A01_X4_46_1_o"
"99","TCDM_2_B01_X8_415_2_i"
"100","TCDM_2_C01_X8_415_2_o"
"101","TCDM_2_D01_X4_46_3_o"
"102","TCDM_2_E01_X4_46_1_i"
"103","TCDM_2_F01_C14_3_2_o"
"104","TCDM_2_G01_A03_3_1_o"
"105","TCDM_2_H01_A03_3_3_o"
"106","TCDM_2_A02_X4_32_2_i"
"107","TCDM_2_B02_C14_3_2_i"
"108","TCDM_2_C02_X4_32_3_i"
"109","TCDM_2_D02_X4_32_3_o"
"110","TCDM_2_E02_A04_3_2_o"
"111","TCDM_2_F02_X4_32_1_i"
"112","TCDM_2_G02_A04_3_2_i"
"113","TCDM_2_H02_A04_3_1_o"
"114","TCDM_2_A03_C14_3_3_o"
"115","TCDM_2_B03_C14_3_1_i"
"116","TCDM_2_C03_A04_3_3_o"
"117","TCDM_2_D03_A27_3_3_i"
"118","TCDM_2_E03_C14_3_3_i"
"119","TCDM_2_F03_A03_3_1_i"
"120","TCDM_2_G03_A03_3_3_i"
"121","TCDM_2_H03_X4_32_1_o"
"122","TCDM_2_A04_A04_3_3_i"
"123","TCDM_2_B04_X4_32_2_o"
"124","TCDM_2_C04_A27_3_1_o"
"125","TCDM_2_D04_A27_3_3_o"
"126","TCDM_2_E04_A27_3_2_o"
"127","TCDM_2_F04_X5_66_3_o"
"128","TCDM_2_G04_C17_3_1_i"
"129","TCDM_2_H04_C17_3_1_o"
"130","TCDM_2_A05_C17_3_2_i"
"131","TCDM_2_B05_C17_3_2_o"
"132","TCDM_2_C05_X5_66_2_i"
"133","TCDM_2_D05_X5_66_1_i"
"134","TCDM_2_E05_C17_3_3_o"
"135","TCDM_2_F05_A03_3_2_o"
"136","TCDM_2_G05_X5_66_3_i"
"137","TCDM_2_H05_X5_66_1_o"
"138","TCDM_2_A06_X5_66_2_o"
"139","TCDM_2_B06_A27_3_2_i"
"140","TCDM_2_C06_C64_3_1_o"
"141","TCDM_2_D06_X9_35_2_i"
"142","TCDM_2_E06_C64_3_1_i"
"143","TCDM_2_F06_C14_3_1_o"
"144","TCDM_2_G06_X9_35_2_o"
"145","TCDM_2_H06_C64_3_2_o"
"146","TCDM_2_A07_X9_35_1_i"
"147","TCDM_2_B07_C64_3_3_i"
"148","TCDM_2_C07_C17_3_3_i"
"149","TCDM_2_D07_X9_35_1_o"
"150","TCDM_2_E07_X2_24_3_i"
"151","TCDM_2_F07_X2_24_2_o"
"152","TCDM_2_G07_X2_24_1_o"
"153","TCDM_2_H07_X10_39_2_i"
"154","TCDM_2_A08_X2_24_3_o"
"155","TCDM_2_B08_X2_24_2_i"
"156","TCDM_2_C08_X10_39_3_o"
"157","TCDM_2_D08_X10_39_2_o"
"158","TCDM_2_E08_X2_24_1_i"
"159","TCDM_2_F08_X10_39_3_i"
"160","TCDM_2_G08_X5_36_3_i"
"161","TCDM_2_H08_C64_4_2_i"
"162","TCDM_2_A09_C64_4_3_i"
"163","TCDM_2_B09_X5_36_2_i"
"164","TCDM_2_C09_C64_4_1_i"
"165","TCDM_2_D09_C14_4_3_o"
"166","TCDM_2_E09_C64_4_2_o"
"167","TCDM_2_F09_C64_4_1_o"
"168","TCDM_2_G09_X5_36_1_i"
"169","TCDM_2_H09_X5_36_2_o"
"170","TCDM_2_A10_A03_4_2_i"
"171","TCDM_2_B10_A03_4_3_o"
"172","TCDM_2_C10_A27_4_1_i"
"173","TCDM_2_D10_A27_4_1_o"
"174","TCDM_2_E10_A27_4_2_o"
"175","TCDM_2_F10_X4_24_1_o"
"176","TCDM_2_G10_A27_4_2_i"
"177","TCDM_2_H10_A27_4_3_i"
"178","TCDM_2_A11_X4_24_2_o"
"179","TCDM_2_B11_X4_24_1_i"
"180","TCDM_2_C11_X5_36_3_o"
"181","TCDM_2_D11_X4_24_2_i"
"182","TCDM_2_E11_X4_24_3_o"
"183","TCDM_2_F11_BLANK"
"184","TCDM_2_G11_A03_4_1_i"
"185","TCDM_2_H11_X8_37_2_i"
"186","TCDM_2_A12_X4_24_3_i"
"187","TCDM_2_B12_X8_37_3_o"
"188","TCDM_2_C12_X8_37_2_o"
"189","TCDM_2_D12_X8_37_1_o"
"190","TCDM_2_E12_X8_37_3_i"
"191","TCDM_2_F12_C14_4_1_i"
"192","TCDM_2_G12_X8_37_1_i"
"193","TCDM_2_H12_C14_4_1_o"
