"","tubeID","mean_ng.uL","mean_ratio","mean_230","sd_ng.uL","sd_ratio","sd_230","na.rm","sample_ID","SampleID","plate","QCcheck","genotype","root","uL_to_pipet","water_to_pipet","final_conc","block"
"1","plate1.1_1",794.5,2.16175,NA,241.000867494981,0.0217466472511665,NA,TRUE,"1","A04_1_2_o","plate1.1","PASS","A04_1","A04_1_2",18.8797986154814,6.12020138451857,500,1
"2","plate1.1_11",644.2,2.102,NA,38.1837661840736,0.106066017177982,NA,TRUE,"11","X11_68_1_o","plate1.1","PASS","X11_68","X11_68_1",23.2846941943496,1.71530580565042,500,2
"3","plate1.1_12",634.92,2.169,NA,50.4025713629771,0.014142135623731,NA,TRUE,"12","X9_27_1_i","plate1.1","PASS","X9_27","X9_27_1",23.6250236250236,1.37497637497637,500,1
"4","plate1.1_13",850.72,2.1135,NA,6.33567675943149,0.0134350288425445,NA,TRUE,"13","X9_27_2_i","plate1.1","PASS","X9_27","X9_27_2",17.6321233778446,7.36787662215535,500,1
"5","plate1.1_14",710.36,2.141,NA,81.1758584802156,0,NA,TRUE,"14","X9_27_3_o","plate1.1","PASS","X9_27","X9_27_3",21.1160538318599,3.8839461681401,500,1
"6","plate1.1_17",1067.14,2.14,NA,114.166425887824,0.0454972526643093,NA,TRUE,"17","X11_57_2_o","plate1.1","PASS","X11_57","X11_57_2",14.0562625335008,10.9437374664992,500,1
"7","plate1.1_18",809.4,2.15725,NA,52.7908476916217,0.0164595463687998,NA,TRUE,"18","X11_57_3_o","plate1.1","PASS","X11_57","X11_57_3",18.5322461082283,6.46775389177168,500,1
"8","plate1.1_19",884.26,2.089,NA,176.82174677718,0.0355152549383125,NA,TRUE,"19","X9_27_2_o","plate1.1","PASS","X9_27","X9_27_2",16.9633365752154,8.03666342478456,500,1
"9","plate1.1_2",1071.56,2.14075,NA,398.295142827527,0.0376508078709253,NA,TRUE,"2","A04_1_1_o","plate1.1","PASS","A04_1","A04_1_1",13.9982828773004,11.0017171226996,500,1
"10","plate1.1_20",1346.04,2.0715,NA,194.09363513521,0.0319217793990247,NA,TRUE,"20","X11_57_1_o","plate1.1","PASS","X11_57","X11_57_1",11.1437995899082,13.8562004100918,500,1
"11","plate1.1_21",516.22,2.123,NA,25.9559729799007,0.0250732260921219,NA,TRUE,"21","A27_1_1_i","plate1.1","PASS","A27_1","A27_1_1",25,0,430.183333333333,1
"12","plate1.1_22",721.54,2.1265,NA,22.144964815205,0.0230434372436057,NA,TRUE,"22","X1_54_2_i","plate1.1","PASS","X1_54","X1_54_2",20.7888682540123,4.21113174598775,500,1
"13","plate1.1_23",765.78,2.12775,NA,13.4690756921179,0.00793200268952723,NA,TRUE,"23","X11_57_2_i","plate1.1","PASS","X11_57","X11_57_2",19.5878711901591,5.41212880984095,500,1
"14","plate1.1_24",949.94,2.11525,NA,12.6924439464326,0.0117011395456455,NA,TRUE,"24","X9_27_3_i","plate1.1","PASS","X9_27","X9_27_3",15.7904709771143,9.20952902288566,500,1
"15","plate1.1_3",413.6,2.15025,NA,129.62612082447,0.0429524931367978,NA,TRUE,"3","A04_1_3_i","plate1.1","PASS","A04_1","A04_1_3",25,0,344.666666666667,1
"16","plate1.1_4",1102.14,2.11375,NA,320.572317374203,0.0364360169795401,NA,TRUE,"4","A04_1_3_o","plate1.1","PASS","A04_1","A04_1_3",13.6098862213512,11.3901137786488,500,1
"17","plate1.1_5",407.4,2.083,NA,198.866349759497,0.0701094382614305,NA,TRUE,"5","A27_1_2_i","plate1.1","PASS","A27_1","A27_1_2",25,0,339.5,1
"18","plate1.1_6",721.24,2.1295,NA,356.009327218637,0.0280059517483934,NA,TRUE,"6","C17_1_2_o","plate1.1","PASS","C17_1","C17_1_2",20.7975153901614,4.20248460983861,500,1
"19","plate1.1_8",468.02,2.14525,NA,51.7531113396415,0.0074105780251385,NA,TRUE,"8","C17_1_2_i","plate1.1","PASS","C17_1","C17_1_2",25,0,390.016666666667,1
"20","plate1.1_9",441.64,2.1345,NA,66.5811745165253,0.0275771644662751,NA,TRUE,"9","X1_54_2_o","plate1.1","PASS","X1_54","X1_54_2",25,0,368.033333333333,1
"21","plate1.2_25",567.5,2.088,1.1112443775,37.2786695041548,0.00848528137423858,0.00360444216886609,TRUE,"25","C17_1_3_i","plate1.2","PASS","C17_1","C17_1_3",25,0,472.916666666667,1
"22","plate1.2_26",447.5,2.151,1.0177865615,3.22440692221062,0.00848528137423858,0.0251539965012832,TRUE,"26","X11_57_3_i","plate1.2","PASS","X11_57","X11_57_3",25,0,372.916666666667,1
"23","plate1.2_27",373.26,2.1375,1.095431931,1.86676190233248,0.0346482322781408,0.0364586943385552,TRUE,"27","X8_41.5_3_i","plate1.2","PASS","X8_41.5","X8_41.5_3",25,0,311.05,3
"24","plate1.2_28",367.7,2.1505,0.944995686,43.1052293811319,0.0261629509039022,0.00335555401691727,TRUE,"28","X8_41.5_2_i","plate1.2","PASS","X8_41.5","X8_41.5_2",25,0,306.416666666667,3
"25","plate1.2_29",259.94,2.159,1.0308219175,4.52548339959389,0.0367695526217005,0.00484319708298271,TRUE,"29","X11_68_1_i","plate1.2","PASS","X11_68","X11_68_1",25,0,216.616666666667,2
"26","plate1.2_30",665.82,2.166,1.0861389295,7.41047906683495,0.00424264068711945,0.00964326277363335,TRUE,"30","X9_27_1_o","plate1.2","PASS","X9_27","X9_27_1",22.5286113363972,2.47138866360277,500,1
"27","plate1.2_32",1140.82,2.1525,1.084291634,2.03646752981717,0.00212132034355972,0.00154749470534542,TRUE,"32","A04_1_2_o","plate1.2","PASS","A04_1","A04_1_2",13.1484370891113,11.8515629108887,500,1
"28","plate1.2_34",622.74,2.1335,1.090992006,14.7078210486802,0.0388908729652602,0.0119122022643675,TRUE,"34","X4_67_2_o","plate1.2","PASS","X4_67","X4_67_2",24.0870989498025,0.912901050197515,500,1
"29","plate1.2_36",992.42,2.0265,1.046878662,69.6924443537462,0.0148492424049174,0.0164363464037178,TRUE,"36","C64_1_2_o","plate1.2","PASS","C64_1","C64_1_2",15.1145684286895,9.88543157131054,500,1
"30","plate1.2_37",447.22,1.954,1.0461737575,4.07293505963455,0.193747258045114,0.060662787631623,TRUE,"37","X11_68_3_i","plate1.2","PASS","X11_68","X11_68_3",25,0,372.683333333333,2
"31","plate1.2_38",640.78,2.114,1.1131887215,33.9976940394492,0.00424264068711913,0.00426983530681694,TRUE,"38","X11_68_3_o","plate1.2","PASS","X11_68","X11_68_3",23.4089703174256,1.59102968257436,500,2
"32","plate1.2_39",410.58,2.1335,1.0714257365,1.47078210486801,0.0275771644662755,0.0141735700556886,TRUE,"39","A04_1_1_i","plate1.2","PASS","A04_1","A04_1_1",25,0,342.15,1
"33","plate1.2_41",664.78,2.143,1.105556277,0.622253967444159,0.012727922061358,0.0142137782685872,TRUE,"41","X4_67_3_i","plate1.2","PASS","X4_67","X4_67_3",22.563855711664,2.43614428833599,500,1
"34","plate1.2_42",606.5,2.101,1.077228261,116.983745879502,0.11879393923934,0.0137578386445053,TRUE,"42","A04_1_2_i","plate1.2","PASS","A04_1","A04_1_2",24.7320692497939,0.267930750206101,500,1
"35","plate1.2_43",1016.5,2.118,1.07540169,181.471884323716,0.0975807358037435,0.0274723655844493,TRUE,"43","C17_1_1_i","plate1.2","PASS","C17_1","C17_1_1",14.756517461879,10.243482538121,500,1
"36","plate1.2_44",397.22,1.914,1.0292555695,55.7765828999949,0.280014285349873,0.0521280992923693,TRUE,"44","X4_46_1_o","plate1.2","PASS","X4_46","X4_46_1",25,0,331.016666666667,3
"37","plate1.2_45",520.74,2.1245,1.076982883,55.4371716450254,0.0304055915910213,0.0059198244329886,TRUE,"45","X4_67_2_i","plate1.2","PASS","X4_67","X4_67_2",25,0,433.95,1
"38","plate1.2_46",380.9,2.127,1.1285790435,3.73352380466499,0.0113137084989845,0.012976906379829,TRUE,"46","X4_67_1_i","plate1.2","PASS","X4_67","X4_67_1",25,0,317.416666666667,1
"39","plate1.2_48",283.46,2.151,1.0579452395,2.71529003975632,0.00707106781186564,0.00988510602072137,TRUE,"48","C64_1_2_i","plate1.2","PASS","C64_1","C64_1_2",25,0,236.216666666667,1
"40","plate1.3_51",196.84,2.08,1.047604183,36.7695526217005,0.0480832611206853,0.228675706841144,TRUE,"51","X5_31_3_i","plate1.3","PASS","X5_31","X5_31_3",25,0,164.033333333333,1
"41","plate1.3_53",398.44,2.057,1.066149068,3.5072496346853,0.00424264068711945,0.00746634474518947,TRUE,"53","X4_67_3_o","plate1.3","PASS","X4_67","X4_67_3",25,0,332.033333333333,1
"42","plate1.3_54",189.88,2.112,0.988103488,3.62038671967513,0.0254558441227157,0.0677868594606994,TRUE,"54","X5_31_2_i","plate1.3","PASS","X5_31","X5_31_2",25,0,158.233333333333,1
"43","plate1.3_57",544.84,2.1625,1.0230366205,142.326452917228,0.0247487373415293,0.0100414331879061,TRUE,"57","C17_1_1_o","plate1.3","PASS","C17_1","C17_1_1",25,0,454.033333333333,1
"44","plate1.3_58",507.24,2.1635,1.0406780735,51.5905107553705,0.0134350288425445,0.00375510399652001,TRUE,"58","A20_1_1_o","plate1.3","PASS","A20_1","A20_1_1",25,0,422.7,1
"45","plate1.3_60",175.32,2.1945,0.807835941,39.5979797464467,0.166170093578839,0.210934628217984,TRUE,"60","X2_24_3_i","plate1.3","PASS","X2_24","X2_24_3",25,0,146.1,4
"46","plate1.3_61",399.92,2.0695,1.0556599435,29.4722106398553,0.0459619407771256,0.0531184207241974,TRUE,"61","C17_1_3_o","plate1.3","PASS","C17_1","C17_1_3",25,0,333.266666666667,1
"47","plate1.3_63",471.6,2.128,1.0280287335,29.4722106398553,0.0282842712474619,0.00490354440411641,TRUE,"63","A20_1_1_i","plate1.3","PASS","A20_1","A20_1_1",25,0,393,1
"48","plate1.3_64",816.64,2.171,1.050277075,9.44694659665229,0.00565685424949239,0.00568735600760577,TRUE,"64","A20_1_2_o","plate1.3","PASS","A20_1","A20_1_2",18.3679467084639,6.63205329153605,500,1
"49","plate1.3_65",303.56,2.15,0.97217661,19.7989898732233,0.00565685424949239,0.00941776995664691,TRUE,"65","X2_24_2_o","plate1.3","PASS","X2_24","X2_24_2",25,0,252.966666666667,4
"50","plate1.3_66",365.48,2.1655,0.992688763,19.2333044482741,0.0176776695296636,0.01685676381154,TRUE,"66","X5_31_1_o","plate1.3","PASS","X5_31","X5_31_1",25,0,304.566666666667,1
"51","plate1.3_67",785.48,2.0885,1.0881014705,14.9340952186599,0.0728319984622145,0.0352431106065514,TRUE,"67","X4_67_1_o","plate1.3","PASS","X4_67","X4_67_1",19.0966033508173,5.90339664918267,500,1
"52","plate1.3_68",350.2,2.065,1.060223489,43.2183664661218,0.0311126983722081,0.054918317902194,TRUE,"68","A27_1_2_o","plate1.3","PASS","A27_1","A27_1_2",25,0,291.833333333333,1
"53","plate1.3_69",319.96,2.0975,0.9744110375,6.44881384442132,0.0190918830920369,0.0218307600926931,TRUE,"69","X2_24_1_o","plate1.3","PASS","X2_24","X2_24_1",25,0,266.633333333333,4
"54","plate1.3_70",563.08,2.134,1.0108563685,11.6531197539543,0.0212132034355963,0.0110806750952836,TRUE,"70","X5_31_3_o","plate1.3","PASS","X5_31","X5_31_3",25,0,469.233333333333,1
"55","plate1.3_71",733.44,2.152,1.0595029555,17.5928167159213,0.0325269119345811,0.0161244239248669,TRUE,"71","X5_31_2_o","plate1.3","PASS","X5_31","X5_31_2",20.4515706806283,4.54842931937173,500,1
"56","plate1.4_73",214.8,2.1295,NA,6.22253967444161,0.00212132034355941,NA,TRUE,"73","X10_39_2_i","plate1.4","PASS","X10_39","X10_39_2",25,0,179,4
"57","plate1.4_74",634.4,2.1245,NA,67.8822509939086,0.00212132034355941,NA,TRUE,"74","A20_1_2_i","plate1.4","PASS","A20_1","A20_1_2",23.6443883984868,1.35561160151324,500,1
"58","plate1.4_75",246,2.1565,NA,94.4694659665228,0.00212132034355972,NA,TRUE,"75","X2_24_3_o","plate1.4","PASS","X2_24","X2_24_3",25,0,205,4
"59","plate1.4_78",341.2,2.133,NA,18.6676190233248,0.0169705627484772,NA,TRUE,"78","X8_41.5_2_o","plate1.4","PASS","X8_41.5","X8_41.5_2",25,0,284.333333333333,3
"60","plate1.4_79",555.2,2.142,NA,4.52548339959389,0.0183847763108501,NA,TRUE,"79","A20_1_3_i","plate1.4","PASS","A20_1","A20_1_3",25,0,462.666666666667,1
"61","plate1.4_80",450.8,2.1635,NA,6.22253967444163,0.000707106781186784,NA,TRUE,"80","X8_41.5_3_o","plate1.4","PASS","X8_41.5","X8_41.5_3",25,0,375.666666666667,3
"62","plate1.4_81",548.4,2.191,NA,20.9303607231218,0,NA,TRUE,"81","A20_1_3_o","plate1.4","PASS","A20_1","A20_1_3",25,0,457,1
"63","plate1.4_83",153.6,2.12,NA,5.65685424949238,0.0579827560572968,NA,TRUE,"83","X2_24_2_i","plate1.4","PASS","X2_24","X2_24_2",25,0,128,4
"64","plate1.4_84",392,2.109,NA,126.713535188629,0.0509116882454315,NA,TRUE,"84","X10_39_3_o","plate1.4","PASS","X10_39","X10_39_3",25,0,326.666666666667,4
"65","plate1.4_85",188.8,2.1595,NA,7.91959594928934,0.0120208152801716,NA,TRUE,"85","A27_1_1_o","plate1.4","PASS","A27_1","A27_1_1",25,0,157.333333333333,1
"66","plate1.4_87",244.4,2.1595,NA,6.22253967444163,0.00636396103067917,NA,TRUE,"87","X5_31_1_i","plate1.4","PASS","X5_31","X5_31_1",25,0,203.666666666667,1
"67","plate1.4_90",545.6,2.087,NA,15.8391918985786,0.0438406204335658,NA,TRUE,"90","X10_39_2_o","plate1.4","PASS","X10_39","X10_39_2",25,0,454.666666666667,4
"68","plate1.4_91",140.8,2.013,NA,1.13137084989847,0.127279220613579,NA,TRUE,"91","X4_46_1_i","plate1.4","PASS","X4_46","X4_46_1",25,0,117.333333333333,3
"69","plate1.4_92",375.6,2.0925,NA,10.7480230740355,0.0120208152801712,NA,TRUE,"92","X2_24_1_i","plate1.4","PASS","X2_24","X2_24_1",25,0,313,4
"70","plate1.4_94",331.2,2.1435,NA,4.52548339959389,0.00636396103067917,NA,TRUE,"94","X11_57_1_i","plate1.4","PASS","X11_57","X11_57_1",25,0,276,1
"71","plate1.4_96",248.4,2.148,NA,9.61665222413704,0.0226274169979695,NA,TRUE,"96","X10_39_3_i","plate1.4","PASS","X10_39","X10_39_3",25,0,207,4
"72","plate2.1_10",672.52,2.122,NA,58.4353043972563,0.00282842712474619,NA,TRUE,"10","C64_4_1_o","plate2.1","PASS","C64_4","C64_4_1",22.3041693927318,2.69583060726819,500,4
"73","plate2.1_13",814.72,2.1875,NA,66.5246059740304,0.000707106781186784,NA,TRUE,"13","X5_36_2_o","plate2.1","PASS","X5_36","X5_36_2",18.4112333071485,6.58876669285153,500,4
"74","plate2.1_16",333.88,2.171,NA,2.77185858225124,0.00282842712474619,NA,TRUE,"16","A27_4_1_i","plate2.1","PASS","A27_4","A27_4_1",25,0,278.233333333333,4
"75","plate2.1_17",823.68,2.0625,NA,65.6195092941117,0.0855599205235726,NA,TRUE,"17","A03_2_1_o","plate2.1","PASS","A03_2","A03_2_1",18.2109557109557,6.78904428904429,500,2
"76","plate2.1_18",747.72,2.1765,NA,59.340401077175,0.0219203102167831,NA,TRUE,"18","A27_4_1_o","plate2.1","PASS","A27_4","A27_4_1",20.0609853956026,4.93901460439737,500,4
"77","plate2.1_2",321.24,2.286,NA,54.8149176775811,0.0424264068711929,NA,TRUE,"2","A20_2_3_o","plate2.1","PASS","A20_2","A20_2_3",25,0,267.7,2
"78","plate2.1_20",1566.04,1.9945,NA,29.698484809835,0.0148492424049174,NA,TRUE,"20","A27_4_2_o","plate2.1","PASS","A27_4","A27_4_2",9.57829940486833,15.4217005951317,500,4
"79","plate2.1_21",1046.4,2.089,NA,17.3099740034467,0.00141421356237294,NA,TRUE,"21","X4_24_1_o","plate2.1","PASS","X4_24","X4_24_1",14.3348623853211,10.6651376146789,500,4
"80","plate2.1_22",764.92,2.1285,NA,56.1725626974593,0.0318198051533946,NA,TRUE,"22","A27_4_2_i","plate2.1","PASS","A27_4","A27_4_2",19.609893845108,5.39010615489202,500,4
"81","plate2.1_24",938.12,2.1025,NA,17.819090885901,0.0176776695296639,NA,TRUE,"24","X4_24_2_o","plate2.1","PASS","X4_24","X4_24_2",15.9894256598303,9.0105743401697,500,4
"82","plate2.1_3",288.36,2.1195,NA,25.6255497502005,0.00777817459305211,NA,TRUE,"3","X5_36_3_i","plate2.1","PASS","X5_36","X5_36_3",25,0,240.3,4
"83","plate2.1_4",277.24,2.1185,NA,17.0271312909721,0.00353553390593266,NA,TRUE,"4","C64_4_2_i","plate2.1","PASS","C64_4","C64_4_2",25,0,231.033333333333,4
"84","plate2.1_6",396.04,2.159,NA,15.6694862710939,0.0579827560572971,NA,TRUE,"6","X5_36_2_i","plate2.1","PASS","X5_36","X5_36_2",25,0,330.033333333333,4
"85","plate2.1_7",162.64,2.1585,NA,3.62038671967511,0.0148492424049174,NA,TRUE,"7","C64_4_1_i","plate2.1","PASS","C64_4","C64_4_1",25,0,135.533333333333,4
"86","plate2.1_9",295.84,2.1495,NA,3.95979797464464,0.0134350288425442,NA,TRUE,"9","C64_4_2_o","plate2.1","PASS","C64_4","C64_4_2",25,0,246.533333333333,4
"87","plate2.2_25",588.28,2.1175,NA,102.615336085792,0.00212132034355972,NA,TRUE,"25","C14_3_2_o","plate2.2","PASS","C14_3","C14_3_2",25,0,490.233333333333,3
"88","plate2.2_26",588.8,2.106,NA,10.1257691065914,0.0268700576850887,NA,TRUE,"26","A03_3_1_o","plate2.2","PASS","A03_3","A03_3_1",25,0,490.666666666667,3
"89","plate2.2_27",613.84,2.122,NA,78.1211571854898,0.00141421356237325,NA,TRUE,"27","A03_3_3_o","plate2.2","PASS","A03_3","A03_3_3",24.4363352013554,0.563664798644599,500,3
"90","plate2.2_28",652.64,2.139,NA,61.3768686069923,0.00989949493661152,NA,TRUE,"28","X4_32_2_i","plate2.2","PASS","X4_32","X4_32_2",22.9835744054915,2.01642559450846,500,3
"91","plate2.2_29",574.6,2.118,NA,33.1491659020253,0.0381837661840734,NA,TRUE,"29","C14_3_2_i","plate2.2","PASS","C14_3","C14_3_2",25,0,478.833333333333,3
"92","plate2.2_30",1393.72,2.106,NA,39.8242539164265,0.00565685424949239,NA,TRUE,"30","X4_32_3_i","plate2.2","PASS","X4_32","X4_32_3",10.7625634991246,14.2374365008754,500,3
"93","plate2.2_31",1683.4,2.056,NA,47.517575695736,0.026870057685089,NA,TRUE,"31","X4_32_3_o","plate2.2","PASS","X4_32","X4_32_3",8.91053819650707,16.0894618034929,500,3
"94","plate2.2_33",890.4,2.148,NA,3.67695526217008,0.0155563491861039,NA,TRUE,"33","A04_3_2_o","plate2.2","PASS","A04_3","A04_3_2",16.8463611859838,8.15363881401617,500,3
"95","plate2.2_34",967.64,2.158,NA,30.6601500322487,0.00848528137423858,NA,TRUE,"34","C17_2_3_o","plate2.2","PASS","C17_2","C17_2_3",15.501632838659,9.498367161341,500,2
"96","plate2.2_35",917.36,2.1085,NA,3.56381817718017,0.0148492424049177,NA,TRUE,"35","X4_32_1_i","plate2.2","PASS","X4_32","X4_32_1",16.3512688584634,8.64873114153658,500,3
"97","plate2.2_36",278.72,2.103,NA,124.054813691368,0.00989949493661152,NA,TRUE,"36","A04_3_2_i","plate2.2","PASS","A04_3","A04_3_2",25,0,232.266666666667,3
"98","plate2.2_37",422.16,2.1235,NA,23.2496709654137,0.00353553390593266,NA,TRUE,"37","X4_24_1_i","plate2.2","PASS","X4_24","X4_24_1",25,0,351.8,4
"99","plate2.2_39",503.72,2.146,NA,10.1823376490863,0.00424264068711945,NA,TRUE,"39","C14_3_3_o","plate2.2","PASS","C14_3","C14_3_3",25,0,419.766666666667,3
"100","plate2.2_40",785.84,2.1305,NA,9.22067242667255,0.00494974746830592,NA,TRUE,"40","X5_36_3_o","plate2.2","PASS","X5_36","X5_36_3",19.0878550341036,5.91214496589637,500,4
"101","plate2.2_41",531.8,2.1285,NA,1.35764501987814,0.0134350288425442,NA,TRUE,"41","C14_3_1_i","plate2.2","PASS","C14_3","C14_3_1",25,0,443.166666666667,3
"102","plate2.2_42",1064.24,2.123,NA,807.968492454997,0.00707106781186564,NA,TRUE,"42","A04_3_3_o","plate2.2","PASS","A04_3","A04_3_3",14.0945651356837,10.9054348643163,500,3
"103","plate2.2_43",368.76,2.1295,NA,5.7699913344822,0.0134350288425442,NA,TRUE,"43","A27_3_3_i","plate2.2","PASS","A27_3","A27_3_3",25,0,307.3,3
"104","plate2.2_44",240.28,2.131,NA,29.8681904373198,0.014142135623731,NA,TRUE,"44","C14_3_3_i","plate2.2","PASS","C14_3","C14_3_3",25,0,200.233333333333,3
"105","plate2.2_45",530.48,2.094,NA,22.9102597104441,0.0240416305603428,NA,TRUE,"45","A03_3_1_i","plate2.2","PASS","A03_3","A03_3_1",25,0,442.066666666667,3
"106","plate2.2_46",372.4,2.119,NA,2.99813275223097,0.00282842712474619,NA,TRUE,"46","X4_24_2_i","plate2.2","PASS","X4_24","X4_24_2",25,0,310.333333333333,4
"107","plate2.2_47",456.52,2.123,NA,0.905096679918802,0.00424264068711913,NA,TRUE,"47","A03_3_3_i","plate2.2","PASS","A03_3","A03_3_3",25,0,380.433333333333,3
"108","plate2.2_48",1831.88,2.037,NA,10.7480230740356,0.0452548339959391,NA,TRUE,"48","X4_32_1_o","plate2.2","PASS","X4_32","X4_32_1",8.1883092779003,16.8116907220997,500,3
"109","plate2.2_49",331.88,2.14,NA,52.4956074352893,0.0183847763108504,NA,TRUE,"49","A04_3_3_i","plate2.2","PASS","A04_3","A04_3_3",25,0,276.566666666667,3
"110","plate2.3_51",1952.64,2.0135,NA,138.819203282543,0.0120208152801712,NA,TRUE,"51","X4_32_2_o","plate2.3","PASS","X4_32","X4_32_2",7.6819075712881,17.3180924287119,500,3
"111","plate2.3_52",370.48,2.141,NA,67.4297026539492,0.00141421356237294,NA,TRUE,"52","A03_2_1_i","plate2.3","PASS","A03_2","A03_2_1",25,0,308.733333333333,2
"112","plate2.3_54",669.72,2.1065,NA,28.0014285349873,0.0190918830920369,NA,TRUE,"54","C14_2_1_i","plate2.3","PASS","C14_2","C14_2_1",22.3974198172371,2.60258018276295,500,2
"113","plate2.3_55",816.68,2.13,NA,0.282842712474603,0.0113137084989848,NA,TRUE,"55","A27_3_3_o","plate2.3","PASS","A27_3","A27_3_3",18.3670470686193,6.63295293138071,500,3
"114","plate2.3_56",748.36,2.15,NA,6.50538238691627,0.00424264068711945,NA,TRUE,"56","A27_3_2_o","plate2.3","PASS","A27_3","A27_3_2",20.0438291731252,4.95617082687477,500,3
"115","plate2.3_57",791.28,2.1445,NA,13.6895872837716,0.00353553390593266,NA,TRUE,"57","A20_2_2_i","plate2.3","PASS","A20_2","A20_2_2",18.956627236882,6.04337276311799,500,2
"116","plate2.3_58",1113.96,2.1625,NA,38.4100403540532,0.00777817459305211,NA,TRUE,"58","A20_2_1_o","plate2.3","PASS","A20_2","A20_2_1",13.4654745233222,11.5345254766778,500,2
"117","plate2.3_59",893.6,2.096,NA,26.9266262275838,0.0127279220613577,NA,TRUE,"59","X5_66_3_o","plate2.3","PASS","X5_66","X5_66_3",16.7860340196956,8.21396598030438,500,3
"118","plate2.3_60",726.28,2.1365,NA,10.352043276571,0.00777817459305211,NA,TRUE,"60","C14_2_2_o","plate2.3","PASS","C14_2","C14_2_2",20.6531916065429,4.34680839345707,500,2
"119","plate2.3_61",411.04,2.1215,NA,7.12763635436039,0.00494974746830592,NA,TRUE,"61","C17_3_1_i","plate2.3","PASS","C17_3","C17_3_1",25,0,342.533333333333,3
"120","plate2.3_62",954.72,2.118,NA,22.5142799129797,0.0226274169979695,NA,TRUE,"62","C17_3_1_o","plate2.3","PASS","C17_3","C17_3_1",15.7114127702363,9.2885872297637,500,3
"121","plate2.3_63",1077.08,2.144,NA,17.5928167159212,0.00141421356237325,NA,TRUE,"63","A04_2_3_o","plate2.3","PASS","A04_2","A04_2_3",13.9265421324321,11.0734578675679,500,2
"122","plate2.3_64",686.88,2.1485,NA,6.44881384442132,0.00212132034355972,NA,TRUE,"64","C17_3_2_i","plate2.3","PASS","C17_3","C17_3_2",21.8378756114605,3.16212438853949,500,3
"123","plate2.3_65",1039.88,2.151,NA,0.0565685424950331,0.00848528137423858,NA,TRUE,"65","C17_3_2_o","plate2.3","PASS","C17_3","C17_3_2",14.4247413163057,10.5752586836943,500,3
"124","plate2.3_66",767.107,2.165,NA,4.9214631970584,0.00141421356237294,NA,TRUE,"66","X5_66_2_i","plate2.3","PASS","X5_66","X5_66_2",19.5539866016084,5.44601339839162,500,3
"125","plate2.3_67",691.427,2.1745,NA,11.3702770414797,0.00353553390593266,NA,TRUE,"67","X5_66_1_i","plate2.3","PASS","X5_66","X5_66_1",21.6942641811789,3.30573581882107,500,3
"126","plate2.3_68",1133.147,2.175,NA,9.05096679918778,0.00565685424949239,NA,TRUE,"68","C17_3_3_o","plate2.3","PASS","C17_3","C17_3_3",13.2374705135344,11.7625294864656,500,3
"127","plate2.3_70",715.267,2.1745,NA,9.10753534168273,0.00777817459305211,NA,TRUE,"70","X5_66_3_i","plate2.3","PASS","X5_66","X5_66_3",20.9711897794809,4.02881022051905,500,3
"128","plate2.3_71",1179.227,2.175,NA,2.37587878478673,0.00141421356237325,NA,TRUE,"71","X5_66_1_o","plate2.3","PASS","X5_66","X5_66_1",12.7201972139376,12.2798027860624,500,3
"129","plate2.3_72",1114.707,2.183,NA,4.35577777210919,0,NA,TRUE,"72","A04_2_1_o","plate2.3","PASS","A04_2","A04_2_1",13.4564508879912,11.5435491120088,500,2
"130","plate2.3_73",1206.867,2.164,NA,8.9943982566929,0.012727922061358,NA,TRUE,"73","X5_66_2_o","plate2.3","PASS","X5_66","X5_66_2",12.4288757584721,12.5711242415279,500,3
"131","plate2.4_74",481.92,1.9955,NA,25.7952553776853,0.0770746391493335,NA,TRUE,"74","X4_24_3_o","plate2.4","PASS","X4_24","X4_24_3",25,0,401.6,4
"132","plate2.4_75",629.8,2.108,NA,42.8223866686574,0.00565685424949239,NA,TRUE,"75","A03_4_1_i","plate2.4","PASS","A03_4","A03_4_1",23.8170847888218,1.18291521117815,500,4
"133","plate2.4_76",262.96,2.157,NA,0.339411254969515,0.00282842712474619,NA,TRUE,"76","X8_37_2_i","plate2.4","PASS","X8_37","X8_37_2",25,0,219.133333333333,4
"134","plate2.4_77",314,2.1825,NA,1.81019335983752,0.0205060966544098,NA,TRUE,"77","A27_3_2_i","plate2.4","PASS","A27_3","A27_3_2",25,0,261.666666666667,3
"135","plate2.4_78",796.2,2.171,NA,20.1949696706878,0.00707106781186564,NA,TRUE,"78","A04_2_1_i","plate2.4","PASS","A04_2","A04_2_1",18.8394875659382,6.16051243406179,500,2
"136","plate2.4_79",439.44,2.161,NA,7.01449926937052,0.0113137084989848,NA,TRUE,"79","X4_24_3_i","plate2.4","PASS","X4_24","X4_24_3",25,0,366.2,4
"137","plate2.4_80",900.68,2.1785,NA,6.95793072687565,0.00353553390593266,NA,TRUE,"80","X8_37_3_o","plate2.4","PASS","X8_37","X8_37_3",16.6540835812941,8.34591641870587,500,4
"138","plate2.4_81",992.16,2.169,NA,NA,NA,NA,TRUE,"81","C64_3_1_o","plate2.4","PASS","C64_3","C64_3_1",15.1185292694727,9.88147073052733,500,3
"139","plate2.4_82",776.52,2.1065,NA,13.406744571297,0.00777817459305211,NA,TRUE,"82","X9_35_2_i","plate2.4","PASS","X9_35","X9_35_2",19.3169525575645,5.68304744243548,500,3
"140","plate2.4_83",560.72,2.1435,NA,3.3941125496954,0.000707106781186784,NA,TRUE,"83","A04_2_3_i","plate2.4","PASS","A04_2","A04_2_3",25,0,467.266666666667,2
"141","plate2.4_84",434.16,2.1335,NA,25.5689812077056,0.0360624458405137,NA,TRUE,"84","X8_37_2_o","plate2.4","PASS","X8_37","X8_37_2",25,0,361.8,4
"142","plate2.4_85",516.48,2.177,NA,17.5362481734264,0.00141421356237294,NA,TRUE,"85","X8_37_1_o","plate2.4","PASS","X8_37","X8_37_1",25,0,430.4,4
"143","plate2.4_86",691.4,2.1855,NA,19.289872990769,0.00919238815542536,NA,TRUE,"86","C64_3_1_i","plate2.4","PASS","C64_3","C64_3_1",21.6951113682384,3.30488863176164,500,3
"144","plate2.4_87",927.68,2.1805,NA,11.3137084989848,0.0120208152801712,NA,TRUE,"87","A20_2_1_i","plate2.4","PASS","A20_2","A20_2_1",16.1693687478441,8.83063125215591,500,2
"145","plate2.4_88",441.88,2.162,NA,21.2132034355964,0.0353553390593273,NA,TRUE,"88","A04_2_2_o","plate2.4","PASS","A04_2","A04_2_2",25,0,368.233333333333,2
"146","plate2.4_89",911.08,2.176,NA,10.1257691065914,0,NA,TRUE,"89","X8_37_3_i","plate2.4","PASS","X8_37","X8_37_3",16.4639768187206,8.53602318127936,500,4
"147","plate2.4_90",928.52,2.1675,NA,95.8836795288959,0.0205060966544098,NA,TRUE,"90","C14_4_1_i","plate2.4","PASS","C14_4","C14_4_1",16.1547408779563,8.84525912204368,500,4
"148","plate2.4_91",913.52,2.1505,NA,63.6961788492842,0.00070710678118647,NA,TRUE,"91","X8_37_1_i","plate2.4","PASS","X8_37","X8_37_1",16.4200017514669,8.57999824853315,500,4
"149","plate2.4_92",816.88,2.1725,NA,36.5432784517208,0.00070710678118647,NA,TRUE,"92","C14_3_1_o","plate2.4","PASS","C14_3","C14_3_1",18.3625501909705,6.63744980902948,500,3
"150","plate2.4_93",513.36,2.1715,NA,35.7513188567918,0.0233345237791563,NA,TRUE,"93","A04_2_2_i","plate2.4","PASS","A04_2","A04_2_2",25,0,427.8,2
"151","plate2.4_94",1704.2,2.086,NA,39.2019999489822,0.0551543289325506,NA,TRUE,"94","C14_4_1_o","plate2.4","PASS","C14_4","C14_4_1",8.80178382818918,16.1982161718108,500,4
"152","plate2.4_95",929.2,2.136,NA,NA,NA,NA,TRUE,"95","A03_4_1_o","plate2.4","PASS","A03_4","A03_4_1",16.1429186396901,8.85708136030994,500,4
"153","plate2.4_96",1069.2,2.083,NA,NA,NA,NA,TRUE,"96","X9_35_2_o","plate2.4","PASS","X9_35","X9_35_2",14.0291806958474,10.9708193041526,500,3
"154","plate2.4_97",1358.04,2.1635,NA,22.0051630305253,0.00777817459305211,NA,TRUE,"97","A20_2_2_o","plate2.4","PASS","A20_2","A20_2_2",11.0453300344614,13.9546699655386,500,2
"155","plate2.5_101",215.96,2.149,NA,3.73352380466497,0.00141421356237294,NA,TRUE,"101","X2_45_2_o","plate2.5","PASS","X2_45","X2_45_2",25,0,179.966666666667,1
"156","plate2.5_102",546.76,2.133,NA,NA,NA,NA,TRUE,"102","A03_2_3_i","plate2.5","PASS","A03_2","A03_2_3",25,0,455.633333333333,2
"157","plate2.5_103",935.52,2.1335,NA,8.31557574675379,0.00919238815542536,NA,TRUE,"103","C14_2_3_i","plate2.5","PASS","C14_2","C14_2_3",16.0338635197537,8.96613648024628,500,2
"158","plate2.5_104",676.08,2.1435,NA,7.52361615182486,0.000707106781186784,NA,TRUE,"104","C14_2_1_i","plate2.5","PASS","C14_2","C14_2_1",22.1867234646787,2.81327653532126,500,2
"159","plate2.5_105",1394.52,2.141,NA,52.0430590953298,0.00424264068711945,NA,TRUE,"105","A20_2_3_o","plate2.5","PASS","A20_2","A20_2_3",10.7563892952414,14.2436107047586,500,2
"160","plate2.5_106",578.28,2.1335,NA,100.578868555974,0.00070710678118647,NA,TRUE,"106","C14_2_2_i","plate2.5","PASS","C14_2","C14_2_2",25,0,481.9,2
"161","plate2.5_108",763,2.103,NA,30.2076016922893,0.014142135623731,NA,TRUE,"108","C14_2_3_o","plate2.5","PASS","C14_2","C14_2_3",19.6592398427261,5.34076015727392,500,2
"162","plate2.5_109",836.32,2.11,NA,7.07106781186548,0.012727922061358,NA,TRUE,"109","C17_2_2_i","plate2.5","PASS","C17_2","C17_2_2",17.9357183853071,7.06428161469294,500,2
"163","plate2.5_110",819.16,2.1415,NA,10.8611601590254,0.00353553390593298,NA,TRUE,"110","A03_2_3_o","plate2.5","PASS","A03_2","A03_2_3",18.3114409883295,6.68855901167049,500,2
"164","plate2.5_111",776.96,2.144,NA,5.26087445202787,0.00424264068711913,NA,TRUE,"111","X9_35_1_i","plate2.5","PASS","X9_35","X9_35_1",19.3060131795717,5.69398682042834,500,3
"165","plate2.5_112",921.88,2.141,NA,24.437610357807,0.00707106781186532,NA,TRUE,"112","X2_45_1_i","plate2.5","PASS","X2_45","X2_45_1",16.2710981906539,8.72890180934612,500,1
"166","plate2.5_113",1402.76,2.1245,NA,8.03273303427927,0.00636396103067885,NA,TRUE,"113","C17_2_3_i","plate2.5","PASS","C17_2","C17_2_3",10.693204824774,14.306795175226,500,2
"167","plate2.5_115",1057.44,2.129,NA,100.861711268449,0.0410121933088196,NA,TRUE,"115","X2_45_3_o","plate2.5","PASS","X2_45","X2_45_3",14.1852019972764,10.8147980027236,500,1
"168","plate2.5_117",1316.96,2.1195,NA,8.08930157677414,0.00494974746830592,NA,TRUE,"117","C17_2_2_o","plate2.5","PASS","C17_2","C17_2_2",11.3898675738063,13.6101324261937,500,2
"169","plate2.5_118",651.32,2.1245,NA,36.8826897066903,0.00494974746830592,NA,TRUE,"118","C17_3_3_i","plate2.5","PASS","C17_3","C17_3_3",23.0301541484984,1.96984585150156,500,3
"170","plate2.5_119",449.44,2.1445,NA,5.14773736703805,0.00212132034355972,NA,TRUE,"119","X2_45_3_i","plate2.5","PASS","X2_45","X2_45_3",25,0,374.533333333333,1
"171","plate2.5_120",1169.24,2.1435,NA,6.44881384442124,0.000707106781186784,NA,TRUE,"120","X9_35_1_o","plate2.5","PASS","X9_35","X9_35_1",12.8288460880572,12.1711539119428,500,3
"172","plate2.5_121",984.44,2.1505,NA,0.905096679918842,0.00353553390593266,NA,TRUE,"121","X2_45_1_o","plate2.5","PASS","X2_45","X2_45_1",15.2370891064971,9.76291089350291,500,1
"173","plate2.5_98",620.52,2.09,NA,NA,NA,NA,TRUE,"98","X2_45_2_i","plate2.5","PASS","X2_45","X2_45_2",24.1732740282344,0.826725971765615,500,1
"174","plate1.2_40",582.3,2.1695,1.06043989,11.9359624664289,0.023334523779156,0.0243669180644648,TRUE,"40","X11_68_2_o","plate1.2","PASS","X11_68","X11_68_2",25,0,485.25,2
"175","plate1.3_49",425.28,2.2005,1.0612244895,50.1762971929974,0.0106066017177983,0.00577230003812271,TRUE,"49","C64_1_1_o","plate1.3","PASS","C64_1","C64_1_1",25,0,354.4,1
"176","plate1.3_72",418.96,2.142,0.9747139225,11.3702770414797,0.00707106781186532,0.0240721980793865,TRUE,"72","C64_1_3_i","plate1.3","PASS","C64_1","C64_1_3",25,0,349.133333333333,1
"177","plate1.4_82",262.4,2.1655,NA,5.65685424949238,0.00636396103067885,NA,TRUE,"82","A27_1_3_o","plate1.4","PASS","A27_1","A27_1_3",25,0,218.666666666667,1
"178","plate1.4_86",1078.4,1.965,NA,1151.73552519665,0.243244732728172,NA,TRUE,"86","X4_46_3_o","plate1.4","PASS","X4_46","X4_46_3",13.9094955489614,11.0905044510386,500,3
"179","plate2.1_12",551.08,2.165,NA,97.6938728887334,0.00141421356237294,NA,TRUE,"12","X5_36_1_i","plate2.1","PASS","X5_36","X5_36_1",25,0,459.233333333333,4
"180","plate2.1_14",577.72,2.1385,NA,47.3478700682512,0.0417193000900064,NA,TRUE,"14","A03_4_2_i","plate2.1","PASS","A03_4","A03_4_2",25,0,481.433333333333,4
"181","plate2.1_15",588.32,2.175,NA,0.791959594928936,0.00141421356237325,NA,TRUE,"15","A03_4_3_o","plate2.1","PASS","A03_4","A03_4_3",25,0,490.266666666667,4
"182","plate2.1_23",580.52,2.1395,NA,2.88499566724106,0.00212132034355972,NA,TRUE,"23","A27_4_3_i","plate2.1","PASS","A27_4","A27_4_3",25,0,483.766666666667,4
"183","plate2.1_5",300.32,2.176,NA,8.82469262920813,0.00989949493661152,NA,TRUE,"5","C64_4_3_i","plate2.1","PASS","C64_4","C64_4_3",25,0,250.266666666667,4
"184","plate2.1_8",330.32,2.147,NA,35.5250446868122,0.0452548339959388,NA,TRUE,"8","C14_4_3_o","plate2.1","PASS","C14_4","C14_4_3",25,0,275.266666666667,4
"185","plate2.2_38",939.52,2.127,NA,9.67322076663202,0.00565685424949207,NA,TRUE,"38","A04_3_1_o","plate2.2","PASS","A04_3","A04_3_1",15.9655994550409,9.03440054495913,500,3
"186","plate2.3_53",501.84,2.0845,NA,40.5030764263655,0.0120208152801712,NA,TRUE,"53","A27_3_1_o","plate2.3","PASS","A27_3","A27_3_1",25,0,418.2,3
"187","plate2.3_69",1034.027,2.1775,NA,3.62038671967505,0.00212132034355941,NA,TRUE,"69","A03_3_2_o","plate2.3","PASS","A03_3","A03_3_2",14.5063910323425,10.4936089676575,500,3
"188","plate2.5_107",1080.2,2.1625,NA,63.3567675943146,0.00636396103067885,NA,TRUE,"107","C64_3_2_o","plate2.5","PASS","C64_3","C64_3_2",13.8863173486391,11.1136826513609,500,3
"189","plate2.5_114",860.56,2.1305,NA,54.928054762571,0.0586898628384836,NA,TRUE,"114","A03_2_2_o","plate2.5","PASS","A03_2","A03_2_2",17.4305103653435,7.5694896346565,500,2
"190","plate2.5_116",549.04,2.115,NA,5.60028570699743,0.0367695526217005,NA,TRUE,"116","C64_3_3_i","plate2.5","PASS","C64_3","C64_3_3",25,0,457.533333333333,3
"191","plate2.5_99",1128.28,2.094,NA,NA,NA,NA,TRUE,"99","C17_2_1_i","plate2.5","PASS","C17_2","C17_2_1",13.2945722692949,11.7054277307051,500,2
