samplenum,sample_ID,timept,harvest_date,plant,root,layer,empty_tube_weight_g,raw_fresh_weight_g,fresh_weight_g,greenhouse_notes,dry_date_out,dry_weight_g,dry_matter%,dry_matter%_complete,Drying_notes,tubeID,corrected_sampleID,corrected_genotypeID
1,102_X1_34_rt1_i,1,5/29/23,102,1,inner,6.657157895,11.505,11.505,real genotype is X10_39 (listed correctly in genotypeID column),,8.252,32.90,32.90,,102_X1_34_rt1_i,102_X10_39_rt1_i,X10_39
2,102_X1_34_rt1_o,1,5/29/23,102,1,outer,,16.89,16.89,,,9.933,32.01,32.01,,102_X1_34_rt1_o,102_X10_39_rt1_o,X10_39
3,102_X1_34_rt2_i,1,5/29/23,102,2,inner,,NA,NA,forgot to weigh,,8.157,NA,,,102_X1_34_rt2_i,102_X10_39_rt2_i,X10_39
4,102_X1_34_rt2_o,1,5/29/23,102,2,outer,,NA,NA,forgot to weigh,,9.4,NA,,,102_X1_34_rt2_o,102_X10_39_rt2_o,X10_39
5,102_X1_34_rt3_i,1,5/29/23,102,3,inner,,13.44,13.44,,,9.127,36.41,36.41,,102_X1_34_rt3_i,102_X10_39_rt3_i,X10_39
6,102_X1_34_rt3_o,1,5/29/23,102,3,outer,,19.66,19.66,,,10.775,31.67,31.67,,102_X1_34_rt3_o,102_X10_39_rt3_o,X10_39
7,103_A04_rt1_i,1,5/29/23,103,1,inner,,12.2,12.2,,,8.09,25.85,25.85,,103_A04_rt1_i,103_A04_rt1_i,A04
8,103_A04_rt1_o,1,5/29/23,103,1,outer,,18.775,18.775,,,10.192,29.17,29.17,,103_A04_rt1_o,103_A04_rt1_o,A04
9,103_A04_rt2_i,1,5/29/23,103,2,inner,,9.303,9.303,,,7.567,34.39,34.39,,103_A04_rt2_i,103_A04_rt2_i,A04
10,103_A04_rt2_o,1,5/29/23,103,2,outer,,12.31,12.31,,,8.541,33.33,33.33,,103_A04_rt2_o,103_A04_rt2_o,A04
11,103_A04_rt3_i,1,5/29/23,103,3,inner,,9.148,9.148,,,7.522,34.73,34.73,,103_A04_rt3_i,103_A04_rt3_i,A04
12,103_A04_rt3_o,1,5/29/23,103,3,outer,,13.788,13.788,,,8.691,28.52,28.52,,103_A04_rt3_o,103_A04_rt3_o,A04
13,109_X11_68_rt1_i,1,5/29/23,109,1,inner,,12.162,12.162,,,8.631,35.86,35.86,,109_X11_68_rt1_i,109_X11_68_rt1_i,X11_68
14,109_X11_68_rt1_o,1,5/29/23,109,1,outer,,16.53,16.53,,,8.739,21.09,21.09,,109_X11_68_rt1_o,109_X11_68_rt1_o,X11_68
15,109_X11_68_rt2_i,1,5/29/23,109,2,inner,,12.26,12.26,,,8.743,37.23,37.23,,109_X11_68_rt2_i,109_X11_68_rt2_i,X11_68
16,109_X11_68_rt2_o,1,5/29/23,109,2,outer,,17.21,17.21,,,9.894,30.67,30.67,,109_X11_68_rt2_o,109_X11_68_rt2_o,X11_68
17,109_X11_68_rt3_i,1,5/29/23,109,3,inner,,11.82,11.82,,,8.408,33.91,33.91,,109_X11_68_rt3_i,109_X11_68_rt3_i,X11_68
18,109_X11_68_rt3_o,1,5/29/23,109,3,outer,,16.36,16.36,,,9.192,26.13,26.13,,109_X11_68_rt3_o,109_X11_68_rt3_o,X11_68
19,111_A03_rt1_i,1,5/29/23,111,1,inner,,14.897,14.897,,,9.24,31.35,31.35,,111_A03_rt1_i,111_A03_rt1_i,A03
20,111_A03_rt1_o,1,5/29/23,111,1,outer,,17.77,17.77,,,10.316,32.93,32.93,,111_A03_rt1_o,111_A03_rt1_o,A03
21,111_A03_rt2_i,1,5/29/23,111,2,inner,,10.28,10.28,,,7.793,31.36,31.36,,111_A03_rt2_i,111_A03_rt2_i,A03
22,111_A03_rt2_o,1,5/29/23,111,2,outer,,16.8,16.8,,,9.527,28.30,28.30,,111_A03_rt2_o,111_A03_rt2_o,A03
23,111_A03_rt3_i,1,5/29/23,111,3,inner,,12.135,12.135,,,8.672,36.78,36.78,,111_A03_rt3_i,111_A03_rt3_i,A03
24,111_A03_rt3_o,1,5/29/23,111,3,outer,,14.95,14.95,,,9.12,29.70,29.70,,111_A03_rt3_o,111_A03_rt3_o,A03
25,114_X2_45_rt1_i,1,5/29/23,114,1,inner,,11.034,11.034,,,8.053,31.89,31.89,,114_X2_45_rt1_i,114_X2_45_rt1_i,X2_45
26,114_X2_45_rt1_o,1,5/29/23,114,1,outer,,17.897,17.897,,,10.288,32.30,32.30,,114_X2_45_rt1_o,114_X2_45_rt1_o,X2_45
27,114_X2_45_rt2_i,1,5/29/23,114,2,inner,,10.76,10.76,,,8.078,34.63,34.63,,114_X2_45_rt2_i,114_X2_45_rt2_i,X2_45
28,114_X2_45_rt2_o,1,5/29/23,114,2,outer,,16.13,16.13,,,9.62,31.28,31.28,,114_X2_45_rt2_o,114_X2_45_rt2_o,X2_45
29,114_X2_45_rt3_i,1,5/29/23,114,3,inner,,11.749,11.749,,,,-130.73,,,114_X2_45_rt3_i,114_X2_45_rt3_i,X2_45
30,114_X2_45_rt3_o,1,5/29/23,114,3,outer,,19.02,19.02,,,10.837,33.81,33.81,,114_X2_45_rt3_o,114_X2_45_rt3_o,X2_45
31,201_X5_66_rt1_i,1,5/29/23,201,1,inner,,11.01,11.01,,,8.026,31.45,31.45,,201_X5_66_rt1_i,201_X5_66_rt1_i,X5_66
32,201_X5_66_rt1_o,1,5/29/23,201,1,outer,,16.052,16.052,,,10,35.58,35.58,,201_X5_66_rt1_o,201_X5_66_rt1_o,X5_66
33,201_X5_66_rt2_i,1,5/29/23,201,2,inner,,8.505,8.505,,,7.402,40.31,40.31,,201_X5_66_rt2_i,201_X5_66_rt2_i,X5_66
34,201_X5_66_rt2_o,1,5/29/23,201,2,outer,,12.656,12.656,,,8.968,38.52,38.52,,201_X5_66_rt2_o,201_X5_66_rt2_o,X5_66
35,201_X5_66_rt3_i,1,5/29/23,201,3,inner,,11.05,11.05,,,8.323,37.92,37.92,,201_X5_66_rt3_i,201_X5_66_rt3_i,X5_66
36,201_X5_66_rt3_o,1,5/29/23,201,3,outer,,12.84,12.84,,,8.942,36.96,36.96,,201_X5_66_rt3_o,201_X5_66_rt3_o,X5_66
37,206_C17_rt1_i,1,5/29/23,206,1,inner,,10.998,10.998,,,8.599,44.74,44.74,,206_C17_rt1_i,206_C17_rt1_i,C17
38,206_C17_rt1_o,1,5/29/23,206,1,outer,,13.355,13.355,,,8.818,32.26,32.26,,206_C17_rt1_o,206_C17_rt1_o,C17
39,206_C17_rt2_i,1,5/29/23,206,2,inner,,12.598,12.598,,,8.84,36.74,36.74,,206_C17_rt2_i,206_C17_rt2_i,C17
40,206_C17_rt2_o,1,5/29/23,206,2,outer,,13.77,13.77,,,8.827,30.51,30.51,,206_C17_rt2_o,206_C17_rt2_o,C17
41,206_C17_rt3_i,1,5/29/23,206,3,inner,,11.044,11.044,,,8.225,35.74,35.74,,206_C17_rt3_i,206_C17_rt3_i,C17
42,206_C17_rt3_o,1,5/29/23,206,3,outer,,13.004,13.004,,,8.67,31.72,31.72,,206_C17_rt3_o,206_C17_rt3_o,C17
43,214_X4_46_rt1_i,1,5/29/23,214,1,inner,,12.75,12.75,,,8.544,30.97,30.97,,214_X4_46_rt1_i,214_X4_46_rt1_i,X4_46
44,214_X4_46_rt1_o,1,5/29/23,214,1,outer,,17.415,17.415,,,10.06,31.63,31.63,,214_X4_46_rt1_o,214_X4_46_rt1_o,X4_46
45,214_X4_46_rt2_i,1,5/29/23,214,2,inner,,10.128,10.128,,,7.8,32.93,32.93,,214_X4_46_rt2_i,214_X4_46_rt2_i,X4_46
46,214_X4_46_rt2_o,1,5/29/23,214,2,outer,,12.641,12.641,,,8.5,30.80,30.80,,214_X4_46_rt2_o,214_X4_46_rt2_o,X4_46
47,214_X4_46_rt3_i,1,5/29/23,214,3,inner,,10.34,10.34,,,7.888,33.42,33.42,,214_X4_46_rt3_i,214_X4_46_rt3_i,X4_46
48,214_X4_46_rt3_o,1,5/29/23,214,3,outer,,12.022,12.022,,,8.238,29.47,29.47,,214_X4_46_rt3_o,214_X4_46_rt3_o,X4_46
49,215_A20_rt1_i,1,5/30/23,215,1,inner,,10.474,10.474,,,7.889,32.28,32.28,,215_A20_rt1_i,215_A20_rt1_i,A20
50,215_A20_rt1_o,1,5/30/23,215,1,outer,,16.46,16.46,,,9.689,30.93,30.93,,215_A20_rt1_o,215_A20_rt1_o,A20
51,215_A20_rt2_i,1,5/30/23,215,2,inner,,11.61,11.61,,,8.013,27.38,27.38,,215_A20_rt2_i,215_A20_rt2_i,A20
52,215_A20_rt2_o,1,5/30/23,215,2,outer,,19.037,19.037,,,9.945,26.56,26.56,,215_A20_rt2_o,215_A20_rt2_o,A20
53,215_A20_rt3_i,1,5/30/23,215,3,inner,,12.436,12.436,,,8.656,34.59,34.59,,215_A20_rt3_i,215_A20_rt3_i,A20
54,215_A20_rt3_o,1,5/30/23,215,3,outer,,15.686,15.686,,,9.082,26.86,26.86,,215_A20_rt3_o,215_A20_rt3_o,A20
55,217_X5_36_rt1_i,1,5/30/23,217,1,inner,,12.275,12.275,,,7.945,22.93,22.93,,217_X5_36_rt1_i,217_X5_36_rt1_i,X5_36
56,217_X5_36_rt1_o,1,5/30/23,217,1,outer,,18.943,18.943,,,8.744,16.99,16.99,,217_X5_36_rt1_o,217_X5_36_rt1_o,X5_36
57,217_X5_36_rt2_i,1,5/30/23,217,2,inner,,12.7,12.7,,,8.015,22.47,22.47,,217_X5_36_rt2_i,217_X5_36_rt2_i,X5_36
58,217_X5_36_rt2_o,1,5/30/23,217,2,outer,,15.92,15.92,,,8.812,23.26,23.26,,217_X5_36_rt2_o,217_X5_36_rt2_o,X5_36
59,217_X5_36_rt3_i,1,5/30/23,217,3,inner,,11.73,11.73,,,8.048,27.42,27.42,,217_X5_36_rt3_i,217_X5_36_rt3_i,X5_36
60,217_X5_36_rt3_o,1,5/30/23,217,3,outer,,14.276,14.276,,,9.83,41.65,41.65,,217_X5_36_rt3_o,217_X5_36_rt3_o,X5_36
61,310_C14_rt1_i,2,6/20/23,310,1,inner,,13.24,13.24,plant 310 was harvested at timepoint 2 because of accidental pruning at timepoint 1,,7.851,18.14,18.14,,310_C14_rt1_i,310_C14_rt1_i,C14
62,310_C14_rt1_o,2,6/20/23,310,1,outer,,10.18,10.18,,,8.807,61.03,61.03,,310_C14_rt1_o,310_C14_rt1_o,C14
63,310_C14_rt2_i,2,6/20/23,310,2,inner,,8.97,8.97,,,7.504,36.62,36.62,,310_C14_rt2_i,310_C14_rt2_i,C14
64,310_C14_rt2_o,2,6/20/23,310,2,outer,,12.31,12.31,,,8.515,32.87,32.87,,310_C14_rt2_o,310_C14_rt2_o,C14
65,310_C14_rt3_i,2,6/20/23,310,3,inner,,9.14,9.14,,,7.449,31.90,31.90,,310_C14_rt3_i,310_C14_rt3_i,C14
66,310_C14_rt3_o,2,6/20/23,310,3,outer,,11.01,11.01,,,7.869,27.84,27.84,,310_C14_rt3_o,310_C14_rt3_o,C14
67,311_X11_57_rt1_i,1,5/30/23,311,1,inner,,12.126,12.126,,,8.616,35.82,35.82,,311_X11_57_rt1_i,311_X11_57_rt1_i,X11_57
68,311_X11_57_rt1_o,1,5/30/23,311,1,outer,,19.68,19.68,,,10.988,33.26,33.26,,311_X11_57_rt1_o,311_X11_57_rt1_o,X11_57
69,311_X11_57_rt2_i,1,5/30/23,311,2,inner,,12.07,12.07,,,8.76,38.85,38.85,,311_X11_57_rt2_i,311_X11_57_rt2_i,X11_57
70,311_X11_57_rt2_o,1,5/30/23,311,2,outer,,16.646,16.646,,,9.241,25.87,25.87,,311_X11_57_rt2_o,311_X11_57_rt2_o,X11_57
71,311_X11_57_rt3_i,1,5/30/23,311,3,inner,,10.214,10.214,,,8.052,39.22,39.22,,311_X11_57_rt3_i,311_X11_57_rt3_i,X11_57
72,311_X11_57_rt3_o,1,5/30/23,311,3,outer,,14.388,14.388,,,9.74,39.88,39.88,,311_X11_57_rt3_o,311_X11_57_rt3_o,X11_57
73,315_X8_41.5_rt1_i,1,5/30/23,315,1,inner,,10.83,10.83,,,7.991,31.97,31.97,,315_X8_41.5_rt1_i,315_X8_41.5_rt1_i,X8_41.5
74,315_X8_41.5_rt1_o,1,5/30/23,315,1,outer,,17.588,17.588,,,10.331,33.61,33.61,,315_X8_41.5_rt1_o,315_X8_41.5_rt1_o,X8_41.5
75,315_X8_41.5_rt2_i,1,5/30/23,315,2,inner,,8.324,8.324,,,7.234,34.61,34.61,,315_X8_41.5_rt2_i,315_X8_41.5_rt2_i,X8_41.5
76,315_X8_41.5_rt2_o,1,5/30/23,315,2,outer,,11.58,11.58,,,8.055,28.40,28.40,,315_X8_41.5_rt2_o,315_X8_41.5_rt2_o,X8_41.5
77,315_X8_41.5_rt3_i,1,5/30/23,315,3,inner,,10.492,10.492,,,8.086,37.26,37.26,,315_X8_41.5_rt3_i,315_X8_41.5_rt3_i,X8_41.5
78,315_X8_41.5_rt3_o,1,5/30/23,315,3,outer,,16.322,16.322,,,9.729,31.78,31.78,,315_X8_41.5_rt3_o,315_X8_41.5_rt3_o,X8_41.5
79,316_X4_67_rt1_i,1,5/30/23,316,1,inner,,10.16,10.16,,,7.979,37.74,37.74,,316_X4_67_rt1_i,316_X4_67_rt1_i,X4_67
80,316_X4_67_rt1_o,1,5/30/23,316,1,outer,,14.643,14.643,,,9.566,36.43,36.43,,316_X4_67_rt1_o,316_X4_67_rt1_o,X4_67
81,316_X4_67_rt2_i,1,5/30/23,316,2,inner,,10.024,10.024,,,7.931,37.84,37.84,,316_X4_67_rt2_i,316_X4_67_rt2_i,X4_67
82,316_X4_67_rt2_o,1,5/30/23,316,2,outer,,18.179,18.179,,,10.961,37.35,37.35,,316_X4_67_rt2_o,316_X4_67_rt2_o,X4_67
83,316_X4_67_rt3_i,1,5/30/23,316,3,inner,,10.781,10.781,,,8.232,38.19,38.19,,316_X4_67_rt3_i,316_X4_67_rt3_i,X4_67
84,316_X4_67_rt3_o,1,5/30/23,316,3,outer,,17.153,17.153,,,10.584,37.41,37.41,,316_X4_67_rt3_o,316_X4_67_rt3_o,X4_67
85,320_X2_24_rt1_i,1,5/30/23,320,1,inner,,10.926,10.926,,,8.097,33.73,33.73,,320_X2_24_rt1_i,320_X2_24_rt1_i,X2_24
86,320_X2_24_rt1_o,1,5/30/23,320,1,outer,,19.02,19.02,,,10.777,33.33,33.33,,320_X2_24_rt1_o,320_X2_24_rt1_o,X2_24
87,320_X2_24_rt2_i,1,5/30/23,320,2,inner,,11.507,11.507,,,8.368,35.28,35.28,,320_X2_24_rt2_i,320_X2_24_rt2_i,X2_24
88,320_X2_24_rt2_o,1,5/30/23,320,2,outer,,17.618,17.618,,,10.509,35.14,35.14,,320_X2_24_rt2_o,320_X2_24_rt2_o,X2_24
89,320_X2_24_rt3_i,1,5/30/23,320,3,inner,,8.934,8.934,,,7.894,54.33,54.33,,320_X2_24_rt3_i,320_X2_24_rt3_i,X2_24
90,320_X2_24_rt3_o,1,5/30/23,320,3,outer,,17.877,17.877,,,10.732,36.32,36.32,,320_X2_24_rt3_o,320_X2_24_rt3_o,X2_24
91,401_X4_42_rt1_i,1,5/30/23,401,1,inner,,12.226,12.226,,,8.566,34.28,34.28,,401_X4_42_rt1_i,401_X4_42_rt1_i,X4_42
92,401_X4_42_rt1_o,1,5/30/23,401,1,outer,,17.004,17.004,,,10.214,34.38,34.38,,401_X4_42_rt1_o,401_X4_42_rt1_o,X4_42
93,401_X4_42_rt2_i,1,5/30/23,401,2,inner,,12.956,12.956,,,9.037,37.78,37.78,,401_X4_42_rt2_i,401_X4_42_rt2_i,X4_42
94,401_X4_42_rt2_o,1,5/30/23,401,2,outer,,15.983,15.983,,,9.346,28.83,28.83,,401_X4_42_rt2_o,401_X4_42_rt2_o,X4_42
95,401_X4_42_rt3_i,1,5/30/23,401,3,inner,,10.557,10.557,,,8.085,36.62,36.62,,401_X4_42_rt3_i,401_X4_42_rt3_i,X4_42
96,401_X4_42_rt3_o,1,5/30/23,401,3,outer,,16.856,16.856,,,10.185,34.59,34.59,,401_X4_42_rt3_o,401_X4_42_rt3_o,X4_42
97,404_X10_52_rt1_i,1,5/30/23,404,1,inner,,11.066,11.066,real genotype is X4_32 (corrected in genotypeID column),,8.019,30.89,30.89,,404_X10_52_rt1_i,404_X4_32_rt1_i,X4_32
98,404_X10_52_rt1_o,1,5/30/23,404,1,outer,,17.213,17.213,,,10.421,35.66,35.66,,404_X10_52_rt1_o,404_X4_32_rt1_o,X4_32
99,404_X10_52_rt2_i,1,5/30/23,404,2,inner,,11.477,11.477,,,8.249,33.03,33.03,,404_X10_52_rt2_i,404_X4_32_rt2_i,X4_32
100,404_X10_52_rt2_o,1,5/30/23,404,2,outer,,21.132,21.132,,4/10/24,11.638,34.41,34.41,,404_X10_52_rt2_o,404_X4_32_rt2_o,X4_32
101,404_X10_52_rt3_i,1,5/30/23,404,3,inner,,13.612,13.612,,4/10/24,9.182,36.30,36.30,,404_X10_52_rt3_i,404_X4_32_rt3_i,X4_32
102,404_X10_52_rt3_o,1,5/30/23,404,3,outer,,21.211,21.211,,7/14/23,11.42,32.73,32.73,,404_X10_52_rt3_o,404_X4_32_rt3_o,X4_32
103,406_X8_37_rt1_i,1,5/30/23,406,1,inner,,8.796,8.796,,,7.487,38.80,38.80,,406_X8_37_rt1_i,406_X8_37_rt1_i,X8_37
104,406_X8_37_rt1_o,1,5/30/23,406,1,outer,,19.861,19.861,tube broke and replaced,4/10/24,11.617,37.56,37.56,,406_X8_37_rt1_o,406_X8_37_rt1_o,X8_37
105,406_X8_37_rt2_i,1,5/30/23,406,2,inner,,10.713,10.713,,,8.331,41.27,41.27,,406_X8_37_rt2_i,406_X8_37_rt2_i,X8_37
106,406_X8_37_rt2_o,1,5/30/23,406,2,outer,,18.708,18.708,,4/10/24,11.545,40.56,40.56,,406_X8_37_rt2_o,406_X8_37_rt2_o,X8_37
107,406_X8_37_rt3_i,1,5/30/23,406,3,inner,,10.976,10.976,,,8.407,40.52,40.52,,406_X8_37_rt3_i,406_X8_37_rt3_i,X8_37
108,406_X8_37_rt3_o,1,5/30/23,406,3,outer,,18.244,18.244,,4/10/24,11.535,42.10,42.10,,406_X8_37_rt3_o,406_X8_37_rt3_o,X8_37
109,417_X1_54_rt1_i,1,5/30/23,417,1,inner,,9.782,9.782,,4/10/24,7.808,36.83,36.83,,417_X1_54_rt1_i,417_X1_54_rt1_i,X1_54
110,417_X1_54_rt1_o,1,5/30/23,417,1,outer,,19.974,19.974,,7/14/23,10.963,32.33,32.33,,417_X1_54_rt1_o,417_X1_54_rt1_o,X1_54
111,417_X1_54_rt2_i,1,5/30/23,417,2,inner,,9.368,9.368,,,7.764,40.83,40.83,,417_X1_54_rt2_i,417_X1_54_rt2_i,X1_54
112,417_X1_54_rt2_o,1,5/30/23,417,2,outer,,13.428,13.428,,4/10/24,8.924,33.48,33.48,,417_X1_54_rt2_o,417_X1_54_rt2_o,X1_54
113,417_X1_54_rt3_i,1,5/30/23,417,3,inner,,10.894,10.894,,4/10/24,8.45,42.32,42.32,,417_X1_54_rt3_i,417_X1_54_rt3_i,X1_54
114,417_X1_54_rt3_o,1,5/30/23,417,3,outer,,17.61,17.61,,4/10/24,10.502,35.10,35.10,,417_X1_54_rt3_o,417_X1_54_rt3_o,X1_54
115,419_X5_31_rt1_i,1,5/30/23,419,1,inner,,10.733,10.733,,4/10/24,8.225,38.47,38.47,,419_X5_31_rt1_i,419_X5_31_rt1_i,X5_31
116,419_X5_31_rt1_o,1,5/30/23,419,1,outer,,18.437,18.437,,4/10/24,10.483,32.48,32.48,,419_X5_31_rt1_o,419_X5_31_rt1_o,X5_31
117,419_X5_31_rt2_i,1,5/30/23,419,2,inner,,11.524,11.524,,,8.332,34.42,34.42,,419_X5_31_rt2_i,419_X5_31_rt2_i,X5_31
118,419_X5_31_rt2_o,1,5/30/23,419,2,outer,,16.59,16.59,,4/10/24,9.637,30.00,30.00,,419_X5_31_rt2_o,419_X5_31_rt2_o,X5_31
119,419_X5_31_rt3_i,1,5/30/23,419,3,inner,,9.972,9.972,,4/10/24,7.756,33.15,33.15,,419_X5_31_rt3_i,419_X5_31_rt3_i,X5_31
120,419_X5_31_rt3_o,1,5/30/23,419,3,outer,,16.536,16.536,,4/10/24,9.325,27.01,27.01,,419_X5_31_rt3_o,419_X5_31_rt3_o,X5_31
121,101_X2_24_rt1_i,2,6/20/23,101,1,inner,,11.484,11.484,,6/28/23,8.203,32.03,32.03,,101_X2_24_rt1_i,101_X2_24_rt1_i,X2_24
122,101_X2_24_rt1_o,2,6/20/23,101,1,outer,,16.585,16.585,,6/28/23,9.879,32.45,32.45,,101_X2_24_rt1_o,101_X2_24_rt1_o,X2_24
123,101_X2_24_rt2_i,2,6/20/23,101,2,inner,,12.13,12.13,,6/28/23,8.26,29.29,29.29,,101_X2_24_rt2_i,101_X2_24_rt2_i,X2_24
124,101_X2_24_rt2_o,2,6/20/23,101,2,outer,,16.01,16.01,,6/28/23,9.546,30.89,30.89,,101_X2_24_rt2_o,101_X2_24_rt2_o,X2_24
125,101_X2_24_rt3_i,2,6/20/23,101,3,inner,,10.523,10.523,,6/28/23,7.781,29.07,29.07,,101_X2_24_rt3_i,101_X2_24_rt3_i,X2_24
126,101_X2_24_rt3_o,2,6/20/23,101,3,outer,,15.346,15.346,,6/28/23,9.537,33.15,33.15,,101_X2_24_rt3_o,101_X2_24_rt3_o,X2_24
127,108_X8_37_rt1_i,2,6/20/23,108,1,inner,,14.028,14.028,,6/28/23,9.329,36.25,36.25,,108_X8_37_rt1_i,108_X8_37_rt1_i,X8_37
128,108_X8_37_rt1_o,2,6/20/23,108,1,outer,,17.956,17.956,,6/28/23,10.888,37.45,37.45,,108_X8_37_rt1_o,108_X8_37_rt1_o,X8_37
129,108_X8_37_rt2_i,2,6/20/23,108,2,inner,,10.024,10.024,,6/28/23,7.491,24.77,24.77,,108_X8_37_rt2_i,108_X8_37_rt2_i,X8_37
130,108_X8_37_rt2_o,2,6/20/23,108,2,outer,,18.97,18.97,,6/28/23,10.819,33.80,33.80,,108_X8_37_rt2_o,108_X8_37_rt2_o,X8_37
131,108_X8_37_rt3_i,2,6/20/23,108,3,inner,,9.795,9.795,,6/28/23,7.768,35.40,35.40,,108_X8_37_rt3_i,108_X8_37_rt3_i,X8_37
132,108_X8_37_rt3_o,2,6/20/23,108,3,outer,,15.897,15.897,,6/28/23,10.302,39.45,39.45,,108_X8_37_rt3_o,108_X8_37_rt3_o,X8_37
133,110_X4_42_rt1_i,2,6/20/23,110,1,inner,,9.74,9.74,,6/28/23,7.342,22.22,22.22,,110_X4_42_rt1_i,110_X4_42_rt1_i,X4_42
134,110_X4_42_rt1_o,2,6/20/23,110,1,outer,,19.88,19.88,,6/28/23,10.715,30.69,30.69,,110_X4_42_rt1_o,110_X4_42_rt1_o,X4_42
135,110_X4_42_rt2_i,2,6/20/23,110,2,inner,,8.16,8.16,,6/28/23,7.094,29.08,29.08,,110_X4_42_rt2_i,110_X4_42_rt2_i,X4_42
136,110_X4_42_rt2_o,2,6/20/23,110,2,outer,,17.38,17.38,,6/28/23,10.182,32.87,32.87,,110_X4_42_rt2_o,110_X4_42_rt2_o,X4_42
137,110_X4_42_rt3_i,2,6/20/23,110,3,inner,,10.074,10.074,,6/28/23,7.735,31.55,31.55,,110_X4_42_rt3_i,110_X4_42_rt3_i,X4_42
138,110_X4_42_rt3_o,2,6/20/23,110,3,outer,,21.08,21.08,,6/28/23,11.424,33.05,33.05,,110_X4_42_rt3_o,110_X4_42_rt3_o,X4_42
139,113_C17_rt1_i,2,6/20/23,113,1,inner,,11.8,11.8,,6/28/23,8.021,26.52,26.52,,113_C17_rt1_i,113_C17_rt1_i,C17
140,113_C17_rt1_o,2,6/20/23,113,1,outer,,17.68,17.68,,6/28/23,9.232,23.36,23.36,,113_C17_rt1_o,113_C17_rt1_o,C17
141,113_C17_rt2_i,2,6/20/23,113,2,inner,,10.264,10.264,,6/28/23,7.755,30.44,30.44,,113_C17_rt2_i,113_C17_rt2_i,C17
142,113_C17_rt2_o,2,6/20/23,113,2,outer,,16.98,16.98,,6/28/23,9.592,28.43,28.43,,113_C17_rt2_o,113_C17_rt2_o,C17
143,113_C17_rt3_i,2,6/20/23,113,3,inner,,8.729,8.729,,6/28/23,7.223,27.32,27.32,,113_C17_rt3_i,113_C17_rt3_i,C17
144,113_C17_rt3_o,2,6/20/23,113,3,outer,,13.92,13.92,,6/28/23,8.614,26.94,26.94,,113_C17_rt3_o,113_C17_rt3_o,C17
145,116_X8_41.5_rt1_i,2,6/20/23,116,1,inner,,12.74,12.74,,6/28/23,7.966,21.52,21.52,,116_X8_41.5_rt1_i,116_X8_41.5_rt1_i,X8_41.5
146,116_X8_41.5_rt1_o,2,6/20/23,116,1,outer,,22.66,22.66,,6/28/23,11.8,32.14,32.14,,116_X8_41.5_rt1_o,116_X8_41.5_rt1_o,X8_41.5
147,116_X8_41.5_rt2_i,2,6/20/23,116,2,inner,,12.197,12.197,,6/28/23,8.101,26.06,26.06,,116_X8_41.5_rt2_i,116_X8_41.5_rt2_i,X8_41.5
148,116_X8_41.5_rt2_o,2,6/20/23,116,2,outer,,15.117,15.117,,6/28/23,8.97,27.34,27.34,,116_X8_41.5_rt2_o,116_X8_41.5_rt2_o,X8_41.5
149,116_X8_41.5_rt3_i,2,6/20/23,116,3,inner,,8.68,8.68,,6/28/23,7.196,26.64,26.64,,116_X8_41.5_rt3_i,116_X8_41.5_rt3_i,X8_41.5
150,116_X8_41.5_rt3_o,2,6/20/23,116,3,outer,,17.053,17.053,,6/28/23,9.606,28.37,28.37,,116_X8_41.5_rt3_o,116_X8_41.5_rt3_o,X8_41.5
151,203_X11_57_rt1_i,2,6/20/23,203,1,inner,,10.293,10.293,,6/28/23,7.84,32.54,32.54,,203_X11_57_rt1_i,203_X11_57_rt1_i,X11_57
152,203_X11_57_rt1_o,2,6/20/23,203,1,outer,,16.734,16.734,,6/28/23,9.951,32.69,32.69,,203_X11_57_rt1_o,203_X11_57_rt1_o,X11_57
153,203_X11_57_rt2_i,2,6/20/23,203,2,inner,,10.59,10.59,,6/28/23,7.892,31.40,31.40,,203_X11_57_rt2_i,203_X11_57_rt2_i,X11_57
154,203_X11_57_rt2_o,2,6/20/23,203,2,outer,,16.53,16.53,,6/28/23,9.92,33.05,33.05,,203_X11_57_rt2_o,203_X11_57_rt2_o,X11_57
155,203_X11_57_rt3_i,2,6/20/23,203,3,inner,,8.99,8.99,,6/28/23,7.477,35.15,35.15,,203_X11_57_rt3_i,203_X11_57_rt3_i,X11_57
156,203_X11_57_rt3_o,2,6/20/23,203,3,outer,,11.247,11.247,,6/28/23,8.051,30.37,30.37,,203_X11_57_rt3_o,203_X11_57_rt3_o,X11_57
157,204_X2_45_rt1_i,2,6/20/23,204,1,inner,,10.514,10.514,,6/28/23,7.811,29.92,29.92,,204_X2_45_rt1_i,204_X2_45_rt1_i,X2_45
158,204_X2_45_rt1_o,2,6/20/23,204,1,outer,,18.96,18.96,,4/10/24,10.755,33.31,33.31,,204_X2_45_rt1_o,204_X2_45_rt1_o,X2_45
159,204_X2_45_rt2_i,2,6/20/23,204,2,inner,,10.709,10.709,,4/10/24,7.925,31.29,31.29,,204_X2_45_rt2_i,204_X2_45_rt2_i,X2_45
160,204_X2_45_rt2_o,2,6/20/23,204,2,outer,,18.85,18.85,,4/10/24,10.366,30.42,30.42,,204_X2_45_rt2_o,204_X2_45_rt2_o,X2_45
161,204_X2_45_rt3_i,2,6/20/23,204,3,inner,,8.402,8.402,,6/28/23,7.148,28.14,28.14,,204_X2_45_rt3_i,204_X2_45_rt3_i,X2_45
162,204_X2_45_rt3_o,2,6/20/23,204,3,outer,,12.145,12.145,,6/28/23,8.373,31.27,31.27,,204_X2_45_rt3_o,204_X2_45_rt3_o,X2_45
163,208_X10_52_rt1_i,2,6/20/23,208,1,inner,,11.395,11.395,real genotype is X4_32 (corrected in genotypeID column),6/28/23,8.299,34.66,34.66,,208_X10_52_rt1_i,208_X4_32_rt2_i,X4_32
164,208_X10_52_rt1_o,2,6/20/23,208,1,outer,,14.86,14.86,,6/28/23,9.313,32.38,32.38,,208_X10_52_rt1_o,208_X4_32_rt2_o,X4_32
165,208_X10_52_rt2_i,2,6/20/23,208,2,inner,,10.427,10.427,root 2 was bigger (corrected in genotypeID column),6/28/23,7.88,32.44,32.44,,208_X10_52_rt2_i,208_X4_32_rt1_i,X4_32
166,208_X10_52_rt2_o,2,6/20/23,208,2,outer,,15.851,15.851,,4/10/24,9.563,31.61,31.61,,208_X10_52_rt2_o,208_X4_32_rt1_o,X4_32
167,208_X10_52_rt3_i,2,6/20/23,208,3,inner,,7.812,7.812,,6/28/23,7.076,36.28,36.28,,208_X10_52_rt3_i,208_X4_32_rt3_i,X4_32
168,208_X10_52_rt3_o,2,6/20/23,208,3,outer,,12.528,12.528,,6/28/23,8.125,25.00,25.00,,208_X10_52_rt3_o,208_X4_32_rt3_o,X4_32
169,209_A03_rt1_i,2,6/20/23,209,1,inner,,9.635,9.635,,4/10/24,7.433,26.06,26.06,,209_A03_rt1_i,209_A03_rt1_i,A03
170,209_A03_rt1_o,2,6/20/23,209,1,outer,,17.054,17.054,,4/10/24,9.717,29.43,29.43,,209_A03_rt1_o,209_A03_rt1_o,A03
171,209_A03_rt2_i,2,6/20/23,209,2,inner,,9.694,9.694,,4/10/24,7.372,23.54,23.54,,209_A03_rt2_i,209_A03_rt2_i,A03
172,209_A03_rt2_o,2,6/20/23,209,2,outer,,20.086,20.086,,4/10/24,10.76,30.55,30.55,,209_A03_rt2_o,209_A03_rt2_o,A03
173,209_A03_rt3_i,2,6/20/23,209,3,inner,,10.289,10.289,,4/10/24,7.736,29.71,29.71,,209_A03_rt3_i,209_A03_rt3_i,A03
174,209_A03_rt3_o,2,6/20/23,209,3,outer,,16.518,16.518,,4/10/24,9.624,30.09,30.09,,209_A03_rt3_o,209_A03_rt3_o,A03
175,216_X5_31_rt1_i,2,6/20/23,216,1,inner,,9.748,9.748,,4/10/24,7.721,34.42,34.42,,216_X5_31_rt1_i,216_X5_31_rt1_i,X5_31
176,216_X5_31_rt1_o,2,6/20/23,216,1,outer,,14.505,14.505,,4/10/24,9.246,32.99,32.99,,216_X5_31_rt1_o,216_X5_31_rt1_o,X5_31
177,216_X5_31_rt2_i,2,6/20/23,216,2,inner,,10.044,10.044,,4/10/24,7.602,27.90,27.90,,216_X5_31_rt2_i,216_X5_31_rt2_i,X5_31
178,216_X5_31_rt2_o,2,6/20/23,216,2,outer,,15.908,15.908,,4/10/24,9.596,31.77,31.77,,216_X5_31_rt2_o,216_X5_31_rt2_o,X5_31
179,216_X5_31_rt3_i,2,6/20/23,216,3,inner,,9.453,9.453,,4/10/24,7.336,24.28,24.28,,216_X5_31_rt3_i,216_X5_31_rt3_i,X5_31
180,216_X5_31_rt3_o,2,6/20/23,216,3,outer,,14.65,14.65,,4/10/24,8.888,27.91,27.91,,216_X5_31_rt3_o,216_X5_31_rt3_o,X5_31
181,306_X1_34_rt1_i,2,6/20/23,305,1,inner,,9.946,9.946,"real genotype is X10_39, corrected in GID column (original note: 306 should be labeled X10_39 (according to plant tag) (?) there were two 307s. layout says 306 genotype is X4_32, but there was a second 307 labeled X4_32)",4/10/24,7.833,35.76,35.76,,306_X1_34_rt1_i,305_X10_39_rt1_i,X10_39
182,306_X1_34_rt1_o,2,6/20/23,305,1,outer,,16.964,16.964,,4/10/24,9.98,32.24,32.24,,306_X1_34_rt1_o,305_X10_39_rt1_o,X10_39
183,306_X1_34_rt2_i,2,6/20/23,305,2,inner,,8.556,8.556,,4/10/24,7.291,33.39,33.39,,306_X1_34_rt2_i,305_X10_39_rt2_i,X10_39
184,306_X1_34_rt2_o,2,6/20/23,305,2,outer,,16.78,16.78,,4/10/24,9.873,31.77,31.77,,306_X1_34_rt2_o,305_X10_39_rt2_o,X10_39
185,306_X1_34_rt3_i,2,6/20/23,305,3,inner,,9.446,9.446,,4/10/24,7.636,35.10,35.10,,306_X1_34_rt3_i,305_X10_39_rt3_i,X10_39
186,306_X1_34_rt3_o,2,6/20/23,305,3,outer,,17.321,17.321,,4/10/24,10.17,32.94,32.94,,306_X1_34_rt3_o,305_X10_39_rt3_o,X10_39
187,308_X4_46_rt1_i,2,6/20/23,308,1,inner,,10.067,10.067,,4/10/24,7.605,27.80,27.80,,308_X4_46_rt1_i,308_X4_46_rt1_i,X4_46
188,308_X4_46_rt1_o,2,6/20/23,308,1,outer,,18.358,18.358,,4/10/24,10.467,32.56,32.56,,308_X4_46_rt1_o,308_X4_46_rt1_o,X4_46
189,308_X4_46_rt2_i,2,6/20/23,308,2,inner,,8.688,8.688,,4/10/24,7.179,25.70,25.70,,308_X4_46_rt2_i,308_X4_46_rt2_i,X4_46
190,308_X4_46_rt2_o,2,6/20/23,308,2,outer,,18.937,18.937,,,,-54.21,,,308_X4_46_rt2_o,308_X4_46_rt2_o,X4_46
191,308_X4_46_rt3_i,2,6/20/23,308,3,inner,,8.88,8.88,weighed frozen,4/10/24,7.342,30.81,30.81,,308_X4_46_rt3_i,308_X4_46_rt3_i,X4_46
192,308_X4_46_rt3_o,2,6/20/23,308,3,outer,,14.095,14.095,weighed frozen,4/10/24,9.185,33.99,33.99,,308_X4_46_rt3_o,308_X4_46_rt3_o,X4_46
193,309_X5_36_rt1_i,2,6/20/23,309,1,inner,,9.245,9.245,,4/10/24,7.333,26.12,26.12,,309_X5_36_rt1_i,309_X5_36_rt1_i,X5_36
194,309_X5_36_rt1_o,2,6/20/23,309,1,outer,,17.135,17.135,,4/10/24,9.401,26.19,26.19,,309_X5_36_rt1_o,309_X5_36_rt1_o,X5_36
195,309_X5_36_rt2_i,2,6/20/23,309,2,inner,,9.656,9.656,,4/10/24,7.229,19.07,19.07,,309_X5_36_rt2_i,309_X5_36_rt2_i,X5_36
196,309_X5_36_rt2_o,2,6/20/23,309,2,outer,,16.002,16.002,,4/10/24,9.755,33.15,33.15,,309_X5_36_rt2_o,309_X5_36_rt2_o,X5_36
197,309_X5_36_rt3_i,2,6/20/23,309,3,inner,,9.375,9.375,,4/10/24,7.133,17.51,17.51,,309_X5_36_rt3_i,309_X5_36_rt3_i,X5_36
198,309_X5_36_rt3_o,2,6/20/23,309,3,outer,,18.644,18.644,,4/10/24,9.13,20.63,20.63,,309_X5_36_rt3_o,309_X5_36_rt3_o,X5_36
199,312_A20_rt1_i,2,6/21/23,312,1,inner,,10.168,10.168,,7/26/23,7.826,33.30,33.30,,312_A20_rt1_i,312_A20_rt1_i,A20
200,312_A20_rt1_o,2,6/21/23,312,1,outer,,19.334,19.334,,7/26/23,10.507,30.37,30.37,,312_A20_rt1_o,312_A20_rt1_o,A20
201,312_A20_rt2_i,2,6/21/23,312,2,inner,,10.048,10.048,,7/26/23,7.793,33.50,33.50,,312_A20_rt2_i,312_A20_rt2_i,A20
202,312_A20_rt2_o,2,6/21/23,312,2,outer,,13.69,13.69,,7/26/23,18.664,170.72,170.72,,312_A20_rt2_o,312_A20_rt2_o,A20
203,312_A20_rt3_i,2,6/21/23,312,3,inner,,9.192,9.192,,7/26/23,7.498,33.18,33.18,,312_A20_rt3_i,312_A20_rt3_i,A20
204,312_A20_rt3_o,2,6/21/23,312,3,outer,,14.35,14.35,,7/26/23,8.755,27.27,27.27,,312_A20_rt3_o,312_A20_rt3_o,A20
205,313_X1_54_rt1_i,2,6/21/23,313,1,inner,,10.036,10.036,,7/26/23,8.052,41.28,41.28,,313_X1_54_rt1_i,313_X1_54_rt1_i,X1_54
206,313_X1_54_rt1_o,2,6/21/23,313,1,outer,,18.222,18.222,,7/26/23,11.139,38.75,38.75,,313_X1_54_rt1_o,313_X1_54_rt1_o,X1_54
207,313_X1_54_rt2_i,2,6/21/23,313,2,inner,,8.82,8.82,,7/26/23,7.367,32.82,32.82,,313_X1_54_rt2_i,313_X1_54_rt2_i,X1_54
208,313_X1_54_rt2_o,2,6/21/23,313,2,outer,,15.914,15.914,,7/26/23,9.725,33.14,33.14,,313_X1_54_rt2_o,313_X1_54_rt2_o,X1_54
209,313_X1_54_rt3_i,2,6/21/23,313,3,inner,,8.908,8.908,,7/26/23,7.506,37.72,37.72,,313_X1_54_rt3_i,313_X1_54_rt3_i,X1_54
210,313_X1_54_rt3_o,2,6/21/23,313,3,outer,,14.728,14.728,,7/26/23,9.341,33.25,33.25,,313_X1_54_rt3_o,313_X1_54_rt3_o,X1_54
211,410_A04_rt1_i,2,6/21/23,410,1,inner,,9.417,9.402,subtract 0.015 from here below,7/26/23,7.462,29.33,29.33,,410_A04_rt1_i,410_A04_rt1_i,A04
212,410_A04_rt1_o,2,6/21/23,410,1,outer,,15.80,15.785,,7/26/23,9.193,27.78,27.78,,410_A04_rt1_o,410_A04_rt1_o,A04
213,410_A04_rt2_i,2,6/21/23,410,2,inner,,9.14,9.125,,7/26/23,7.361,28.53,28.53,,410_A04_rt2_i,410_A04_rt2_i,A04
214,410_A04_rt2_o,2,6/21/23,410,2,outer,,16.40,16.385,,7/26/23,9.696,31.24,31.24,,410_A04_rt2_o,410_A04_rt2_o,A04
215,410_A04_rt3_i,2,6/21/23,410,3,inner,,9.590,9.575,,7/26/23,7.4,25.46,25.46,,410_A04_rt3_i,410_A04_rt3_i,A04
216,410_A04_rt3_o,2,6/21/23,410,3,outer,,15.776,15.761,,7/26/23,9.303,29.06,29.06,,410_A04_rt3_o,410_A04_rt3_o,A04
217,412_X11_68_rt1_i,2,6/21/23,412,1,inner,,10.589,10.574,,7/26/23,7.82,29.69,29.69,,412_X11_68_rt1_i,412_X11_68_rt1_i,X11_68
218,412_X11_68_rt1_o,2,6/21/23,412,1,outer,,16.143,16.128,,7/26/23,9.35,28.43,28.43,,412_X11_68_rt1_o,412_X11_68_rt1_o,X11_68
219,412_X11_68_rt2_i,2,6/21/23,412,2,inner,,9.564,9.549,,7/26/23,7.557,31.12,31.12,,412_X11_68_rt2_i,412_X11_68_rt2_i,X11_68
220,412_X11_68_rt2_o,2,6/21/23,412,2,outer,,15.671,15.656,,7/26/23,9.306,29.44,29.44,,412_X11_68_rt2_o,412_X11_68_rt2_o,X11_68
221,412_X11_68_rt3_i,2,6/21/23,412,3,inner,,9.503,9.488,,7/26/23,7.542,31.26,31.26,,412_X11_68_rt3_i,412_X11_68_rt3_i,X11_68
222,412_X11_68_rt3_o,2,6/21/23,412,3,outer,,15.133,15.118,,7/26/23,9.249,30.63,30.63,,412_X11_68_rt3_o,412_X11_68_rt3_o,X11_68
223,413_C14_rt1_i,2,6/21/23,413,1,inner,,10.482,10.467,,7/26/23,8.042,36.35,36.35,,413_C14_rt1_i,413_C14_rt1_i,C14
224,413_C14_rt1_o,2,6/21/23,413,1,outer,,14.579,14.564,,7/26/23,9.407,34.78,34.78,,413_C14_rt1_o,413_C14_rt1_o,C14
225,413_C14_rt2_i,2,6/21/23,413,2,inner,,8.329,8.314,,7/26/23,7.221,34.04,34.04,,413_C14_rt2_i,413_C14_rt2_i,C14
226,413_C14_rt2_o,2,6/21/23,413,2,outer,,15.089,15.074,,7/26/23,9.445,33.12,33.12,,413_C14_rt2_o,413_C14_rt2_o,C14
227,413_C14_rt3_i,2,6/21/23,413,3,inner,,16.43,16.415,,7/26/23,7.866,12.39,12.39,,413_C14_rt3_i,413_C14_rt3_i,C14
228,413_C14_rt3_o,2,6/21/23,413,3,outer,,10.127,10.112,,7/26/23,9.783,90.48,90.48,,413_C14_rt3_o,413_C14_rt3_o,C14
229,415_X5_66_rt1_i,2,6/21/23,415,1,inner,,9.049,9.034,"tare 0.035, have been subtracting 0.02",7/26/23,7.415,31.89,31.89,,415_X5_66_rt1_i,415_X5_66_rt1_i,X5_66
230,415_X5_66_rt1_o,2,6/21/23,415,1,outer,,20.198,20.183,,7/26/23,11.174,33.39,33.39,,415_X5_66_rt1_o,415_X5_66_rt1_o,X5_66
231,415_X5_66_rt2_i,2,6/21/23,415,2,inner,,9.979,9.964,,7/26/23,7.403,22.56,22.56,,415_X5_66_rt2_i,415_X5_66_rt2_i,X5_66
232,415_X5_66_rt2_o,2,6/21/23,415,2,outer,,18.140,18.125,,7/26/23,10.77,35.87,35.87,,415_X5_66_rt2_o,415_X5_66_rt2_o,X5_66
233,415_X5_66_rt3_i,2,6/21/23,415,3,inner,,8.020,8.005,,7/26/23,7.169,37.98,37.98,,415_X5_66_rt3_i,415_X5_66_rt3_i,X5_66
234,415_X5_66_rt3_o,2,6/21/23,415,3,outer,,17.454,17.439,,7/26/23,10.511,35.74,35.74,,415_X5_66_rt3_o,415_X5_66_rt3_o,X5_66
235,416_X4_67_rt1_i,2,6/21/23,416,1,inner,,9.785,9.77,,7/26/23,7.732,34.53,34.53,,416_X4_67_rt1_i,416_X4_67_rt1_i,X4_67
236,416_X4_67_rt1_o,2,6/21/23,416,1,outer,,17.699,17.684,,7/26/23,10.635,36.08,36.08,,416_X4_67_rt1_o,416_X4_67_rt1_o,X4_67
237,416_X4_67_rt2_i,2,6/21/23,416,2,inner,,8.973,8.958,,7/26/23,7.339,29.64,29.64,,416_X4_67_rt2_i,416_X4_67_rt2_i,X4_67
238,416_X4_67_rt2_o,2,6/21/23,416,2,outer,,17.46,17.445,,7/26/23,10.02,31.17,31.17,,416_X4_67_rt2_o,416_X4_67_rt2_o,X4_67
239,416_X4_67_rt3_i,2,6/21/23,416,3,inner,,11.252,11.237,,7/26/23,8.033,30.04,30.04,,416_X4_67_rt3_i,416_X4_67_rt3_i,X4_67
240,416_X4_67_rt3_o,2,6/21/23,416,3,outer,,16.331,16.316,,7/26/23,9.361,27.99,27.99,,416_X4_67_rt3_o,416_X4_67_rt3_o,X4_67
241,104_X5_36_rt1_i,3,7/6/23,104,1,inner,,3.126,9.778,"scale tared to empty tube, read 0.005 with empty tube, wrote down number as is on the scale, added avg empty tube weight to the raw reading",6/27/24,7.4902,26.70,26.70,,104_X5_36_rt1_i,104_X5_36_rt1_i,X5_36
242,104_X5_36_rt1_o,3,7/6/23,104,1,outer,,5.138,11.79,,4/10/24,8.222,30.49,30.49,,104_X5_36_rt1_o,104_X5_36_rt1_o,X5_36
243,104_X5_36_rt2_i,3,7/6/23,104,2,inner,,4.345,10.997,,6/27/24,7.7798,25.87,25.87,,104_X5_36_rt2_i,104_X5_36_rt2_i,X5_36
244,104_X5_36_rt2_o,3,7/6/23,104,2,outer,,7.826,14.478,,4/10/24,8.953,29.36,29.36,,104_X5_36_rt2_o,104_X5_36_rt2_o,X5_36
245,104_X5_36_rt3_i,3,7/6/23,104,3,inner,,2.201,8.853,,6/27/24,7.2894,28.80,28.80,,104_X5_36_rt3_i,104_X5_36_rt3_i,X5_36
246,104_X5_36_rt3_o,3,7/6/23,104,3,outer,,3.626,10.278,,6/27/24,7.7355,29.78,29.78,,104_X5_36_rt3_o,104_X5_36_rt3_o,X5_36
247,115_X1_54_rt1_i,3,7/6/23,115,1,inner,,5.583,12.235,,6/27/24,8.2863,29.21,29.21,,115_X1_54_rt1_i,115_X1_54_rt1_i,X1_54
248,115_X1_54_rt1_o,3,7/6/23,115,1,outer,,7.867,14.519,,6/27/24,8.7346,26.43,26.43,,115_X1_54_rt1_o,115_X1_54_rt1_o,X1_54
249,115_X1_54_rt2_i,3,7/6/23,115,2,inner,,3.22,9.872,,6/27/24,7.5754,28.57,28.57,,115_X1_54_rt2_i,115_X1_54_rt2_i,X1_54
250,115_X1_54_rt2_o,3,7/6/23,115,2,outer,,5.87,12.522,,6/27/24,8.1864,26.08,26.08,,115_X1_54_rt2_o,115_X1_54_rt2_o,X1_54
251,115_X1_54_rt3_i,3,7/6/23,115,3,inner,,5.604,12.256,,6/27/24,8.2987,29.32,29.32,,115_X1_54_rt3_i,115_X1_54_rt3_i,X1_54
252,115_X1_54_rt3_o,3,7/6/23,115,3,outer,,8.108,14.76,,6/27/24,8.6394,24.47,24.47,,115_X1_54_rt3_o,115_X1_54_rt3_o,X1_54
253,117_A20_rt1_i,3,7/6/23,117,1,inner,,7.531,14.183,samples in tubes marked 117 are actually 119 (corrected in GID column),6/27/24,8.8869,29.63,29.63,,117_A20_rt1_i,119_X11_57_rt1_i,X11_57
254,117_A20_rt1_o,3,7/6/23,117,1,outer,,13.981,20.633,,6/27/24,10.3047,26.10,26.10,,117_A20_rt1_o,119_X11_57_rt1_o,X11_57
255,117_A20_rt2_i,3,7/6/23,117,2,inner,,5.211,11.863,,6/27/24,8.2823,31.22,31.22,,117_A20_rt2_i,119_X11_57_rt2_i,X11_57
256,117_A20_rt2_o,3,7/6/23,117,2,outer,,7.729,14.381,,4/10/24,8.907,29.13,29.13,,117_A20_rt2_o,119_X11_57_rt2_o,X11_57
257,117_A20_rt3_i,3,7/6/23,117,3,inner,,4.107,10.759,,6/27/24,8.0061,32.89,32.89,,117_A20_rt3_i,119_X11_57_rt3_i,X11_57
258,117_A20_rt3_o,3,7/6/23,117,3,outer,,7.892,14.544,,6/27/24,9.1934,32.16,32.16,,117_A20_rt3_o,119_X11_57_rt3_o,X11_57
259,119_X11_57_rt1_i,3,7/6/23,119,1,inner,,6.374,13.026,samples in tubes marked 119 are actually 120 (corrected in GID column); this tube is handwritten,6/27/24,8.0003,21.09,21.09,,119_X11_57_rt1_i,120_X5_31_rt1_i,X5_31
260,119_X11_57_rt1_o,3,7/6/23,119,1,outer,,5.912,12.564,,6/27/24,7.919,21.36,21.36,,119_X11_57_rt1_o,120_X5_31_rt1_o,X5_31
261,119_X11_57_rt2_i,3,7/6/23,119,2,inner,,5.015,11.667,,6/27/24,7.5678,18.18,18.18,,119_X11_57_rt2_i,120_X5_31_rt2_i,X5_31
262,119_X11_57_rt2_o,3,7/6/23,119,2,outer,,6.6208,13.2728,,6/27/24,7.9282,19.21,19.21,,119_X11_57_rt2_o,120_X5_31_rt2_o,X5_31
263,119_X11_57_rt3_i,3,7/6/23,119,3,inner,,4.996,11.648,,6/27/24,7.8001,22.90,22.90,,119_X11_57_rt3_i,120_X5_31_rt3_i,X5_31
264,119_X11_57_rt3_o,3,7/6/23,119,3,outer,,6.142,12.794,,6/27/24,8.1318,24.03,24.03,,119_X11_57_rt3_o,120_X5_31_rt3_o,X5_31
265,120_X5_31_rt1_i,3,7/6/23,120,1,inner,,4.456,11.108,samples in tubes marked 120 are actually 117 (corrected in GID column),6/27/24,7.9514,29.08,29.08,,120_X5_31_rt1_i,117_A20_rt1_i,A20
266,120_X5_31_rt1_o,3,7/6/23,120,1,outer,,7.932,14.584,,6/27/24,9.1233,31.11,31.11,,120_X5_31_rt1_o,117_A20_rt1_o,A20
267,120_X5_31_rt2_i,3,7/6/23,120,2,inner,,4.734,11.386,,6/27/24,8.1646,31.88,31.88,,120_X5_31_rt2_i,117_A20_rt2_i,A20
268,120_X5_31_rt2_o,3,7/6/23,120,2,outer,,6.655,13.307,,6/27/24,8.3477,25.42,25.42,,120_X5_31_rt2_o,117_A20_rt2_o,A20
269,120_X5_31_rt3_i,3,7/6/23,120,3,inner,,2.142,8.794,,6/27/24,7.2909,29.66,29.66,,120_X5_31_rt3_i,117_A20_rt3_i,A20
270,120_X5_31_rt3_o,3,7/6/23,120,3,outer,,4.509,11.161,,,,-147.80,,,120_X5_31_rt3_o,117_A20_rt3_o,A20
271,202_X4_67_rt1_i,3,7/6/23,202,1,inner,,4.617,11.269,,6/27/24,8.2023,33.51,33.51,,202_X4_67_rt1_i,202_X4_67_rt1_i,X4_67
272,202_X4_67_rt1_o,3,7/6/23,202,1,outer,,9.412,16.064,,6/27/24,9.8505,33.95,33.95,,202_X4_67_rt1_o,202_X4_67_rt1_o,X4_67
273,202_X4_67_rt2_i,3,7/6/23,202,2,inner,,3.310,9.962,,6/27/24,7.8388,35.76,35.76,,202_X4_67_rt2_i,202_X4_67_rt2_i,X4_67
274,202_X4_67_rt2_o,3,7/6/23,202,2,outer,,7.606,14.258,,4/10/24,9.186,33.27,33.27,,202_X4_67_rt2_o,202_X4_67_rt2_o,X4_67
275,202_X4_67_rt3_i,3,7/6/23,202,3,inner,,0.476,7.128,,6/27/24,6.8333,37.43,37.43,,202_X4_67_rt3_i,202_X4_67_rt3_i,X4_67
276,202_X4_67_rt3_o,3,7/6/23,202,3,outer,,3.223,9.875,,6/27/24,7.642,30.61,30.61,,202_X4_67_rt3_o,202_X4_67_rt3_o,X4_67
277,211_C14_rt1_i,3,7/6/23,211,1,inner,,6.193,12.845,,4/10/24,8.672,32.56,32.56,,211_C14_rt1_i,211_C14_rt1_i,C14
278,211_C14_rt1_o,3,7/6/23,211,1,outer,,6.934,13.586,,4/10/24,8.678,29.17,29.17,,211_C14_rt1_o,211_C14_rt1_o,C14
279,211_C14_rt2_i,3,7/6/23,211,2,inner,,7.087,13.739,,7/14/23,8.867,31.21,31.21,,211_C14_rt2_i,211_C14_rt2_i,C14
280,211_C14_rt2_o,3,7/6/23,211,2,outer,,5.350,12.002,,7/14/23,8.402,32.65,32.65,,211_C14_rt2_o,211_C14_rt2_o,C14
281,211_C14_rt3_i,3,7/6/23,211,3,inner,,2.102,8.754,,7/14/23,7.377,34.33,34.33,,211_C14_rt3_i,211_C14_rt3_i,C14
282,211_C14_rt3_o,3,7/6/23,211,3,outer,,6.593,13.245,,4/10/24,8.561,28.90,28.90,,211_C14_rt3_o,211_C14_rt3_o,C14
283,212_X8_37_rt1_i,3,7/6/23,212,1,inner,,2.960,9.612,,7/14/23,7.671,34.31,34.31,,212_X8_37_rt1_i,212_X8_37_rt1_i,X8_37
284,212_X8_37_rt1_o,3,7/6/23,212,1,outer,,7.334,13.986,,4/10/24,9.192,34.59,34.59,,212_X8_37_rt1_o,212_X8_37_rt1_o,X8_37
285,212_X8_37_rt2_i,3,7/6/23,212,2,inner,,4.050,10.702,,7/14/23,7.963,32.29,32.29,,212_X8_37_rt2_i,212_X8_37_rt2_i,X8_37
286,212_X8_37_rt2_o,3,7/6/23,212,2,outer,,9.635,16.287,,7/14/23,10.111,35.87,35.87,,212_X8_37_rt2_o,212_X8_37_rt2_o,X8_37
287,212_X8_37_rt3_i,3,7/6/23,212,3,inner,,4.392,11.044,,6/27/24,7.9632,29.77,29.77,,212_X8_37_rt3_i,212_X8_37_rt3_i,X8_37
288,212_X8_37_rt3_o,3,7/6/23,212,3,outer,,8.850,15.502,,7/14/23,9.483,31.95,31.95,,212_X8_37_rt3_o,212_X8_37_rt3_o,X8_37
289,213_X4_42_rt1_i,3,7/6/23,213,1,inner,,8.014,14.666,,7/14/23,9.233,32.16,32.16,,213_X4_42_rt1_i,213_X4_42_rt1_i,X4_42
290,213_X4_42_rt1_o,3,7/6/23,213,1,outer,,12.754,19.406,,7/14/23,10.657,31.38,31.38,,213_X4_42_rt1_o,213_X4_42_rt1_o,X4_42
291,213_X4_42_rt2_i,3,7/6/23,213,2,inner,,4.745,11.397,,6/27/24,8.1413,31.31,31.31,,213_X4_42_rt2_i,213_X4_42_rt2_i,X4_42
292,213_X4_42_rt2_o,3,7/6/23,213,2,outer,,7.618,14.27,,6/27/24,8.9939,30.70,30.70,,213_X4_42_rt2_o,213_X4_42_rt2_o,X4_42
293,213_X4_42_rt3_i,3,7/6/23,213,3,inner,,4.281,10.933,,6/27/24,7.8048,26.84,26.84,,213_X4_42_rt3_i,213_X4_42_rt3_i,X4_42
294,213_X4_42_rt3_o,3,7/6/23,213,3,outer,,9.165,15.817,,7/14/23,9.399,29.93,29.93,,213_X4_42_rt3_o,213_X4_42_rt3_o,X4_42
295,219_X2_24_rt1_i,3,7/6/23,219,1,inner,,7.321,13.973,,6/27/24,8.7111,28.08,28.08,,219_X2_24_rt1_i,219_X2_24_rt1_i,X2_24
296,219_X2_24_rt1_o,3,7/6/23,219,1,outer,,11.422,18.074,,6/27/24,9.4576,24.53,24.53,,219_X2_24_rt1_o,219_X2_24_rt1_o,X2_24
297,219_X2_24_rt2_i,3,7/6/23,219,2,inner,,1.677,8.329,,6/27/24,7.0215,21.80,21.80,,219_X2_24_rt2_i,219_X2_24_rt2_i,X2_24
298,219_X2_24_rt2_o,3,7/6/23,219,2,outer,,6.052,12.704,,6/27/24,8.2448,26.26,26.26,,219_X2_24_rt2_o,219_X2_24_rt2_o,X2_24
299,219_X2_24_rt3_i,3,7/6/23,219,3,inner,,2.892,9.544,,6/27/24,7.4139,26.22,26.22,,219_X2_24_rt3_i,219_X2_24_rt3_i,X2_24
300,219_X2_24_rt3_o,3,7/6/23,219,3,outer,,8.470,15.122,,7/14/23,8.565,22.54,22.54,,219_X2_24_rt3_o,219_X2_24_rt3_o,X2_24
301,301_X2_45_rt1_i,3,7/6/23,301,1,inner,,4.033,10.685,,6/27/24,8.1197,36.31,36.31,,301_X2_45_rt1_i,301_X2_45_rt1_i,X2_45
302,301_X2_45_rt1_o,3,7/6/23,301,1,outer,,5.827,12.479,,7/14/23,8.075,24.36,24.36,,301_X2_45_rt1_o,301_X2_45_rt1_o,X2_45
303,301_X2_45_rt2_i,3,7/6/23,301,2,inner,,1.287,7.939,,6/27/24,7.0029,26.98,26.98,,301_X2_45_rt2_i,301_X2_45_rt2_i,X2_45
304,301_X2_45_rt2_o,3,7/6/23,301,2,outer,,4.366,11.018,,7/14/23,7.952,29.70,29.70,,301_X2_45_rt2_o,301_X2_45_rt2_o,X2_45
305,301_X2_45_rt3_i,3,7/6/23,301,3,inner,,2.000,8.652,,6/27/24,7.1788,26.16,26.16,,301_X2_45_rt3_i,301_X2_45_rt3_i,X2_45
306,301_X2_45_rt3_o,3,7/6/23,301,3,outer,,4.634,11.286,handwritten label,6/27/24,7.9811,28.60,28.60,,301_X2_45_rt3_o,301_X2_45_rt3_o,X2_45
307,303_X11_68_rt1_i,3,7/6/23,303,1,inner,,3.874,10.526,,6/27/24,7.7941,29.39,29.39,,303_X11_68_rt1_i,303_X11_68_rt1_i,X11_68
308,303_X11_68_rt1_o,3,7/6/23,303,1,outer,,9.222,15.874,,6/27/24,9.4871,30.71,30.71,,303_X11_68_rt1_o,303_X11_68_rt1_o,X11_68
309,303_X11_68_rt2_i,3,7/6/23,303,2,inner,,4.313,10.965,,6/27/24,7.9314,29.58,29.58,,303_X11_68_rt2_i,303_X11_68_rt2_i,X11_68
310,303_X11_68_rt2_o,3,7/6/23,303,2,outer,,2.192,8.844,,7/14/23,7.326,30.59,30.59,,303_X11_68_rt2_o,303_X11_68_rt2_o,X11_68
311,303_X11_68_rt3_i,3,7/6/23,303,3,inner,,5.354,12.006,,6/27/24,8.4269,33.09,33.09,,303_X11_68_rt3_i,303_X11_68_rt3_i,X11_68
312,303_X11_68_rt3_o,3,7/6/23,303,3,outer,,9.603,16.255,,6/27/24,9.5674,30.32,30.32,,303_X11_68_rt3_o,303_X11_68_rt3_o,X11_68
313,307_X4_32_rt1_i,4,7/28/23,306,1,inner,,9.0260,9.009,hand changed label,6/27/24,7.3361,28.87,28.87,,307_X4_32_rti_i,306_X4_32_rti_i,X4_32
314,307_X4_32_rt1_o,4,7/28/23,306,1,outer,,16.5163,16.4993,no root number or layer written on tube but guessing it goes here by process of elimination,6/27/24,9.9663,33.62,33.62,,307_X4_32_rti_o,306_X4_32_rti_o,X4_32
315,307_X4_32_rt2_i,4,7/28/23,306,2,inner,,10.8235,10.8065,,6/27/24,7.8061,27.69,27.69,,307_X4_32_rt2_i,306_X4_32_rt2_i,X4_32
316,307_X4_32_rt2_o,4,7/28/23,306,2,outer,,20.4339,20.4169,,6/27/24,11.0009,31.57,31.57,,307_X4_32_rt2_o,306_X4_32_rt2_o,X4_32
317,307_X4_32_rt3_i,4,7/28/23,306,3,inner,,8.1309,8.1139,,,,-456.93,,,307_X4_32_rt3_i,306_X4_32_rt3_i,X4_32
318,307_X4_32_rt3_o,4,7/28/23,306,3,outer,,13.8116,13.7946,,6/27/24,9.0184,33.08,33.08,,307_X4_32_rt3_o,306_X4_32_rt3_o,X4_32
319,314_X5_66_rt1_i,3,7/6/23,314,1,inner,,5.952,12.604,,7/14/23,8.576,32.27,32.27,,314_X5_66_rt1_i,314_X5_66_rt1_i,X5_66
320,314_X5_66_rt1_o,3,7/6/23,314,1,outer,,14.956,21.608,,7/14/23,11.496,32.37,32.37,,314_X5_66_rt1_o,314_X5_66_rt1_o,X5_66
321,314_X5_66_rt2_i,3,7/6/23,314,2,inner,,3.097,9.749,,4/10/24,7.306,20.99,20.99,,314_X5_66_rt2_i,314_X5_66_rt2_i,X5_66
322,314_X5_66_rt2_o,3,7/6/23,314,2,outer,,8.436,15.088,,4/10/24,9.066,28.57,28.57,,314_X5_66_rt2_o,314_X5_66_rt2_o,X5_66
323,314_X5_66_rt3_i,3,7/6/23,314,3,inner,,3.423,10.075,,7/14/23,7.891,36.10,36.10,,314_X5_66_rt3_i,314_X5_66_rt3_i,X5_66
324,314_X5_66_rt3_o,3,7/6/23,314,3,outer,,7.250,13.902,,7/14/23,8.954,31.70,31.70,,314_X5_66_rt3_o,314_X5_66_rt3_o,X5_66
325,318_A04_rt1_i,3,7/6/23,318,1,inner,,4.028,10.68,,7/14/23,7.716,26.32,26.32,,318_A04_rt1_i,318_A04_rt1_i,A04
326,318_A04_rt1_o,3,7/6/23,318,1,outer,,10.77,17.422,,7/14/23,9.638,27.69,27.69,,318_A04_rt1_o,318_A04_rt1_o,A04
327,318_A04_rt2_i,3,7/6/23,318,2,inner,,2.035,8.687,,7/26/23,7.195,26.50,26.50,,318_A04_rt2_i,318_A04_rt2_i,A04
328,318_A04_rt2_o,3,7/6/23,318,2,outer,,6.608,13.26,,7/14/23,8.664,30.40,30.40,,318_A04_rt2_o,318_A04_rt2_o,A04
329,318_A04_rt3_i,3,7/6/23,318,3,inner,,2.495,9.147,,7/14/23,7.298,25.74,25.74,,318_A04_rt3_i,318_A04_rt3_i,A04
330,318_A04_rt3_o,3,7/6/23,318,3,outer,,6.725,13.377,,7/14/23,8.414,26.15,26.15,,318_A04_rt3_o,318_A04_rt3_o,A04
331,405_X1_34_rt1_i,3,7/6/23,405,1,inner,,6.675,13.327,real genotype is X10_39 (corrected in GID column),7/14/23,8.558,28.50,28.50,,405_X1_34_rt1_i,405_X10_39_rt1_i,X10_39
332,405_X1_34_rt1_o,3,7/6/23,405,1,outer,,16.61,23.262,,7/14/23,12.231,33.57,33.57,,405_X1_34_rt1_o,405_X10_39_rt1_o,X10_39
333,405_X1_34_rt2_i,3,7/6/23,405,2,inner,,7.157,13.809,,7/14/23,8.948,32.03,32.03,,405_X1_34_rt2_i,405_X10_39_rt2_i,X10_39
334,405_X1_34_rt2_o,3,7/6/23,405,2,outer,,11.208,17.86,,7/14/23,10.47,34.04,34.04,,405_X1_34_rt2_o,405_X10_39_rt2_o,X10_39
335,405_X1_34_rt3_i,3,7/6/23,405,3,inner,,4.309,10.961,,7/14/23,8.056,32.50,32.50,,405_X1_34_rt3_i,405_X10_39_rt3_i,X10_39
336,405_X1_34_rt3_o,3,7/6/23,405,3,outer,,10.139,16.791,,7/14/23,10.025,33.23,33.23,,405_X1_34_rt3_o,405_X10_39_rt3_o,X10_39
337,408_X4_46_rt1_i,3,7/6/23,408,1,inner,,5.845,12.497,,7/14/23,8.272,27.65,27.65,,408_X4_46_rt1_i,408_X4_46_rt1_i,X4_46
338,408_X4_46_rt1_o,3,7/6/23,408,1,outer,,8.864,15.516,,4/10/24,8.922,25.57,25.57,,408_X4_46_rt1_o,408_X4_46_rt1_o,X4_46
339,408_X4_46_rt2_i,3,7/6/23,408,2,inner,,2.824,9.476,,7/14/23,7.546,31.54,31.54,,408_X4_46_rt2_i,408_X4_46_rt2_i,X4_46
340,408_X4_46_rt2_o,3,7/6/23,408,2,outer,,7.120,13.772,,7/14/23,9.016,33.16,33.16,,408_X4_46_rt2_o,408_X4_46_rt2_o,X4_46
341,408_X4_46_rt3_i,3,7/6/23,408,3,inner,,3.599,10.251,,7/14/23,7.772,31.02,31.02,,408_X4_46_rt3_i,408_X4_46_rt3_i,X4_46
342,408_X4_46_rt3_o,3,7/6/23,408,3,outer,,8.798,15.45,,4/10/24,9.226,29.22,29.22,,408_X4_46_rt3_o,408_X4_46_rt3_o,X4_46
343,411_C17_rt1_i,3,7/6/23,411,1,inner,,4.107,10.759,was in tube labeled 414_x8_41.5; label has been hand-corrected to 411_C17_rt1_i,7/14/23,7.766,27.04,27.04,it's not hand changed for the dry weight? this must be a different tube (this note was moved and is now correct),414_X8_41.5_rt1_i,411_C17_rt1_i,C17
344,411_C17_rt1_o,3,7/6/23,411,1,outer,,9.423,16.075,note 4/10/24: label hand changed. Former note: in tube labeled 414_x8_41.5; label needs to be corrected,4/10/24,9.244,27.47,27.47,,414_X8_41.5_rt1_o,411_C17_rt1_o,C17
345,411_C17_rt2_i,3,7/6/23,411,2,inner,,1.756,8.408,,7/14/23,7.184,30.10,30.10,,411_C17_rt2_i,411_C17_rt2_i,C17
346,411_C17_rt2_o,3,7/6/23,411,2,outer,,5.836,12.488,,7/14/23,8.534,32.19,32.19,,411_C17_rt2_o,411_C17_rt2_o,C17
347,411_C17_rt3_i,3,7/6/23,411,3,inner,,3.125,9.777,,7/14/23,7.637,31.41,31.41,,411_C17_rt3_i,411_C17_rt3_i,C17
348,411_C17_rt3_o,3,7/6/23,411,3,outer,,5.523,12.175,,7/14/23,8.299,29.76,29.76,,411_C17_rt3_o,411_C17_rt3_o,C17
349,414_X8_41.5_rt1_i,3,7/6/23,414,1,inner,,11.814,18.466,label hand changed,7/14/23,9.511,24.17,24.17,weight comes from label picture,414_411_C17_rt1_i,414_X8_41.5_rt1_i,X8_41.5
350,414_X8_41.5_rt1_o,3,7/6/23,414,1,outer,,16.78,23.432,label hand changed,7/14/23,13.205,39.03,39.03,<when I took the dry weight it wasn't labed 414_x8_41.5—the label read 411_C17_rt1_o but the 411 was changed to 414 and the C17 was crossed out (this is in the correct spot),414_411_C17_rt1_o ,414_X8_41.5_rt1_o,X8_41.5
351,414_X8_41.5_rt2_i,3,7/6/23,414,2,inner,,6.296,12.948,handwritten label,7/14/23,7.98,21.03,21.03,,414_X8_41.5_rt2_i,414_X8_41.5_rt2_i,X8_41.5
352,414_X8_41.5_rt2_o,3,7/6/23,414,2,outer,,8.287,14.939,handwritten label,4/10/24,8.985,28.11,28.11,,414_X8_41.5_rt2_o,414_X8_41.5_rt2_o,X8_41.5
353,414_X8_41.5_rt3_i,3,7/6/23,414,3,inner,,3.778,10.43,,7/14/23,7.523,22.95,22.95,handwritten for the dry weight but nothing was written here before,414_X8_41.5_rt3_i,414_X8_41.5_rt3_i,X8_41.5
354,414_X8_41.5_rt3_o,3,7/6/23,414,3,outer,,5.824,12.476,note 4/10/24: handwritten label,4/10/24,8.364,29.33,29.33,,414_X8_41.5_rt3_o,414_X8_41.5_rt3_o,X8_41.5
355,420_A03_rt1_i,3,7/6/23,420,1,inner,,3.788,10.44,,7/14/23,7.732,28.42,28.42,,420_A03_rt1_i,420_A03_rt1_i,A03
356,420_A03_rt1_o,3,7/6/23,420,1,outer,,6.999,13.651,,7/14/23,8.409,25.05,25.05,,420_A03_rt1_o,420_A03_rt1_o,A03
357,420_A03_rt2_i,3,7/6/23,420,2,inner,,4.643,11.295,,7/14/23,8.041,29.84,29.84,,420_A03_rt2_i,420_A03_rt2_i,A03
358,420_A03_rt2_o,3,7/6/23,420,2,outer,,12.678,19.33,,7/14/23,9.921,25.76,25.76,,420_A03_rt2_o,420_A03_rt2_o,A03
359,420_A03_rt3_i,3,7/6/23,420,3,inner,,3.781,10.433,,7/14/23,7.886,32.55,32.55,,420_A03_rt3_i,420_A03_rt3_i,A03
360,420_A03_rt3_o,3,7/6/23,420,3,outer,,7.905,14.557,,7/14/23,8.763,26.66,26.66,,420_A03_rt3_o,420_A03_rt3_o,A03
361,105_X5_66_rt1_i,4,7/28/23,105,1,inner,,14.7670,14.75,scale tare = 0.017,8/10/23,9.702,37.63,37.63,,105_X5_66_rt1_i,105_X5_66_rt1_i,X5_66
362,105_X5_66_rt1_o,4,7/28/23,105,1,outer,,15.8485,15.8315,,8/10/23,9.828,34.56,34.56,,105_X5_66_rt1_o,105_X5_66_rt1_o,X5_66
363,105_X5_66_rt2_i,4,7/28/23,105,2,inner,,10.9422,10.9252,,8/10/23,8.268,37.74,37.74,,105_X5_66_rt2_i,105_X5_66_rt2_i,X5_66
364,105_X5_66_rt2_o,4,7/28/23,105,2,outer,,18.3079,18.2909,,8/10/2023,10.954,36.94,36.94,,105_X5_66_rt2_o,105_X5_66_rt2_o,X5_66
365,105_X5_66_rt3_i,4,7/28/23,105,3,inner,,8.9930,8.976,,8/10/23,7.463,34.76,34.76,,105_X5_66_rt3_i,105_X5_66_rt3_i,X5_66
366,105_X5_66_rt3_o,4,7/28/23,105,3,outer,,15.1097,15.0927,,8/10/23,9.86,37.97,37.97,,105_X5_66_rt3_o,105_X5_66_rt3_o,X5_66
367,106_X4_46_rt1_i,4,7/28/23,106,1,inner,,11.0714,11.0544,,8/10/23,7.773,25.38,25.38,,106_X4_46_rt1_i,106_X4_46_rt1_i,X4_46
368,106_X4_46_rt1_o,4,7/28/23,106,1,outer,,17.579,17.562,,8/10/23,10.275,33.18,33.18,,106_X4_46_rt1_o,106_X4_46_rt1_o,X4_46
369,106_X4_46_rt2_i,4,7/28/23,106,2,inner,,15.1350,15.118,,8/10/23,9.027,28.01,28.01,,106_X4_46_rt2_i,106_X4_46_rt2_i,X4_46
370,106_X4_46_rt2_o,4,7/28/23,106,2,outer,,18.6143,18.5973,,8/10/2023,10.624,33.22,33.22,,106_X4_46_rt2_o,106_X4_46_rt2_o,X4_46
371,106_X4_46_rt3_i,4,7/28/23,106,3,inner,,11.3146,11.2976,,8/10/23,7.982,28.55,28.55,,106_X4_46_rt3_i,106_X4_46_rt3_i,X4_46
372,106_X4_46_rt3_o,4,7/28/23,106,3,outer,,18.1614,18.1444,,8/10/23,10.746,35.60,35.60,,106_X4_46_rt3_o,106_X4_46_rt3_o,X4_46
373,107_X10_52_rt1_i,4,7/28/23,107,1,inner,,13.896,13.879,real genotype is X4_32 (corrected in GID column),8/10/23,8.798,29.65,29.65,,107_X10_52_rt1_i,107_X4_32_rt1_i,X4_32
374,107_X10_52_rt1_o,4,7/28/23,107,1,outer,,22.2946,22.2776,,8/10/23,11.958,33.94,33.94,,107_X10_52_rt1_o,107_X4_32_rt1_o,X4_32
375,107_X10_52_rt2_i,4,7/28/23,107,2,inner,,10.0545,10.0375,,8/10/23,7.661,29.70,29.70,,107_X10_52_rt2_i,107_X4_32_rt2_i,X4_32
376,107_X10_52_rt2_o,4,7/28/23,107,2,outer,,22.774,22.757,,8/10/23,12.481,36.17,36.17,,107_X10_52_rt2_o,107_X4_32_rt2_o,X4_32
377,107_X10_52_rt3_i,4,7/28/23,107,3,inner,,10.4581,10.4411,,8/10/23,7.777,29.60,29.60,,107_X10_52_rt3_i,107_X4_32_rt3_i,X4_32
378,107_X10_52_rt3_o,4,7/28/23,107,3,outer,,19.7653,19.7483,,8/10/23,10.948,32.78,32.78,,107_X10_52_rt3_o,107_X4_32_rt3_o,X4_32
379,112_X4_67_rt1_i,4,7/28/23,112,1,inner,,12.4879,12.4709,,8/10/23,8.517,31.99,31.99,,112_X4_67_rt1_i,112_X4_67_rt1_i,X4_67
380,112_X4_67_rt1_o,4,7/28/23,112,1,outer,,16.9352,16.9182,,8/10/23,9.919,31.79,31.79,,112_X4_67_rt1_o,112_X4_67_rt1_o,X4_67
381,112_X4_67_rt2_i,4,7/28/23,112,2,inner,,10.2367,10.2197,,8/10/23,7.745,30.54,30.54,,112_X4_67_rt2_i,112_X4_67_rt2_i,X4_67
382,112_X4_67_rt2_o,4,7/28/23,112,2,outer,,20.9616,20.9446,,8/10/23,11.027,30.59,30.59,,112_X4_67_rt2_o,112_X4_67_rt2_o,X4_67
383,112_X4_67_rt3_i,4,7/28/23,112,3,inner,,11.5200,11.503,,8/10/23,8.122,30.23,30.23,,112_X4_67_rt3_i,112_X4_67_rt3_i,X4_67
384,112_X4_67_rt3_o,4,7/28/23,112,3,outer,,13.7808,13.7638,,8/10/23,8.854,30.91,30.91,,112_X4_67_rt3_o,112_X4_67_rt3_o,X4_67
385,118_C14_rt1_i,4,7/28/23,118,1,inner,,8.6666,8.6496,,,,-334.09,,,118_C14_rt1_i,118_C14_rt1_i,C14
386,118_C14_rt1_o,4,7/28/23,118,1,outer,,12.6723,12.6553,,8/10/2023,8.361,28.41,28.41,,118_C14_rt1_o,118_C14_rt1_o,C14
387,118_C14_rt2_i,4,7/28/23,118,2,inner,,8.4559,8.4389,,8/10/23,7.181,29.41,29.41,,118_C14_rt2_i,118_C14_rt2_i,C14
388,118_C14_rt2_o,4,7/28/23,118,2,outer,,10.145,10.128,,8/10/23,7.534,25.27,25.27,,118_C14_rt2_o,118_C14_rt2_o,C14
389,118_C14_rt3_i,4,7/28/23,118,3,inner,,8.8293,8.8123,,8/10/23,7.261,28.02,28.02,,118_C14_rt3_i,118_C14_rt3_i,C14
390,118_C14_rt3_o,4,7/28/23,118,3,outer,,9.7362,9.7192,,8/10/23,7.403,24.36,24.36,,118_C14_rt3_o,118_C14_rt3_o,C14
391,205_X1_54_rt1_i,4,7/28/23,205,1,inner,,11.2239,11.2069,plant 205 was missing tag; we are assuming the one left was 205,8/10/23,8.158,32.99,32.99,,205_X1_54_rt1_i,205_X1_54_rt1_i,X1_54
392,205_X1_54_rt1_o,4,7/28/23,205,1,outer,,15.0368,15.0198,,8/10/23,9.437,33.24,33.24,,205_X1_54_rt1_o,205_X1_54_rt1_o,X1_54
393,205_X1_54_rt2_i,4,7/28/23,205,2,inner,,9.9402,9.9232,,8/10/23,7.626,29.67,29.67,,205_X1_54_rt2_i,205_X1_54_rt2_i,X1_54
394,205_X1_54_rt2_o,4,7/28/23,205,2,outer,,18.7151,18.6981,,8/10/23,11.166,37.45,37.45,,205_X1_54_rt2_o,205_X1_54_rt2_o,X1_54
395,205_X1_54_rt3_i,4,7/28/23,205,3,inner,,10.0672,10.0502,,8/10/23,7.553,26.41,26.41,,205_X1_54_rt3_i,205_X1_54_rt3_i,X1_54
396,205_X1_54_rt3_o,4,7/28/23,205,3,outer,,20.4888,20.4718,,8/10/23,11.483,34.93,34.93,,205_X1_54_rt3_o,205_X1_54_rt3_o,X1_54
397,207_A04_rt1_i,4,7/28/23,207,1,inner,,11.1676,11.1506,,8/10/23,7.751,24.35,24.35,,207_A04_rt1_i,207_A04_rt1_i,A04
398,207_A04_rt1_o,4,7/28/23,207,1,outer,,16.5829,16.5659,,8/10/23,9.386,27.54,27.54,,207_A04_rt1_o,207_A04_rt1_o,A04
399,207_A04_rt2_i,4,7/28/23,207,2,inner,,12.8192,12.8022,,8/10/23,8.226,25.53,25.53,,207_A04_rt2_i,207_A04_rt2_i,A04
400,207_A04_rt2_o,4,7/28/23,207,2,outer,,17.0128,16.9958,,8/10/23,9.691,29.35,29.35,,207_A04_rt2_o,207_A04_rt2_o,A04
401,207_A04_rt3_i,4,7/28/23,207,3,inner,,11.2670,11.25,,8/10/23,7.846,25.89,25.89,,207_A04_rt3_i,207_A04_rt3_i,A04
402,207_A04_rt3_o,4,7/28/23,207,3,outer,,16.0732,16.0562,,8/10/23,9.454,29.76,29.76,,207_A04_rt3_o,207_A04_rt3_o,A04
403,210_X11_68_rt1_i,4,7/28/23,210,1,inner,,13.1182,13.1012,,8/10/23,8.447,27.78,27.78,,210_X11_68_rt1_i,210_X11_68_rt1_i,X11_68
404,210_X11_68_rt1_o,4,7/28/23,210,1,outer,,21.4788,21.4618,,8/10/23,12.218,37.56,37.56,,210_X11_68_rt1_o,210_X11_68_rt1_o,X11_68
405,210_X11_68_rt2_i,4,7/28/23,210,2,inner,,12.9012,12.8842,,8/10/23,8.258,25.71,25.71,,210_X11_68_rt2_i,210_X11_68_rt2_i,X11_68
406,210_X11_68_rt2_o,4,7/28/23,210,2,outer,,14.3620,14.345,,8/10/23,8.887,29.01,29.01,,210_X11_68_rt2_o,210_X11_68_rt2_o,X11_68
407,210_X11_68_rt3_i,4,7/28/23,210,3,inner,,11.4778,11.4608,,8/10/23,7.706,21.84,21.84,,210_X11_68_rt3_i,210_X11_68_rt3_i,X11_68
408,210_X11_68_rt3_o,4,7/28/23,210,3,outer,,16.2924,16.2754,,8/10/23,9.761,32.27,32.27,,210_X11_68_rt3_o,210_X11_68_rt3_o,X11_68
409,218_X8_41.5_rt1_i,4,7/28/23,218,1,inner,,9.7402,9.7232,,8/7/23,7.177,16.96,16.96,,218_X8_41.5_rt1_i,218_X8_41.5_rt1_i,X8_41.5
410,218_X8_41.5_rt1_o,4,7/28/23,218,1,outer,,21.7382,21.7212,,8/7/23,10.511,25.58,25.58,*might (???) not be fully dried,218_X8_41.5_rt1_o,218_X8_41.5_rt1_o,X8_41.5
411,218_X8_41.5_rt2_i,4,7/28/23,218,2,inner,,10.9113,10.8943,,8/10/23,7.507,20.06,20.06,,218_X8_41.5_rt2_i,218_X8_41.5_rt2_i,X8_41.5
412,218_X8_41.5_rt2_o,4,7/28/23,218,2,outer,,18.9016,18.8846,may not be fully dry,6/27/24,9.9851,27.22,27.22,,218_X8_41.5_rt2_o,218_X8_41.5_rt2_o,X8_41.5
413,218_X8_41.5_rt3_i,4,7/28/23,218,3,inner,,10.0969,10.0799,,8/7/23,7.446,23.05,23.05,,218_X8_41.5_rt3_i,218_X8_41.5_rt3_i,X8_41.5
414,218_X8_41.5_rt3_o,4,7/28/23,218,3,outer,,14.4132,14.3962,,8/7/23,8.445,23.10,23.10,,218_X8_41.5_rt3_o,218_X8_41.5_rt3_o,X8_41.5
415,220_X1_34_rt1_i,4,7/28/23,220,1,inner,,8.5989,8.5819,real genotype is X10_39,8/7/23,7.174,26.86,26.86,,220_X1_34_rt1_i,220_X10_39_rt1_i,X10_39
416,220_X1_34_rt1_o,4,7/28/23,220,1,outer,,14.4457,14.4287,,8/7/23,8.771,27.20,27.20,,220_X1_34_rt1_o,220_X10_39_rt1_o,X10_39
417,220_X1_34_rt2_i,4,7/28/23,220,2,inner,,10.1601,10.1431,,6/27/24,7.5363,25.22,25.22,,220_X1_34_rt2_i,220_X10_39_rt2_i,X10_39
418,220_X1_34_rt2_o,4,7/28/23,220,2,outer,,17.0199,17.0029,,8/10/23,9.61,28.54,28.54,,220_X1_34_rt2_o,220_X10_39_rt2_o,X10_39
419,220_X1_34_rt3_i,4,7/28/23,220,3,inner,,11.8715,11.8545,,6/27/24,7.9033,23.98,23.98,,220_X1_34_rt3_i,220_X10_39_rt3_i,X10_39
420,220_X1_34_rt3_o,4,7/28/23,220,3,outer,,23.2501,23.2331,busted tube; replaced in new tube with handwritten label,6/27/24,10.8176,25.10,25.10,,220_X1_34_rt3_o,220_X10_39_rt3_o,X10_39
421,302_C17_rt1_i,4,7/28/23,302,1,inner,,11.1809,11.1639,,6/27/24,8.1107,32.25,32.25,,302_C17_rt1_i,302_C17_rt1_i,C17
422,302_C17_rt1_o,4,7/28/23,302,1,outer,,12.8269,12.8099,,8/7/23,8.494,29.86,29.86,,302_C17_rt1_o,302_C17_rt1_o,C17
423,302_C17_rt2_i,4,7/28/23,302,2,inner,,10.5839,10.5669,,6/27/24,7.8709,31.05,31.05,,302_C17_rt2_i,302_C17_rt2_i,C17
424,302_C17_rt2_o,4,7/28/23,302,2,outer,,14.1505,14.1335,,8/10/23,8.515,24.85,24.85,,302_C17_rt2_o,302_C17_rt2_o,C17
425,302_C17_rt3_i,4,7/28/23,302,3,inner,,10.4619,10.4449,,8/7/23,8.038,36.46,36.46,,302_C17_rt3_i,302_C17_rt3_i,C17
426,302_C17_rt3_o,4,7/28/23,302,3,outer,,14.0117,13.9947,,8/7/23,9.358,36.81,36.81,,302_C17_rt3_o,302_C17_rt3_o,C17
427,304_X5_31_rt1_i,4,7/28/23,304,1,inner,,10.5160,10.499,,8/7/23,7.639,25.56,25.56,,304_X5_31_rt1_i,304_X5_31_rt1_i,X5_31
428,304_X5_31_rt1_o,4,7/28/23,304,1,outer,,19.9203,19.9033,,8/7/23,10.836,31.55,31.55,,304_X5_31_rt1_o,304_X5_31_rt1_o,X5_31
429,304_X5_31_rt2_i,4,7/28/23,304,2,inner,,10.1760,10.159,,8/7/23,7.72,30.35,30.35,,304_X5_31_rt2_i,304_X5_31_rt2_i,X5_31
430,304_X5_31_rt2_o,4,7/28/23,304,2,outer,,16.3962,16.3792,,8/7/23,10.155,35.98,35.98,,304_X5_31_rt2_o,304_X5_31_rt2_o,X5_31
431,304_X5_31_rt3_i,4,7/28/23,304,3,inner,,10.6280,10.611,,6/27/24,7.7864,28.56,28.56,,304_X5_31_rt3_i,304_X5_31_rt3_i,X5_31
432,304_X5_31_rt3_o,4,7/28/23,304,3,outer,,15.3070,15.29,,8/7/23,9.607,34.17,34.17,,304_X5_31_rt3_o,304_X5_31_rt3_o,X5_31
433,307_A03_rt1_i,4,7/28/23,307,1,inner,,10.1723,10.1553,confirmed A03,8/7/23,7.537,25.16,25.16,,307_A03_rt1_i,307_A03_rt1_i,A03
434,307_A03_rt1_o,4,7/28/23,307,1,outer,,16.8489,16.8319,,8/7/23,9.794,30.83,30.83,,307_A03_rt1_o,307_A03_rt1_o,A03
435,307_A03_rt2_i,4,7/28/23,307,2,inner,,15.1308,15.1138,,6/27/24,8.7831,25.14,25.14,,307_A03_rt2_i,307_A03_rt2_i,A03
436,307_A03_rt2_o,4,7/28/23,307,2,outer,,17.2783,17.2613,,8/7/23,9.627,28.01,28.01,,307_A03_rt2_o,307_A03_rt2_o,A03
437,307_A03_rt3_i,4,7/28/23,307,3,inner,,10.5362,10.5192,,8/7/23,7.645,25.58,25.58,,307_A03_rt3_i,307_A03_rt3_i,A03
438,307_A03_rt3_o,4,7/28/23,307,3,outer,,14.6380,14.621,,8/7/23,8.795,26.85,26.85,,307_A03_rt3_o,307_A03_rt3_o,A03
439,317_X4_42_rt1_i,4,7/28/23,317,1,inner,,11.0285,11.0115,,6/27/24,7.5672,20.90,20.90,,317_X4_42_rt1_i,317_X4_42_rt1_i,X4_42
440,317_X4_42_rt1_o,4,7/28/23,317,1,outer,,23.0401,23.0231,,8/7/23,11.106,27.18,27.18,*might (???) be not fully dried,317_X4_42_rt1_o,317_X4_42_rt1_o,X4_42
441,317_X4_42_rt2_i,4,7/28/23,317,2,inner,,8.0447,8.0277,,,,-485.66,,,317_X4_42_rt2_i,317_X4_42_rt2_i,X4_42
442,317_X4_42_rt2_o,4,7/28/23,317,2,outer,,16.0947,16.0777,,8/7/23,9.301,28.07,28.07,,317_X4_42_rt2_o,317_X4_42_rt2_o,X4_42
443,317_X4_42_rt3_i,4,7/28/23,317,3,inner,,8.0826,8.0656,,8/7/23,6.877,15.62,15.62,,317_X4_42_rt3_i,317_X4_42_rt3_i,X4_42
444,317_X4_42_rt3_o,4,7/28/23,317,3,outer,,15.4675,15.4505,,8/7/23,8.985,26.47,26.47,,317_X4_42_rt3_o,317_X4_42_rt3_o,X4_42
445,319_X8_37_rt1_i,4,7/28/23,319,1,inner,,8.6979,8.6809,,6/27/24,7.2724,30.41,30.41,,319_X8_37_rt1_i,319_X8_37_rt1_i,X8_37
446,319_X8_37_rt1_o,4,7/28/23,319,1,outer,,17.6264,17.6094,,8/7/23,10.652,36.48,36.48,,319_X8_37_rt1_o,319_X8_37_rt1_o,X8_37
447,319_X8_37_rt2_i,4,7/28/23,319,2,inner,,11.9961,11.9791,,8/7/23,8.604,36.58,36.58,,319_X8_37_rt2_i,319_X8_37_rt2_i,X8_37
448,319_X8_37_rt2_o,4,7/28/23,319,2,outer,,17.1151,17.0981,,8/7/23,10.404,35.89,35.89,,319_X8_37_rt2_o,319_X8_37_rt2_o,X8_37
449,319_X8_37_rt3_i,4,7/28/23,319,3,inner,,9.5648,9.5478,,6/27/24,7.5781,31.86,31.86,,319_X8_37_rt3_i,319_X8_37_rt3_i,X8_37
450,319_X8_37_rt3_o,4,7/28/23,319,3,outer,,14.2276,14.2106,,8/7/23,9.429,36.70,36.70,,319_X8_37_rt3_o,319_X8_37_rt3_o,X8_37
451,402_X11_57_rt1_i,4,7/28/23,402,1,inner,,13.2686,13.2516,,8/7/23,8.604,29.52,29.52,,402_X11_57_rt1_i,402_X11_57_rt1_i,X11_57
452,402_X11_57_rt1_o,4,7/28/23,402,1,outer,,21.7191,21.7021,may not be fully dry,6/27/24,12.003,35.53,35.53,,402_X11_57_rt1_o,402_X11_57_rt1_o,X11_57
453,402_X11_57_rt2_i,4,7/28/23,402,2,inner,,9.5872,9.5702,,6/27/24,7.7515,37.57,37.57,,402_X11_57_rt2_i,402_X11_57_rt2_i,X11_57
454,402_X11_57_rt2_o,4,7/28/23,402,2,outer,,15.9367,15.9197,,6/27/24,9.7985,33.92,33.92,,402_X11_57_rt2_o,402_X11_57_rt2_o,X11_57
455,402_X11_57_rt3_i,4,7/28/23,402,3,inner,,9.9568,9.9398,,6/27/24,7.8735,37.06,37.06,,402_X11_57_rt3_i,402_X11_57_rt3_i,X11_57
456,402_X11_57_rt3_o,4,7/28/23,402,3,outer,,16.3737,16.3567,,8/7/23,9.951,33.96,33.96,,402_X11_57_rt3_o,402_X11_57_rt3_o,X11_57
457,403_A20_rt1_i,4,7/28/23,403,1,inner,,9.7754,9.7584,,8/7/23,7.512,27.57,27.57,,403_A20_rt1_i,403_A20_rt1_i,A20
458,403_A20_rt1_o,4,7/28/23,403,1,outer,,18.4019,18.3849,,8/7/23,10.032,28.78,28.78,,403_A20_rt1_o,403_A20_rt1_o,A20
459,403_A20_rt2_i,4,7/28/23,403,2,inner,,9.9233,9.9063,,8/7/23,7.8,35.18,35.18,,403_A20_rt2_i,403_A20_rt2_i,A20
460,403_A20_rt2_o,4,7/28/23,403,2,outer,,13.4400,13.423,,6/27/24,8.8544,32.48,32.48,,403_A20_rt2_o,403_A20_rt2_o,A20
461,403_A20_rt3_i,4,7/28/23,403,3,inner,,9.6831,9.6661,,8/7/23,7.656,33.20,33.20,,403_A20_rt3_i,403_A20_rt3_i,A20
462,403_A20_rt3_o,4,7/28/23,403,3,outer,,20.2760,20.259,,8/7/23,11.426,35.06,35.06,,403_A20_rt3_o,403_A20_rt3_o,A20
463,407_X2_24_rt1_i,4,7/28/23,407,1,inner,,9.9618,9.9448,,8/7/23,7.614,29.11,29.11,,407_X2_24_rt1_i,407_X2_24_rt1_i,X2_24
464,407_X2_24_rt1_o,4,7/28/23,407,1,outer,,15.0954,15.0784,,8/7/23,9.578,34.69,34.69,,407_X2_24_rt1_o,407_X2_24_rt1_o,X2_24
465,407_X2_24_rt2_i,4,7/28/23,407,2,inner,,11.5049,11.4879,,8/7/23,7.937,26.50,26.50,,407_X2_24_rt2_i,407_X2_24_rt2_i,X2_24
466,407_X2_24_rt2_o,4,7/28/23,407,2,outer,,21.0743,21.0573,,8/7/23,11.3,32.24,32.24,*might (???) not be fully dry,407_X2_24_rt2_o,407_X2_24_rt2_o,X2_24
467,407_X2_24_rt3_i,4,7/28/23,407,3,inner,,8.3788,8.3618,,8/7/23,7.163,29.68,29.68,,407_X2_24_rt3_i,407_X2_24_rt3_i,X2_24
468,407_X2_24_rt3_o,4,7/28/23,407,3,outer,,14.9337,14.9167,,8/7/23,9.293,31.91,31.91,,407_X2_24_rt3_o,407_X2_24_rt3_o,X2_24
469,409_X2_45_rt1_i,4,7/28/23,409,1,inner,,10.1900,10.173,,8/7/23,7.797,32.42,32.42,,409_X2_45_rt1_i,409_X2_45_rt1_i,X2_45
470,409_X2_45_rt1_o,4,7/28/23,409,1,outer,,19.3035,19.2865,,6/27/24,11.0441,34.74,34.74,,409_X2_45_rt1_o,409_X2_45_rt1_o,X2_45
471,409_X2_45_rt2_i,4,7/28/23,409,2,inner,,10.6441,10.6271,,8/7/23,8.073,35.67,35.67,,409_X2_45_rt2_i,409_X2_45_rt2_i,X2_45
472,409_X2_45_rt2_o,4,7/28/23,409,2,outer,,17.9582,17.9412,,6/27/24,10.7414,36.20,36.20,,409_X2_45_rt2_o,409_X2_45_rt2_o,X2_45
473,409_X2_45_rt3_i,4,7/28/23,409,3,inner,,9.7305,9.7135,,8/7/23,7.557,29.45,29.45,,409_X2_45_rt3_i,409_X2_45_rt3_i,X2_45
474,409_X2_45_rt3_o,4,7/28/23,409,3,outer,,20.8028,20.7858,,8/7/23,11.519,34.41,34.41,,409_X2_45_rt3_o,409_X2_45_rt3_o,X2_45
475,418_X5_36_rt1_i,4,7/28/23,418,1,inner,,10.1793,10.1623,,6/27/24,7.3941,21.03,21.03,,418_X5_36_rt1_i,418_X5_36_rt1_i,X5_36
476,418_X5_36_rt1_o,4,7/28/23,418,1,outer,,19.5818,19.5648,,8/7/23,10.486,29.66,29.66,*might (???) not be fully dry,418_X5_36_rt1_o,418_X5_36_rt1_o,X5_36
477,418_X5_36_rt2_i,4,7/28/23,418,2,inner,,8.2967,8.2797,,8/7/23,6.978,19.78,19.78,,418_X5_36_rt2_i,418_X5_36_rt2_i,X5_36
478,418_X5_36_rt2_o,4,7/28/23,418,2,outer,,13.5875,13.5705,,,,-96.29,,,418_X5_36_rt2_o,418_X5_36_rt2_o,X5_36
479,418_X5_36_rt3_i,4,7/28/23,418,3,inner,,9.0936,9.0766,,8/7/23,7.089,17.85,17.85,,418_X5_36_rt3_i,418_X5_36_rt3_i,X5_36
480,418_X5_36_rt3_o,4,7/28/23,418,3,outer,,13.2366,13.2196,,8/7/23,8.284,24.79,24.79,,418_X5_36_rt3_o,418_X5_36_rt3_o,X5_36
,https://docs.google.com/spreadsheets/d/1Bh37pSoyOLAQtuJXd0M8jdzX-jUOeY35Zh1knIJVN-E/edit#gid=1528979945,,,,,,,,,,,,,,,,,
,,,,,,,,,,,,,,,,,,
,,,,,,,,,,,,7,,,,,,