"","X","node1","node2","weight","class.x","gene_metabolite.x","Description.x","class.y","gene_metabolite.y","Description.y","overall_cor","overall_cor_p","genetic_cor","genetic_cor_p","nongenetic_cor","nongenetic_cor_p"
"1",250,"Manes.08G105600.v8.1","Beta.Carotene",0.0689230961294097,NA,"gene","(1 of 3) PF00646//PF14299 - F-box domain (F-box) // Phloem protein 2 (PP2)","carot","metabolite",NA,0.689160851995343,0,0.843250093940053,1.20973394635016e-07,0.219783597707507,0.000117741644893865
"2",338,"Manes.16G130900.v8.1","Beta.Carotene",0.0618968759244524,NA,"gene","(1 of 2) KOG1766 - Enhancer of rudimentary","carot","metabolite",NA,0.56653691924629,0,0.754993305006141,1.2907055313649e-05,0.0958565488952349,0.0963660968610962
"3",359,"Manes.09G098760.v8.1","Beta.Carotene",0.0603212396421022,NA,"gene","(1 of 46) PF00582 - Universal stress protein family (Usp)","carot","metabolite",NA,0.598211375618692,0,0.770185813009874,6.70762019883142e-06,0.106454162276832,0.0646663811933217
"4",443,"Manes.09G098800.v8.1","Beta.Carotene",0.0561814349275685,NA,"gene","(1 of 9) PTHR11260//PTHR11260:SF303 - GLUTATHIONE S-TRANSFERASE, GST, SUPERFAMILY, GST DOMAIN CONTAINING // GLUTATHIONE S-TRANSFERASE U1-RELATED","carot","metabolite",NA,0.58809907805997,0,0.778216507655942,4.65115420422713e-06,0.140338225377989,0.0146549511387517
"5",488,"Manes.07G104000.v8.1","Beta.Carotene",0.0548552052744661,NA,"gene","(1 of 2) PTHR32191:SF1 - TETRASPANIN-5-RELATED","carot","metabolite",NA,0.587555786062759,0,0.730185293672645,3.42056380588929e-05,0.0921581483240899,0.109976371869744
"6",596,"Manes.04G074700.v8.1","Beta.Carotene",0.0510769084410927,NA,"gene","(1 of 4) PF06911 - Senescence-associated protein (Senescence)","carot","metabolite",NA,0.603853198278758,0,0.780755694036353,4.12980604291846e-06,0.248998404236655,1.1958680409041e-05
"7",839,"Manes.02G033500.v8.1","Beta.Carotene",0.0446340224404452,NA,"gene","(1 of 3) PTHR33593:SF2 - F5O11.5","carot","metabolite",NA,0.602134178938158,0,0.794056552216644,2.15794158897609e-06,0.167318694436885,0.00354305166656532
"8",842,"Manes.18G101100.v8.1","Beta.Carotene",0.0446050903382006,NA,"gene","(1 of 2) PTHR10795//PTHR10795:SF316 - PROPROTEIN CONVERTASE SUBTILISIN/KEXIN // SERINE PROTEASE-LIKE PROTEIN-RELATED","carot","metabolite",NA,0.519559679487836,0,0.741106706113378,2.25705695504619e-05,0.0773299987637169,0.180152075077113
"9",969,"Manes.05G160600.v8.1","Beta.Carotene",0.0415060265357115,NA,"gene","(1 of 3) PTHR32227:SF16 - GLUCAN ENDO-1,3-BETA-GLUCOSIDASE 7-RELATED","carot","metabolite",NA,0.531656525024029,0,0.791111983151746,2.50130621437528e-06,0.0233850225188692,0.685655080898795
"10",1018,"Manes.01G150600.v8.1","Beta.Carotene",0.0405673645416744,NA,"gene","(1 of 1) PF13441 - YMGG-like Gly-zipper (Gly-zipper_YMGG)","carot","metabolite",NA,0.545505862076037,0,0.779133742463731,4.45642980562155e-06,0.0897283184168754,0.119711510648602
"11",1023,"Manes.14G172800.v8.1","Beta.Carotene",0.0405097543146852,NA,"gene","(1 of 2) PTHR12701//PTHR12701:SF20 - BCR-ASSOCIATED PROTEIN, BAP // GENOMIC DNA, CHROMOSOME 3, P1 CLONE: MIG5","carot","metabolite",NA,0.539146594535712,0,0.710379610030893,6.92998033839931e-05,0.0711821726842021,0.217408072006919
"12",1027,"Manes.01G022400.v8.1","Beta.Carotene",0.0404268221109863,NA,"gene","","carot","metabolite",NA,0.615900029609703,0,0.703609596621857,8.70798140071294e-05,0.137044518080939,0.0171741917096557
"13",1131,"Manes.15G141200.v8.1","Beta.Carotene",0.038462225248021,NA,"gene","(1 of 2) 3.1.21.7 - Deoxyribonuclease V / Escherichia coli endodeoxyribonuclease V","carot","metabolite",NA,0.567100341984021,0,0.810857135100231,8.86159302826428e-07,0.0620943362965304,0.28208476685057
"14",1140,"Manes.12G027800.v8.1","Beta.Carotene",0.038354013958124,NA,"gene","(1 of 5) K17609 - nucleoredoxin [EC:1.8.1.8] (NXN)","carot","metabolite",NA,0.557343432113415,0,0.733708947306462,2.99768168983139e-05,0.136903638955188,0.0172899020257165
"15",1160,"Manes.06G110100.v8.1","Beta.Carotene",0.0380055862105597,NA,"gene","(1 of 2) K17987 - next to BRCA1 gene 1 protein (NBR1)","carot","metabolite",NA,0.467955475849129,0,0.701401206437457,9.36895541117089e-05,0.0649658560464942,0.260379895821191
"16",1190,"Manes.16G121600.v8.1","Beta.Carotene",0.0374138990066628,NA,"gene","(1 of 3) PTHR18896//PTHR18896:SF11 - PHOSPHOLIPASE D // PHOSPHOLIPASE D ALPHA 1-RELATED","carot","metabolite",NA,0.559219913689292,0,0.665795885161178,0.000280588112848701,0.0946710272008506,0.100574584167912
"17",1191,"Manes.10G020100.v8.1","Beta.Carotene",0.037412685294938,NA,"gene","(1 of 10) PTHR11527//PTHR11527:SF152 - SMALL HEAT-SHOCK PROTEIN  HSP20  FAMILY // SUBFAMILY NOT NAMED","carot","metabolite",NA,0.618685580126244,0,0.799256111298891,1.65298354071197e-06,0.222700909776558,9.49259195519581e-05
"18",1235,"Manes.01G136850.v8.1","Beta.Carotene",0.0366747626435978,NA,"gene","(1 of 3) 2.7.7.3 - Pantetheine-phosphate adenylyltransferase / PPAT","carot","metabolite",NA,0.572896003994584,0,0.800605423463982,1.54056463053109e-06,0.0810807237226215,0.159871286827942
"19",1261,"Manes.13G030800.v8.1","Beta.Carotene",0.0361191373346011,NA,"gene","(1 of 1) PTHR23257:SF353 - KINASE-LIKE PROTEIN","carot","metabolite",NA,0.47169595247371,0,0.723437220249677,4.37982859495811e-05,0.0927094756355348,0.10785657826692
"20",1275,"Manes.12G029366.v8.1","Beta.Carotene",0.0359051701866914,NA,"gene","(1 of 1) KOG2681 - Metal-dependent phosphohydrolase","carot","metabolite",NA,0.495136854404009,0,0.602222142227503,0.00144575447127449,0.148164269578262,0.00992621794294735
"21",1301,"Manes.09G059028.v8.1","Beta.Carotene",0.0356560734782076,NA,"gene","(1 of 2) PTHR10015//PTHR10015:SF164 - HEAT SHOCK TRANSCRIPTION FACTOR // HEAT STRESS TRANSCRIPTION FACTOR A-3","carot","metabolite",NA,0.578045645809436,0,0.718271192923815,5.26737989925419e-05,0.16285612715532,0.00454872396421235
"22",1328,"Manes.13G137100.v8.1","Beta.Carotene",0.0352619687196983,NA,"gene","(1 of 1) PTHR31636//PTHR31636:SF53 - FAMILY NOT NAMED // SCARECROW-LIKE PROTEIN 15","carot","metabolite",NA,0.517915531280542,0,0.775984109855238,5.15711275883568e-06,0.143287486453723,0.0126804478565421
"23",1362,"Manes.08G117800.v8.1","Beta.Carotene",0.0348540841699115,NA,"gene","(1 of 5) PF05755 - Rubber elongation factor protein (REF) (REF)","carot","metabolite",NA,0.53404280375042,0,0.739372209425332,2.41435636560983e-05,0.067478044660361,0.242357932540996
"24",1380,"Manes.09G042800.v8.1","Beta.Carotene",0.0346412533205681,NA,"gene","","carot","metabolite",NA,0.577401472006735,0,0.78323710049258,3.67129791012388e-06,0.138429080518568,0.0160724798822063
"25",1510,"Manes.10G031200.v8.1","Beta.Carotene",0.0329698344180803,NA,"gene","(1 of 2) PTHR31992:SF26 - DOF ZINC FINGER PROTEIN DOF2.4","carot","metabolite",NA,0.544487146151719,0,0.695674079139275,0.000112928211399854,0.0676434579094044,0.241202704716442
"26",1558,"Manes.03G111200.v8.1","Beta.Carotene",0.0325330549754303,NA,"gene","(1 of 1) PTHR11926//PTHR11926:SF366 - GLUCOSYL/GLUCURONOSYL TRANSFERASES // SUBFAMILY NOT NAMED","carot","metabolite",NA,0.597257562572992,0,0.821790964799249,4.73160724379085e-07,0.152959432598489,0.00774899051311451
"27",1819,"Manes.14G117700.v8.1","Beta.Carotene",0.0301907669780719,NA,"gene","(1 of 4) K15289 - solute carrier family 35, member F5 (SLC35F5)","carot","metabolite",NA,0.51047716345625,0,0.613330816977554,0.00111311594681762,-0.00300610552614524,0.958509553047006
"28",1834,"Manes.01G043300.v8.1","Beta.Carotene",0.0300298712192072,NA,"gene","(1 of 67) PF03168 - Late embryogenesis abundant protein (LEA_2)","carot","metabolite",NA,0.575887753051285,0,0.786688647969058,3.10902879530062e-06,0.0209739825155255,0.71659191131126
"29",2170,"Manes.18G077024.v8.1","Beta.Carotene",0.0272182513012499,NA,"gene","(1 of 6) PTHR32278:SF6 - F-BOX PROTEIN PP2-B1-RELATED","carot","metabolite",NA,0.481367700169712,0,0.788049398893849,2.90938904123905e-06,0.110321994789874,0.0554809159686913
"30",2203,"Manes.18G049100.v8.1","Beta.Carotene",0.0270065680274679,NA,"gene","(1 of 2) PTHR22952//PTHR22952:SF115 - CAMP-RESPONSE ELEMENT BINDING PROTEIN-RELATED // SUBFAMILY NOT NAMED","carot","metabolite",NA,0.537960614117245,0,0.696662097644552,0.000109380600575637,0.179369662172756,0.00175041025873846
"31",2436,"Manes.02G157200.v8.1","Beta.Carotene",0.025372592966726,NA,"gene","","carot","metabolite",NA,0.549558213913066,0,0.71831426451015,5.25936910711344e-05,0.019738012052908,0.732636200049432
"32",2599,"Manes.08G086700.v8.1","Beta.Carotene",0.0243165160605392,NA,"gene","(1 of 1) PTHR15852//PTHR15852:SF20 - FAMILY NOT NAMED // CHAPERONE PROTEIN DNAJ-LIKE PROTEIN","carot","metabolite",NA,0.458130162609602,0,0.619878851782369,0.000949770816980333,0.155488776553089,0.00678152116496378
"33",2701,"Manes.10G141651.v8.1","Beta.Carotene",0.0237416083006739,NA,"gene","(1 of 6) PTHR23155//PTHR23155:SF414 - LEUCINE-RICH REPEAT-CONTAINING PROTEIN // SUBFAMILY NOT NAMED","carot","metabolite",NA,0.450509060905239,2.22044604925031e-16,0.581435964848273,0.00230071115372699,0.192722923862453,0.000760192970287843
"34",2824,"Manes.09G170800.v8.1","Beta.Carotene",0.0229992004601297,NA,"gene","(1 of 4) KOG1727 - Microtubule-binding protein (translationally controlled tumor protein)","carot","metabolite",NA,0.492169086035618,0,0.675294044825564,0.0002124329826656,0.0597000669389227,0.301090922553137
"35",2828,"Manes.08G161900.v8.1","Beta.Carotene",0.0229854992131316,NA,"gene","(1 of 11) PF01612 - 3'-5' exonuclease (DNA_pol_A_exo1)","carot","metabolite",NA,0.434095239165567,2.66453525910038e-15,0.645159512023979,0.000497338518333112,0.0970693575334288,0.0922070444794874
"36",2899,"Manes.01G191500.v8.1","Beta.Carotene",0.0227042396905616,NA,"gene","(1 of 2) KOG0490 - Transcription factor, contains HOX domain","carot","metabolite",NA,0.463585299253127,0,0.553804445238163,0.00407707105715804,0.1382867187875,0.0161828336817689
"37",2928,"Manes.11G060900.v8.1","Beta.Carotene",0.0225458996962573,NA,"gene","","carot","metabolite",NA,0.562002393419905,0,0.777637471965933,4.77794891962091e-06,0.215934813383183,0.000155763702411438
"38",2935,"Manes.03G173700.v8.1","Beta.Carotene",0.022508300179361,NA,"gene","(1 of 1) PTHR33428//PTHR33428:SF1 - FAMILY NOT NAMED // CHLOROPHYLLASE-2, CHLOROPLASTIC","carot","metabolite",NA,0.498200492650703,0,0.747492142573585,1.75325037552465e-05,0.125360466395888,0.0293987721477451
"39",2991,"Manes.13G008500.v8.1","Beta.Carotene",0.0222395712983432,NA,"gene","(1 of 13) PF14364 - Domain of unknown function (DUF4408) (DUF4408)","carot","metabolite",NA,0.553245845553555,0,0.579523959642814,0.00239748989304256,0.150502695316858,0.00880461253570797
"40",3040,"Manes.18G054150.v8.1","Beta.Carotene",0.0220359778865932,NA,"gene","(1 of 2) PTHR22952//PTHR22952:SF145 - CAMP-RESPONSE ELEMENT BINDING PROTEIN-RELATED // SUBFAMILY NOT NAMED","carot","metabolite",NA,0.547435650162921,0,0.791698054500008,2.42931634719667e-06,0.0964832139175644,0.0941988194711554
