"","gene_id","baseMean","log2FoldChange","lfcSE","stat","pvalue","padj","locusName","Pathways","Pathways_Desc","GODescription","class","Description","GO","KOG","KO","Pfam","Panther","Best-hit-arabi-defline"
"1","Manes.08G094400.v8.1",759.133088512776,1.15580780090545,0.259440101116273,4.45500828874352,8.3889953643131e-06,0.0702213223032476,"Manes.08G094400","PWY-5486; PWY-6330","pyruvate fermentation to ethanol II; acetaldehyde biosynthesis II","magnesium ion binding; catalytic activity; carboxy-lyase activity; thiamine pyrophosphate binding","carb","(1 of 2) PTHR18968:SF137 - PYRUVATE DECARBOXYLASE 2","GO:0000287 GO:0003824 GO:0016831 GO:0030976","","K01568","PF00205 PF02775 PF02776","PTHR18968 PTHR18968:SF137","Thiamine pyrophosphate dependent pyruvate decarboxylase family protein"
"2","Manes.17G096900.v8.1",12.519340914509,2.65546379100861,0.602072792953369,4.41053610475017,1.03115010724299e-05,0.0702213223032476,"Manes.17G096900","","","",NA,"(1 of 2) PTHR36346//PTHR36346:SF1 - FAMILY NOT NAMED // EXPRESSED PROTEIN","","","","","PTHR36346 PTHR36346:SF1",""
"3","Manes.18G086800.v8.1",24.9348422574066,2.31535343229036,0.498882849038084,4.6410764305782,3.46598886016399e-06,0.0702213223032476,"Manes.18G086800","PWY-5486; PWY-6333; PWY-6802; PWY66-21; PWY66-389","pyruvate fermentation to ethanol II; acetaldehyde biosynthesis I; salidroside biosynthesis; ethanol degradation II; phytol degradation","zinc ion binding; oxidoreductase activity","carb","(1 of 3) K00001//K18857 - alcohol dehydrogenase (E1.1.1.1, adh) // alcohol dehydrogenase class-P (ADH1)","GO:0008270 GO:0016491 GO:0055114","","K00001 K18857","PF00107 PF08240","PTHR11695 PTHR11695:SF432",""
"4","Manes.02G127202.v8.1",79.0761690096769,1.65946790748016,0.402853227278864,4.11928661634238,3.80047181424818e-05,0.176061704296412,"Manes.02G127202","","","",NA,"","","","","","",""
"5","Manes.09G003900.v8.1",31.6322802174471,-0.42763032313817,0.104548448417377,-4.09025987101205,4.30890123094497e-05,0.176061704296412,"Manes.09G003900","","","protein binding",NA,"(1 of 166) PF00646 - F-box domain (F-box)","GO:0005515","","","PF00646","PTHR31482 PTHR31482:SF2",""
"6","Manes.01G057200.v8.1",2.60382799926997,1.26198298277263,0.316297083748532,3.9898660076675,6.61106314760805e-05,0.192948600150904,"Manes.01G057200","","","",NA,"(1 of 2) PTHR10641//PTHR10641:SF667 - MYB-LIKE DNA-BINDING PROTEIN MYB // SUBFAMILY NOT NAMED","","KOG0048","K09422","PF00249","PTHR10641 PTHR10641:SF667","myb domain protein 103"
"7","Manes.01G086700.v8.1",14.4856617584908,0.712357985710074,0.178313980973453,3.99496428614944,6.47040058215065e-05,0.192948600150904,"Manes.01G086700","","","",NA,"","","","","","PTHR36051",""
"8","Manes.07G025100.v8.1",6.02703122658344,1.0326180147722,0.267773415701704,3.85631266668578,0.000115110237366471,0.24835375385418,"Manes.07G025100","PWY-841; PWY-6121","superpathway of purine nucleotides <i>de novo</i> biosynthesis I; 5-aminoimidazole ribonucleotide biosynthesis I","phosphoribosylamine-glycine ligase activity; ATP binding; purine nucleobase biosynthetic process; metal ion binding",NA,"(1 of 1) 6.3.4.13 - Phosphoribosylamine--glycine ligase / Phosphoribosylglycinamide synthetase","GO:0004637 GO:0005524 GO:0009113 GO:0046872","","K01945","PF02843 PF02844 PF13535","PTHR10520 PTHR10520:SF36","Glycinamide ribonucleotide (GAR) synthetase"
"9","Manes.12G060702.v8.1",11.7973103552786,1.23713118412963,0.320299490779176,3.86242007790935,0.000112269299842533,0.24835375385418,"Manes.12G060702","PWY-7039","phosphatidate metabolism, as a signaling molecule","calcium ion binding",NA,"(1 of 5) PTHR10891//PTHR10891:SF615 - EF-HAND CALCIUM-BINDING DOMAIN CONTAINING PROTEIN // SUBFAMILY NOT NAMED","GO:0005509","","","PF13499","PTHR10891 PTHR10891:SF615",""
"10","Manes.15G081401.v8.1",6.14487797152968,-0.670800602335133,0.174553470330963,-3.84295196803167,0.000121563266693186,0.24835375385418,"Manes.15G081401","","","",NA,"(1 of 1) PTHR33388:SF2 - NOZZLE/SPOROCYTELESS","","","","PF08744","PTHR33388 PTHR33388:SF2","sporocyteless (SPL)"
"11","Manes.02G154201.v8.1",3.75794000811257,0.788096620993098,0.21090016566335,3.73682314811975,0.000186359900784671,0.317277731085902,"Manes.02G154201","","","catalytic activity; trehalose biosynthetic process; metabolic process",NA,"(1 of 2) PTHR10788//PTHR10788:SF25 - TREHALOSE-6-PHOSPHATE SYNTHASE // TREHALOSE-PHOSPHATE PHOSPHATASE D-RELATED","GO:0003824 GO:0005992 GO:0008152","","K01087","PF02358","PTHR10788 PTHR10788:SF25","Haloacid dehalogenase-like hydrolase (HAD) superfamily protein"
"12","Manes.04G150200.v8.1",107.006450128289,-0.428136121238423,0.114212397529052,-3.74859586613194,0.000177827364640716,0.317277731085902,"Manes.04G150200","","","serine-type endopeptidase activity; proteolysis",NA,"(1 of 3) PTHR10795//PTHR10795:SF424 - PROPROTEIN CONVERTASE SUBTILISIN/KEXIN // SUBTILASE FAMILY PROTEIN-RELATED","GO:0004252 GO:0006508","","","PF00082 PF02225 PF05922","PTHR10795 PTHR10795:SF424","Subtilase family protein"
"13","Manes.16G133700.v8.1",35.391124748723,-0.690659475015324,0.187649532841543,-3.68058190477105,0.000232702295768186,0.365700607888004,"Manes.16G133700","","","phosphorelay sensor kinase activity; phosphorelay signal transduction system; signal transduction; phosphorylation; transferase activity, transferring phosphorus-containing groups",NA,"(1 of 2) PTHR24423:SF475 - HISTIDINE KINASE 5","GO:0000155 GO:0000160 GO:0007165 GO:0016310 GO:0016772","KOG0519","","PF00072 PF00512 PF02518","PTHR24423 PTHR24423:SF475","histidine kinase 5"
"14","Manes.03G036000.v8.1",110.800629094254,0.26335406260247,0.0730443836787071,3.60539783265006,0.000311675093230313,0.454823011049664,"Manes.03G036000","TRIGLSYN-PWY","diacylglycerol and triacylglycerol biosynthesis","diacylglycerol O-acyltransferase activity; O-acyltransferase activity; triglyceride biosynthetic process",NA,"(1 of 2) K11155 - diacylglycerol O-acyltransferase 1 (DGAT1)","GO:0004144 GO:0008374 GO:0019432","KOG0380","K11155","PF03062","PTHR10408 PTHR10408:SF7","membrane bound O-acyl transferase (MBOAT) family protein"
"15","Manes.04G008000.v8.1",1.84298896405045,-1.00022668880916,0.279089767197645,-3.58388879267228,0.000338516259232911,0.461059145075225,"Manes.04G008000","","","",NA,"(1 of 15) PF05910 - Plant protein of unknown function (DUF868) (DUF868)","","","","PF05910","PTHR31972 PTHR31972:SF10","Plant protein of unknown function (DUF868)"
"16","Manes.05G187300.v8.1",2.19073664429188,1.5988172354427,0.448263313638001,3.56669213562688,0.000361515774962116,0.461610455154752,"Manes.05G187300","","","protein dimerization activity",NA,"(1 of 163) PF00010 - Helix-loop-helix DNA-binding domain (HLH)","GO:0046983","","","PF00010","PTHR31945 PTHR31945:SF15","beta HLH protein 93"
"17","Manes.17G073100.v8.1",30.1178409347908,0.518364742782361,0.147162474324022,3.52239757562804,0.000427662259739214,0.513949409792479,"Manes.17G073100","","","protein disulfide isomerase activity; endoplasmic reticulum; oxidoreductase activity, acting on a sulfur group of donors, disulfide as acceptor",NA,"(1 of 2) K10950 - ERO1-like protein alpha (ERO1L)","GO:0003756 GO:0005783 GO:0016671 GO:0055114","","K10950","PF04137","PTHR12613 PTHR12613:SF0","endoplasmic reticulum oxidoreductins 1"
"18","Manes.03G062100.v8.1",19.4266076830344,-0.311427677940568,0.089579630962594,-3.47654566773792,0.000507917719407661,0.576486611527695,"Manes.03G062100","","","",NA,"(1 of 2) 3.4.22.40 - Bleomycin hydrolase / Aminopeptidase C (Lactococcus lactis)","","","","PF12695","PTHR17630 PTHR17630:SF54","alpha/beta-Hydrolases superfamily protein"
"19","Manes.05G081700.v8.1",12.5153623077857,1.0604140722305,0.311897192901457,3.3998833473488,0.00067414607163704,0.634077560935803,"Manes.05G081700","","","DNA-binding transcription factor activity; nucleus; regulation of DNA-templated transcription; sequence-specific DNA binding",NA,"(1 of 2) PTHR10015//PTHR10015:SF160 - HEAT SHOCK TRANSCRIPTION FACTOR // SUBFAMILY NOT NAMED","GO:0003700 GO:0005634 GO:0006355 GO:0043565","","","PF00447","PTHR10015 PTHR10015:SF160",""
"20","Manes.08G087800.v8.1",17.999600085221,-0.438935317605437,0.129235765420556,-3.39639198310981,0.000682805009328814,0.634077560935803,"Manes.08G087800","","","",NA,"(1 of 11) PF05340 - Protein of unknown function (DUF740) (DUF740)","","","","PF05340","PTHR31659 PTHR31659:SF8","Protein of unknown function (DUF740)"
"21","Manes.09G106300.v8.1",500.883118282962,0.784861430402842,0.230787122330296,3.40080253385876,0.000671883432225814,0.634077560935803,"Manes.09G106300","PWY-5486; PWY-6330","pyruvate fermentation to ethanol II; acetaldehyde biosynthesis II","magnesium ion binding; catalytic activity; carboxy-lyase activity; thiamine pyrophosphate binding","carb","(1 of 2) PTHR18968:SF137 - PYRUVATE DECARBOXYLASE 2","GO:0000287 GO:0003824 GO:0016831 GO:0030976","","K01568","PF00205 PF02775 PF02776","PTHR18968 PTHR18968:SF137","Thiamine pyrophosphate dependent pyruvate decarboxylase family protein"
"22","Manes.18G022000.v8.1",67.913126225453,-0.501001594631068,0.146375896566916,-3.42270555727756,0.000620011987110924,0.634077560935803,"Manes.18G022000","","","hydrolase activity, hydrolyzing O-glycosyl compounds; carbohydrate metabolic process; carbohydrate binding",NA,"(1 of 1) PTHR23421:SF51 - BETA-GALACTOSIDASE 5","GO:0004553 GO:0005975 GO:0030246","","","PF01301 PF02140","PTHR23421 PTHR23421:SF51",""
"23","Manes.02G110400.v8.1",17.183609181442,-0.695721804953558,0.211665153520869,-3.28689816618758,0.00101297457746004,0.675478185736173,"Manes.02G110400","","","",NA,"","","","","","PTHR33872 PTHR33872:SF1",""
"24","Manes.03G049500.v8.1",300.110099912179,0.665709557421392,0.199364378713071,3.33915999296691,0.000840321506974026,0.675478185736173,"Manes.03G049500","","","DNA-binding transcription factor activity; nucleus; regulation of DNA-templated transcription; sequence-specific DNA binding",NA,"(1 of 2) PTHR10015//PTHR10015:SF186 - HEAT SHOCK TRANSCRIPTION FACTOR // HEAT STRESS TRANSCRIPTION FACTOR A-2-RELATED","GO:0003700 GO:0005634 GO:0006355 GO:0043565","KOG0627","K09419","PF00447","PTHR10015 PTHR10015:SF186","heat shock transcription factor A2"
"25","Manes.03G099100.v8.1",8.88173032407044,-0.667292931578072,0.201958816884173,-3.30410398453056,0.00095280484262899,0.675478185736173,"Manes.03G099100","","","",NA,"","","","","","",""
"26","Manes.04G024000.v8.1",18.534165322423,1.74038183413281,0.528692416986365,3.29186078372994,0.000995268664137331,0.675478185736173,"Manes.04G024000","","","",NA,"","","","","","",""
"27","Manes.08G018600.v8.1",378.158414113157,0.83341787478338,0.249118946292111,3.34546162460936,0.000821457257383102,0.675478185736173,"Manes.08G018600","","","",NA,"(1 of 49) PF13837 - Myb/SANT-like DNA-binding domain (Myb_DNA-bind_4)","","","","PF13837","PTHR21654 PTHR21654:SF18","sequence-specific DNA binding transcription factors"
"28","Manes.11G132100.v8.1",47.716911827015,-0.446630367504513,0.135140775517266,-3.30492677576391,0.000950012166055154,0.675478185736173,"Manes.11G132100","","","",NA,"(1 of 36) PF00314 - Thaumatin family (Thaumatin)","","","","PF00314","PTHR31048 PTHR31048:SF7","Pathogenesis-related thaumatin superfamily protein"
"29","Manes.12G054100.v8.1",1.49165578320055,-0.835014483066544,0.254299583539217,-3.28358572768866,0.00102495466264422,0.675478185736173,"Manes.12G054100","","","",NA,"(1 of 12) PF12681 - Glyoxalase-like domain (Glyoxalase_2)","","","","PF12681","PTHR34109 PTHR34109:SF2","Lactoylglutathione lyase / glyoxalase I family protein"
"30","Manes.15G059750.v8.1",2.38932653045894,-0.998951233464016,0.302927272313255,-3.29766027943171,0.000974940136060312,0.675478185736173,"Manes.15G059750","","","",NA,"","","","","","",""
"31","Manes.16G035000.v8.1",26.7359006722003,0.587019430044189,0.175457066632748,3.34565852096963,0.000820874217646552,0.675478185736173,"Manes.16G035000","PWY-5464; PWY-5723; PWY-1042; ANAGLYCOLYSIS-PWY; ANAEROFRUCAT-PWY","superpathway of cytosolic glycolysis (plants), pyruvate dehydrogenase and TCA cycle; Rubisco shunt; glycolysis IV (plant cytosol); glycolysis III (from glucose); homolactic fermentation","magnesium ion binding; pyruvate kinase activity; glycolytic process; potassium ion binding","carb","(1 of 3) PTHR11817:SF5 - PYRUVATE KINASE-RELATED","GO:0000287 GO:0004743 GO:0006096 GO:0030955","","K00873","PF00224 PF02887","PTHR11817 PTHR11817:SF5","Pyruvate kinase family protein"
"32","Manes.12G060500.v8.1",119.115445216268,-0.517246706751677,0.159567829612717,-3.24154754756691,0.00118882600651301,0.75899110353315,"Manes.12G060500","","","",NA,"(1 of 2) PTHR32077:SF3 - FASCICLIN-LIKE ARABINOGALACTAN PROTEIN 7","","","","PF02469","PTHR32077 PTHR32077:SF3","FASCICLIN-like arabinoogalactan 7"
"33","Manes.01G110000.v8.1",246.332303786952,0.576539882791424,0.180825069753674,3.18838468347783,0.00143070062730652,0.78997875178033,"Manes.01G110000","","","",NA,"(1 of 3) PTHR31304:SF3 - LOB DOMAIN-CONTAINING PROTEIN 40","","","","PF03195","PTHR31304 PTHR31304:SF3","LOB domain-containing protein 41"
"34","Manes.01G236000.v8.1",9.74459506455137,-0.498350077791333,0.156202582495658,-3.19040869766149,0.00142071723816305,0.78997875178033,"Manes.01G236000","","","hydrolase activity",NA,"(1 of 1) PTHR21562//PTHR21562:SF12//PTHR21562:SF5 - NOTUM-RELATED // PECTINACETYLESTERASE FAMILY PROTEIN // PECTINACETYLESTERASE FAMILY PROTEIN","GO:0016787","","","PF03283","PTHR21562 PTHR21562:SF12","Pectinacetylesterase family protein"
"35","Manes.04G116400.v8.1",3.16387270135711,-0.619173016482494,0.193900829017901,-3.1932458443761,0.00140683118158186,0.78997875178033,"Manes.04G116400","","","zinc ion binding",NA,"(1 of 4) PTHR23111//PTHR23111:SF34 - ZINC FINGER PROTEIN // SUBFAMILY NOT NAMED","GO:0008270","","","PF00641","PTHR23111 PTHR23111:SF34","Ran BP2/NZF zinc finger-like superfamily protein"
"36","Manes.09G021100.v8.1",6.08612976450847,-0.590268708537899,0.184465571573178,-3.19988550440014,0.00137482191107168,0.78997875178033,"Manes.09G021100","","","",NA,"(1 of 10) PF04862 - Protein of unknown function (DUF642) (DUF642)","","","","PF04862","PTHR31265 PTHR31265:SF5","Protein of unknown function, DUF642"
"37","Manes.13G091900.v8.1",20.8919900850477,-0.747790441904351,0.234225695631805,-3.19260634443734,0.00140995016402037,0.78997875178033,"Manes.13G091900","","","protein binding",NA,"(1 of 1) KOG0624 - dsRNA-activated protein kinase inhibitor P58, contains TPR and DnaJ domains","GO:0005515","KOG0548 KOG0624","","PF13371 PF13414","PTHR22904 PTHR22904:SF358","tetratricopeptide repeat (TPR)-containing protein"
"38","Manes.08G123600.v8.1",16.4672493552161,-0.47442477251823,0.14944506707254,-3.17457632969543,0.00150055418673048,0.806745316707992,"Manes.08G123600","","","",NA,"(1 of 6) PF06364 - Protein of unknown function (DUF1068) (DUF1068)","","","","PF06364","PTHR32254 PTHR32254:SF6",""
"39","Manes.06G023200.v8.1",15.6324245853644,-0.470989902612164,0.149089958127583,-3.1590987651168,0.0015825784869709,0.808301962220385,"Manes.06G023200","","","protein kinase activity; protein tyrosine kinase activity; ATP binding; protein phosphorylation",NA,"(1 of 1569) 2.7.11.1 - Non-specific serine/threonine protein kinase / Threonine-specific protein kinase","GO:0004672 GO:0004713 GO:0005524 GO:0006468","KOG1187","","PF00069","PTHR27001 PTHR27001:SF34","Protein kinase superfamily protein"
"40","Manes.17G043500.v8.1",3.42649537819565,0.789174441178657,0.249803128467707,3.159185579538,0.00158210711522722,0.808301962220385,"Manes.17G043500","","","",NA,"(1 of 2) PTHR11772//PTHR11772:SF15 - ASPARAGINE SYNTHETASE // SUBFAMILY NOT NAMED","","","","PF12481","PTHR11772 PTHR11772:SF15",""
"41","Manes.04G094200.v8.1",14.9825871152765,-1.30855110519022,0.417545859046109,-3.13390990915256,0.00172493806654101,0.839059159510308,"Manes.04G094200","PWY1F-FLAVSYN; PWY-6787","flavonoid biosynthesis; flavonoid biosynthesis (in equisetum)","lipid biosynthetic process; biosynthetic process; acyltransferase activity, transferring groups other than amino-acyl groups",NA,"(1 of 5) K00660 - chalcone synthase (CHS)","GO:0008610 GO:0009058 GO:0016747","","K00660","PF00195 PF08541","PTHR11877 PTHR11877:SF27","Chalcone and stilbene synthase family protein"
"42","Manes.05G166500.v8.1",62.7747193271106,0.476037633791696,0.15170562014892,3.13790374624485,0.00170160745198616,0.839059159510308,"Manes.05G166500","","","",NA,"","","","","","PTHR35324",""
"43","Manes.02G124500.v8.1",29.1226197038248,0.620275042492933,0.200487110413562,3.09384000404535,0.00197584009022654,0.938753791705305,"Manes.02G124500","","","",NA,"(1 of 16) PTHR11527//PTHR11527:SF158 - SMALL HEAT-SHOCK PROTEIN  HSP20  FAMILY // 17.6 KDA CLASS I HEAT SHOCK PROTEIN 1-RELATED","","KOG0710","","PF00011","PTHR11527 PTHR11527:SF158","HSP20-like chaperones superfamily protein"
"44","Manes.02G174100.v8.1",633.331136965393,-0.338774308187348,0.109932632519321,-3.08165374032872,0.00205854142580567,0.955818212027497,"Manes.02G174100","","","",NA,"(1 of 2) PTHR10791:SF44 - BIDIRECTIONAL SUGAR TRANSPORTER SWEET1","","KOG1623","K15382","PF03083","PTHR10791 PTHR10791:SF44","Nodulin MtN3 family protein"
"45","Manes.11G089000.v8.1",1.96143510035922,1.39226309958116,0.454138856349627,3.06572115579845,0.00217145722065282,0.98584157817638,"Manes.11G089000","","","",NA,"(1 of 31) PF03181 - BURP domain (BURP)","","","","PF03181","PTHR31236 PTHR31236:SF4",""
"46","Manes.18G101500.v8.1",38.7250089268595,0.764187578623272,0.250013178127557,3.05658919400393,0.0022387086353156,0.994278639554296,"Manes.18G101500","","","",NA,"(1 of 2) PTHR33696//PTHR33696:SF1 - FAMILY NOT NAMED // T22J18.15","","","","PF05097","PTHR33696 PTHR33696:SF1","(1 of 2) PTHR33696:SF1 - T22J18.15"
"47","Manes.01G069500.v8.1",17.5865666457506,0.576559113357186,0.193268016781042,2.98321017082916,0.00285242047857399,0.999951971451679,"Manes.01G069500","PWY-7039; LIPASYN-PWY; PWY-3561","phosphatidate metabolism, as a signaling molecule; phospholipases; choline biosynthesis III","catalytic activity; phospholipase D activity; calcium ion binding; protein binding; membrane; phosphatidylcholine metabolic process",NA,"(1 of 1) PTHR18896//PTHR18896:SF15 - PHOSPHOLIPASE D // SUBFAMILY NOT NAMED","GO:0003824 GO:0004630 GO:0005509 GO:0005515 GO:0016020 GO:0046470","","K01115","PF00168 PF00614 PF12357 PF13091","PTHR18896 PTHR18896:SF15",""
"48","Manes.01G076201.v8.1",10.4393323138841,0.458199924485681,0.164761684873392,2.78098591209344,0.00541940888867646,0.999951971451679,"Manes.01G076201","","","",NA,"","","","","","",""
"49","Manes.01G103600.v8.1",113.093445149534,-0.214158577839663,0.0774259915547662,-2.76597785238799,0.00567523890534785,0.999951971451679,"Manes.01G103600","","","spindle assembly",NA,"(1 of 2) PF14817 - HAUS augmin-like complex subunit 5 (HAUS5)","GO:0051225","","","PF14817","PTHR34968","(1 of 1) PF14817 - HAUS augmin-like complex subunit 5 (HAUS5)"
"50","Manes.01G245600.v8.1",60.2477114051153,-0.266675882133535,0.0906123785890254,-2.94304030294856,0.00325006104192328,0.999951971451679,"Manes.01G245600","","","protein dimerization activity",NA,"(1 of 2) PTHR11514//PTHR11514:SF47 - MYC // TRANSCRIPTION FACTOR ABA-INDUCIBLE BHLH-TYPE-RELATED","GO:0046983","","","PF00010 PF14215","PTHR11514 PTHR11514:SF47","basic helix-loop-helix (bHLH) DNA-binding superfamily protein"
"51","Manes.02G032100.v8.1",1.60421137737816,0.949883763463168,0.324923344109287,2.92340879990352,0.00346221632281571,0.999951971451679,"Manes.02G032100","","","microtubule motor activity; protein binding; ATP binding; kinesin complex; microtubule-based movement; microtubule binding",NA,"(1 of 2) PTHR24115:SF437 - ARMADILLO REPEAT-CONTAINING KINESIN-LIKE PROTEIN 3","GO:0003777 GO:0005515 GO:0005524 GO:0005871 GO:0007018 GO:0008017","KOG0240","","PF00225 PF00514","PTHR24115 PTHR24115:SF437","armadillo repeat kinesin 3"
"52","Manes.02G084100.v8.1",5.64365329014062,-0.603083551177063,0.233084253694851,-2.58740580548443,0.00967016309426915,0.999951971451679,"Manes.02G084100","","","",NA,"","","","","","",""
"53","Manes.02G097900.v8.1",165.093522510356,0.59301314792778,0.199726137773668,2.9691314043222,0.00298642858337241,0.999951971451679,"Manes.02G097900","","","DNA-binding transcription factor activity; regulation of DNA-templated transcription; sequence-specific DNA binding",NA,"(1 of 5) PTHR22952//PTHR22952:SF182 - CAMP-RESPONSE ELEMENT BINDING PROTEIN-RELATED // SUBFAMILY NOT NAMED","GO:0003700 GO:0006355 GO:0043565","","","PF07716","PTHR22952 PTHR22952:SF182",""
"54","Manes.02G110900.v8.1",79.2887216776413,0.24581525944645,0.0849829895722847,2.89252308825127,0.00382161092762243,0.999951971451679,"Manes.02G110900","","","nuclease activity",NA,"(1 of 2) K08999 - hypothetical protein (K08999)","GO:0004518","","K08999","PF02577","PTHR15160 PTHR15160:SF6","Wound-responsive family protein"
"55","Manes.02G163900.v8.1",9866.82404487028,0.544850458864209,0.187995402806345,2.89821160906504,0.00375297280586718,0.999951971451679,"Manes.02G163900","","","defense response",NA,"(1 of 5) PF00304 - Gamma-thionin family (Gamma-thionin)","GO:0006952","","","PF00304","PTHR33147","low-molecular-weight cysteine-rich 69"
"56","Manes.03G076600.v8.1",4.14365898467238,-0.499337860482271,0.183179711925113,-2.72594522196,0.00641176383413031,0.999951971451679,"Manes.03G076600","","","protein kinase activity; protein tyrosine kinase activity; protein binding; ATP binding; protein phosphorylation",NA,"(1 of 2) PF00069//PF00560//PF11721//PF13855 - Protein kinase domain (Pkinase) // Leucine Rich Repeat (LRR_1) // Di-glucose binding within endoplasmic reticulum (Malectin) // Leucine rich repeat (LRR_8)","GO:0004672 GO:0004713 GO:0005515 GO:0005524 GO:0006468","KOG1187","","PF00069 PF11721 PF13855","PTHR27006 PTHR27006:SF1",""
"57","Manes.03G099300.v8.1",3.69514378271627,-0.880057734350773,0.297352273915184,-2.95964689545908,0.00307991829749932,0.999951971451679,"Manes.03G099300","","","",NA,"","","","","","",""
"58","Manes.03G125066.v8.1",2.89657989889556,0.569523022579511,0.190325782798994,2.99235875562373,0.00276830734082619,0.999951971451679,"Manes.03G125066","","","transport; transmembrane transport",NA,"(1 of 1) PTHR31585:SF7 - FOLATE-BIOPTERIN TRANSPORTER 4-RELATED","GO:0006810 GO:0016021 GO:0055085","","","PF07690","PTHR31585 PTHR31585:SF7","Major facilitator superfamily protein"
"59","Manes.03G155800.v8.1",15.7875189709064,-0.523814893416778,0.200002814165275,-2.61903761506033,0.00881782237881437,0.999951971451679,"Manes.03G155800","PWY-6724","starch degradation II","polysaccharide catabolic process; beta-amylase activity","carb","(1 of 7) K01177 - beta-amylase (E3.2.1.2)","GO:0000272 GO:0016161","","K01177","PF01373","PTHR31352 PTHR31352:SF13","beta-amylase 1"
"60","Manes.03G156900.v8.1",8.59047762972666,-0.686525162573489,0.25898060598187,-2.65087480188208,0.00802835952114002,0.999951971451679,"Manes.03G156900","","","",NA,"(1 of 2) PTHR10641:SF456 - MYB DOMAIN PROTEIN 79","","","","PF00249","PTHR10641 PTHR10641:SF456","myb domain protein 305"
"61","Manes.04G004900.v8.1",16.8984897046604,-0.267155438028268,0.0994051885890202,-2.68754017592374,0.0071980442592931,0.999951971451679,"Manes.04G004900","","","protein glycosylation; sialyltransferase activity",NA,"(1 of 2) PTHR13713//PTHR13713:SF54 - SIALYLTRANSFERASE // SUBFAMILY NOT NAMED","GO:0006486 GO:0008373","","","PF00777","PTHR13713 PTHR13713:SF54","Glycosyltransferase family 29 (sialyltransferase) family protein"
"62","Manes.04G013900.v8.1",5.82738242203663,-0.431733852322658,0.163572276841732,-2.63940724344378,0.00830511470787429,0.999951971451679,"Manes.04G013900","","","hydrolase activity, hydrolyzing O-glycosyl compounds; cell wall; carbohydrate metabolic process; xyloglucan metabolic process; xyloglucan:xyloglucosyl transferase activity; cell wall biogenesis; apoplast",NA,"(1 of 38) K08235 - xyloglucan:xyloglucosyl transferase (E2.4.1.207)","GO:0004553 GO:0005618 GO:0005975 GO:0006073 GO:0010411 GO:0016762 GO:0042546 GO:0048046","","K08235","PF00722 PF06955","PTHR31062 PTHR31062:SF18","xyloglucan endo-transglycosylase-related 8"
"63","Manes.04G043700.v8.1",567.879421536486,-0.283706409285701,0.107547258522095,-2.63796969987306,0.00834040337323652,0.999951971451679,"Manes.04G043700","PWY-4101; PWY-3801; PWY-621","D-sorbitol degradation I; sucrose degradation II (sucrose synthase); sucrose degradation III (sucrose invertase)","ribokinase activity; D-ribose metabolic process","carb","(1 of 2) PTHR10584:SF168 - F14I3.3 PROTEIN-RELATED","GO:0004747 GO:0006014","KOG2855","K00847","PF00294","PTHR10584 PTHR10584:SF168","pfkB-like carbohydrate kinase family protein"
"64","Manes.04G095200.v8.1",43.8802552215446,-0.304669522111951,0.104331304161078,-2.92021195902594,0.00349793387712974,0.999951971451679,"Manes.04G095200","","","regulatory ncRNA-mediated gene silencing; protein binding; zinc ion binding",NA,"(1 of 6) PTHR21596//PTHR21596:SF12 - RIBONUCLEASE P SUBUNIT P38 // PROTEIN SUPPRESSOR OF GENE SILENCING 3","GO:0031047","","","PF03468 PF03470","PTHR21596 PTHR21596:SF12",""
"65","Manes.04G106600.v8.1",153.954789274327,0.0907490606899151,0.0329895179342998,2.75084531003594,0.00594417056774912,0.999951971451679,"Manes.04G106600","","","protein binding; zinc ion binding",NA,"(1 of 2) K10632 - BRCA1-associated protein (BRAP)","GO:0005515 GO:0008270","","K10632","PF02148 PF07576 PF13639","PTHR24007","zinc finger (C3HC4-type RING finger) family protein"
"66","Manes.04G120100.v8.1",1.22915519556023,1.21816868092972,0.454830524726561,2.67829139581621,0.00739988099317504,0.999951971451679,"Manes.04G120100","","","oxidoreductase activity",NA,"(1 of 9) PTHR10209//PTHR10209:SF211 - OXIDOREDUCTASE, 2OG-FE II  OXYGENASE FAMILY PROTEIN // 2-OXOGLUTARATE (2OG) AND FE(II)-DEPENDENT OXYGENASE SUPERFAMILY PROTEIN-RELATED","GO:0016491 GO:0055114","KOG0143","","PF03171 PF14226","PTHR10209 PTHR10209:SF211","2-oxoglutarate (2OG) and Fe(II)-dependent oxygenase superfamily protein"
"67","Manes.04G147600.v8.1",59.5740707262426,-0.221775543720731,0.0817238323273443,-2.71371933259824,0.00665325085871675,0.999951971451679,"Manes.04G147600","","","",NA,"(1 of 2) PTHR21229//PTHR21229:SF15 - LUNG SEVEN TRANSMEMBRANE RECEPTOR // LUNG SEVEN TRANSMEMBRANE RECEPTOR-LIKE PROTEIN","GO:0016021","","","PF06814","PTHR21229 PTHR21229:SF15","Lung seven transmembrane receptor family protein"
"68","Manes.05G064800.v8.1",32.8409635945561,-0.421790185856672,0.159150012162165,-2.65026800894549,0.00804279417681254,0.999951971451679,"Manes.05G064800","PWY-6842","glutathione-mediated detoxification II","protein binding",NA,"(1 of 1) PTHR11260:SF201 - GLUTATHIONE S-TRANSFERASE F14-RELATED","GO:0005515","KOG0867","K00799","PF00043 PF02798","PTHR11260 PTHR11260:SF201","glutathione S-transferase phi 8"
"69","Manes.05G115200.v8.1",111.511284680053,0.289882471974976,0.111932873015815,2.58978854169157,0.0096034902921414,0.999951971451679,"Manes.05G115200","","","hydrolase activity, acting on ester bonds; D-amino acid catabolic process; D-aminoacyl-tRNA deacylase activity",NA,"(1 of 2) K09716 - D-aminoacyl-tRNA deacylase [EC:3.1.1.96] (dtdA, GEK1)","GO:0016788 GO:0019478 GO:0051499","","K09716","PF04414","PTHR34667","D-aminoacyl-tRNA deacylases"
"70","Manes.05G167000.v8.1",22.3849722241848,0.900388126535996,0.333396127267792,2.70065562523101,0.00692029523866404,0.999951971451679,"Manes.05G167000","","","monooxygenase activity; iron ion binding; oxidoreductase activity, acting on paired donors, with incorporation or reduction of molecular oxygen; heme binding",NA,"(1 of 138) KOG0156 - Cytochrome P450 CYP2 subfamily","GO:0004497 GO:0005506 GO:0016705 GO:0020037 GO:0055114","KOG0156","","PF00067","PTHR24298 PTHR24298:SF102",""
"71","Manes.05G180201.v8.1",14.4223834515077,0.570826498485153,0.220521512710267,2.58852976051881,0.00963866177744232,0.999951971451679,"Manes.05G180201","","","",NA,"(1 of 4) PF04419//PF12907 - 4F5 protein family (4F5) // Zinc-binding (zf-met2)","","","","PF04419 PF12907","PTHR33788 PTHR33788:SF2",""
"72","Manes.06G066900.v8.1",23.1797643288689,-0.485062810948546,0.16197933068357,-2.99459695815219,0.00274807699290575,0.999951971451679,"Manes.06G066900","","","",NA,"","","","","","PTHR36715 PTHR36715:SF1",""
"73","Manes.06G077100.v8.1",1.42144576826217,-0.790967684218,0.302219434620095,-2.6171966247382,0.00886552564035818,0.999951971451679,"Manes.06G077100","","","protein kinase activity; protein tyrosine kinase activity; protein binding; ATP binding; protein phosphorylation",NA,"(1 of 2) PTHR27001:SF226 - PROTEIN NSP-INTERACTING KINASE 2","GO:0004672 GO:0004713 GO:0005515 GO:0005524 GO:0006468","KOG1187","","PF00069 PF08263 PF13855","PTHR27001 PTHR27001:SF226","NSP-interacting kinase 2"
"74","Manes.06G079900.v8.1",191.076807318017,0.135827663975497,0.0521526937275755,2.60442278753626,0.00920291543392039,0.999951971451679,"Manes.06G079900","PWY-7511","protein ubiquitylation","protein binding; zinc ion binding",NA,"(1 of 4) PTHR22763//PTHR22763:SF8 - RING ZINC FINGER PROTEIN // SUBFAMILY NOT NAMED","GO:0005515 GO:0008270","KOG2930","","PF13639","PTHR22763 PTHR22763:SF8","RING/U-box superfamily protein"
"75","Manes.06G085300.v8.1",29.5742759608903,-0.372326166407271,0.132490435788013,-2.81021165182822,0.00495089300616246,0.999951971451679,"Manes.06G085300","","","",NA,"(1 of 2) PTHR32227//PTHR32227:SF75 - FAMILY NOT NAMED // GLUCAN ENDO-1,3-BETA-GLUCOSIDASE-LIKE PROTEIN 2-RELATED","","","","PF07983","PTHR32227 PTHR32227:SF75","plasmodesmata callose-binding protein 3"
"76","Manes.06G096900.v8.1",24.1289666896204,-0.290913507468445,0.107210203327548,-2.71348713498516,0.0066579153379535,0.999951971451679,"Manes.06G096900","","","protein kinase activity; protein tyrosine kinase activity; ATP binding; protein phosphorylation",NA,"(1 of 18) PF07714//PF08263 - Protein tyrosine kinase (Pkinase_Tyr) // Leucine rich repeat N-terminal domain (LRRNT_2)","GO:0004672 GO:0004713 GO:0005524 GO:0006468","KOG1187","","PF07714 PF08263","PTHR27000 PTHR27000:SF184","Leucine-rich repeat protein kinase family protein"
"77","Manes.06G099700.v8.1",42.6558569808663,0.408019697962495,0.147298699387123,2.77001561901207,0.00560536046187966,0.999951971451679,"Manes.06G099700","","","phosphorelay signal transduction system",NA,"(1 of 4) PTHR26402//PTHR26402:SF526 - RESPONSE REGULATOR OF TWO-COMPONENT SYSTEM // TWO-COMPONENT RESPONSE REGULATOR ARR15-RELATED","GO:0000160","","K14492","PF00072","PTHR26402 PTHR26402:SF526","response regulator 6"
"78","Manes.06G108800.v8.1",4.59931795282702,0.701831526491197,0.23506778210438,2.98565596785847,0.00282970795259462,0.999951971451679,"Manes.06G108800","","","ADP binding",NA,"(1 of 7) PTHR23155//PTHR23155:SF458 - LEUCINE-RICH REPEAT-CONTAINING PROTEIN // DISEASE RESISTANCE RPP13-LIKE PROTEIN 4","GO:0043531","KOG4658","","PF00931","PTHR23155 PTHR23155:SF458",""
"79","Manes.07G007600.v8.1",149.420138270891,-0.481315630353562,0.166455759421297,-2.89155287883648,0.00383343076231857,0.999951971451679,"Manes.07G007600","","","",NA,"(1 of 2) PTHR31265:SF2 - F17A17.37 PROTEIN","","","","PF04862","PTHR31265 PTHR31265:SF2","Protein of unknown function, DUF642"
"80","Manes.07G077000.v8.1",546.410954631266,-0.231077836972435,0.085527106043726,-2.70180820632812,0.00689635307192429,0.999951971451679,"Manes.07G077000","","","",NA,"(1 of 8) PF05911 - Filament-like plant protein, long coiled-coil (FPP)","","","","PF05911","PTHR31580 PTHR31580:SF8","Plant protein of unknown function (DUF869)"
"81","Manes.07G138600.v8.1",13.8645348110535,0.620941648735331,0.225643819878573,2.75186641083049,0.00592566880646495,0.999951971451679,"Manes.07G138600","PWY-6824; PWY-5466; PWY-7445; PWY-7214","justicidin B biosynthesis; matairesinol biosynthesis; luteolin triglucuronide degradation; baicalein degradation (hydrogen peroxide detoxification)","peroxidase activity; response to oxidative stress; heme binding",NA,"(1 of 2) PTHR31388:SF24 - PEROXIDASE 52","GO:0004601 GO:0006979 GO:0020037 GO:0055114","","K00430","PF00141","PTHR31388 PTHR31388:SF24","Peroxidase superfamily protein"
"82","Manes.07G139600.v8.1",4.59420856091671,-0.598047771194877,0.20384746687533,-2.93380035750277,0.00334839506156093,0.999951971451679,"Manes.07G139600","","","potassium ion transmembrane transporter activity; membrane; potassium ion transmembrane transport",NA,"(1 of 2) PTHR30540//PTHR30540:SF6 - OSMOTIC STRESS POTASSIUM TRANSPORTER // POTASSIUM TRANSPORTER 2","GO:0015079 GO:0016020 GO:0071805","","K03549","PF02705","PTHR30540 PTHR30540:SF6","potassium transporter 2"
"83","Manes.08G007200.v8.1",8.44539090568987,1.1478470678294,0.430229754634139,2.66798624564103,0.00763073819130909,0.999951971451679,"Manes.08G007200","","","",NA,"(1 of 1) PTHR33083//PTHR33083:SF10 - FAMILY NOT NAMED // ARABIDOPSIS THALIANA GENOMIC DNA, CHROMOSOME 5, P1 CLONE:MOK16","","","","PF04520","PTHR33083 PTHR33083:SF10",""
"84","Manes.08G043500.v8.1",58.5995908454966,-0.154283492488694,0.0593784480962517,-2.59830792880613,0.00936844398841834,0.999951971451679,"Manes.08G043500","","","",NA,"(1 of 1) PTHR34122//PTHR34122:SF1 - FAMILY NOT NAMED // EXPRESSED PROTEIN","","","","PF08879","PTHR34122","(1 of 12) PF08879 - WRC (WRC)"
"85","Manes.08G082622.v8.1",29.802209536273,1.00986584715501,0.33968205458674,2.97297379569734,0.00294929629520898,0.999951971451679,"Manes.08G082622","","","",NA,"(1 of 1) PTHR11527//PTHR11527:SF153 - SMALL HEAT-SHOCK PROTEIN  HSP20  FAMILY // SUBFAMILY NOT NAMED","","","K13993","PF00011","PTHR11527 PTHR11527:SF153",""
"86","Manes.08G103000.v8.1",373.604788629429,0.536986497875153,0.204899568609754,2.62073025101328,0.00877416572246593,0.999951971451679,"Manes.08G103000","","","",NA,"(1 of 1) PTHR31969//PTHR31969:SF3 - FAMILY NOT NAMED // GEM-LIKE PROTEIN 5","","","","PF02893","PTHR31969 PTHR31969:SF3","GRAM domain family protein"
"87","Manes.08G135100.v8.1",4.27431761074702,-0.498115494428544,0.190906679936291,-2.60920935084499,0.00907517030080288,0.999951971451679,"Manes.08G135100","","","chitin binding; defense response to bacterium; defense response to fungus",NA,"(1 of 4) PTHR22595//PTHR22595:SF62 - CHITINASE-RELATED // HEVEIN-LIKE PREPROPROTEIN","GO:0008061 GO:0042742 GO:0050832","","","PF00187 PF00967","PTHR22595 PTHR22595:SF62","pathogenesis-related 4"
"88","Manes.08G170300.v8.1",11.1142661284176,-0.400944541003423,0.148989757873704,-2.69108794272487,0.0071219418080263,0.999951971451679,"Manes.08G170300","","","protein kinase activity; protein serine/threonine kinase activity; protein tyrosine kinase activity; ATP binding; protein phosphorylation",NA,"(1 of 4) K04688 - p70 ribosomal S6 kinase (RPS6KB)","GO:0004672 GO:0004674 GO:0004713 GO:0005524 GO:0006468","KOG0598","K04688","PF14531","PTHR24351 PTHR24351:SF80","serine/threonine protein kinase 2"
"89","Manes.08G172500.v8.1",24.4952466763683,0.278225998313371,0.10551350701695,2.63687565866496,0.00836734960325218,0.999951971451679,"Manes.08G172500","THRESYN-PWY; PWY-3001; PWY-7117; PWY-7115; ASPARTATE-DEG1-PWY; ASPARTATESYN-PWY","superpathway of L-threonine biosynthesis; superpathway of L-isoleucine biosynthesis I; C4 photosynthetic carbon assimilation cycle, PEPCK type; C4 photosynthetic carbon assimilation cycle, NAD-ME type; L-aspartate degradation I; L-aspartate biosynthesis","amino acid metabolic process; transaminase activity; biosynthetic process; pyridoxal phosphate binding",NA,"(1 of 1) PTHR11879//PTHR11879:SF14 - ASPARTATE AMINOTRANSFERASE // SUBFAMILY NOT NAMED","GO:0006520 GO:0008483 GO:0009058 GO:0030170","","K14455","PF00155","PTHR11879 PTHR11879:SF14",""
"90","Manes.09G006800.v8.1",39.8248529756868,0.480240641078022,0.166806784701361,2.87902342784084,0.00398908699318993,0.999951971451679,"Manes.09G006800","","","phosphorelay signal transduction system",NA,"(1 of 2) PTHR26402//PTHR26402:SF507 - RESPONSE REGULATOR OF TWO-COMPONENT SYSTEM // TWO-COMPONENT RESPONSE REGULATOR ARR8-RELATED","GO:0000160","","K14492","PF00072","PTHR26402 PTHR26402:SF507","response regulator 3"
"91","Manes.09G061200.v8.1",274.128769238776,0.417784763700445,0.147168331306044,2.83882245584236,0.00452803433260726,0.999951971451679,"Manes.09G061200","","","",NA,"(1 of 49) PF13837 - Myb/SANT-like DNA-binding domain (Myb_DNA-bind_4)","","","","PF13837","PTHR21654 PTHR21654:SF18","sequence-specific DNA binding transcription factors"
"92","Manes.09G081692.v8.1",28.4816895770416,0.205567184247107,0.0710299676346871,2.89409091813692,0.00380258040015347,0.999951971451679,"Manes.09G081692","","","",NA,"(1 of 1) PTHR11615:SF103 - CYTOSOLIC FE-S CLUSTER ASSEMBLY FACTOR NARFL","","KOG2439","","PF02256 PF02906","PTHR11615 PTHR11615:SF103","ferredoxin hydrogenases"
"93","Manes.09G128400.v8.1",1032.50464738684,-0.240701510084558,0.0903260579203037,-2.66480698512198,0.00770325219320116,0.999951971451679,"Manes.09G128400","","","",NA,"(1 of 16) PF05701 - Weak chloroplast movement under blue light (WEMBL)","","KOG0978","","PF05701","PTHR23160","Plant protein of unknown function (DUF827)"
"94","Manes.09G141500.v8.1",48.4738973869355,-0.362044641600968,0.120242645106481,-3.01095041015074,0.00260431381304164,0.999951971451679,"Manes.09G141500","GLUDEG-I-PWY; ARGININE-SYN4-PWY","GABA shunt; L-ornithine biosynthesis II","amino acid metabolic process; oxidoreductase activity; oxidoreductase activity, acting on the CH-NH2 group of donors, NAD or NADP as acceptor",NA,"(1 of 4) 1.4.1.3 - Glutamate dehydrogenase (NAD(P)(+)) / Glutamic dehydrogenase","GO:0006520 GO:0016491 GO:0016639 GO:0055114","","K00261","PF00208 PF02812","PTHR11606 PTHR11606:SF12","glutamate dehydrogenase 1"
"95","Manes.09G144600.v8.1",8.16460956650801,-0.351055099282794,0.124061057876685,-2.82969616164114,0.00465922282188609,0.999951971451679,"Manes.09G144600","CAROTENOID-PWY; PWY-5945","superpathway of carotenoid biosynthesis; zeaxanthin, antheraxanthin and violaxanthin interconversion","chloroplast; violaxanthin de-epoxidase activity","carot","(1 of 1) K09839 - violaxanthin de-epoxidase (VDE, NPQ1)","GO:0009507 GO:0046422 GO:0055114","","K09839","PF07137","PTHR33970 PTHR33970:SF1","non-photochemical quenching 1"
"96","Manes.09G182100.v8.1",7.07330250146588,-0.573432248345299,0.199446569979089,-2.87511712237228,0.00403877650613993,0.999951971451679,"Manes.09G182100","","","hydrolase activity",NA,"(1 of 2) PTHR21562//PTHR21562:SF5 - NOTUM-RELATED // PECTINACETYLESTERASE FAMILY PROTEIN","GO:0016787","","","PF03283","PTHR21562 PTHR21562:SF5","Pectinacetylesterase family protein"
"97","Manes.10G026300.v8.1",379.092462729187,0.227834360022541,0.0790599895712319,2.8817909192521,0.00395422020339471,0.999951971451679,"Manes.10G026300","","","nucleotidyltransferase activity",NA,"(1 of 1) PTHR12271//PTHR12271:SF40 - POLY A  POLYMERASE CID  PAP -RELATED // POLY(A) RNA POLYMERASE GLD2","GO:0016779","KOG2277","","PF01909","PTHR12271 PTHR12271:SF40","Nucleotidyltransferase family protein"
"98","Manes.10G087600.v8.1",48.0551566566418,0.20601342055657,0.0733601666981546,2.80824635260477,0.0049812105258309,0.999951971451679,"Manes.10G087600","","","protein binding; signal transduction; ADP binding",NA,"(1 of 36) PTHR11017//PTHR11017:SF162 - LEUCINE-RICH REPEAT-CONTAINING PROTEIN // SUBFAMILY NOT NAMED","GO:0005515 GO:0007165 GO:0043531","KOG4658","","PF00931 PF13676","PTHR11017 PTHR11017:SF162",""
"99","Manes.11G050600.v8.1",0.772815747179367,0.781004354484613,0.281436327494415,2.77506589656629,0.00551905239151756,0.999951971451679,"Manes.11G050600","","","",NA,"","","","","","PTHR33881 PTHR33881:SF3",""
"100","Manes.11G114666.v8.1",89.2751282609458,-0.467327826226395,0.178693939976506,-2.61524160409602,0.00891643589561757,0.999951971451679,"Manes.11G114666","","","",NA,"(1 of 25) PF01190 - Pollen proteins Ole e I like (Pollen_Ole_e_I)","","","","PF01190","",""
"101","Manes.11G122600.v8.1",13.9169202954443,-0.300880623363413,0.113922369371484,-2.64110222622113,0.00826367810205793,0.999951971451679,"Manes.11G122600","","","serine-type endopeptidase activity",NA,"(1 of 2) PTHR12917//PTHR12917:SF21 - ASPARTYL PROTEASE DDI-RELATED // RHOMBOID PROTEIN 2","GO:0004252 GO:0016021","KOG2632","","PF01694","PTHR12917 PTHR12917:SF21","RHOMBOID-like protein 13"
"102","Manes.11G164100.v8.1",131.182908416968,0.158838279787275,0.0546048883193639,2.908865573688,0.00362742796651697,0.999951971451679,"Manes.11G164100","","","",NA,"(1 of 3) K12611 - mRNA-decapping enzyme 1B (DCP1B)","","KOG2868","K12611","PF06058","PTHR16290 PTHR16290:SF3","decapping 1"
"103","Manes.12G006000.v8.1",17.2721784262526,0.432205095043733,0.167318779905132,2.5831236355464,0.00979102290769822,0.999951971451679,"Manes.12G006000","","","protein tyrosine phosphatase activity",NA,"(1 of 2) PTHR31126:SF19 - ATYPICAL DUAL-SPECIFICITY PHOSPHATASE","GO:0004725","KOG1572","K18045","PF13350","PTHR31126 PTHR31126:SF19","Tyrosine phosphatase family protein"
"104","Manes.12G006100.v8.1",7.7085611136697,0.656249567020351,0.245735512031744,2.67055242278364,0.00757265458178681,0.999951971451679,"Manes.12G006100","","","",NA,"(1 of 2) PTHR23177//PTHR23177:SF23 - MKIAA1688 PROTEIN // CRIB DOMAIN-CONTAINING PROTEIN RIC4","","","","PF00786","PTHR23177 PTHR23177:SF23","ROP-interactive CRIB motif-containing protein 4"
"105","Manes.12G057903.v8.1",1.53846688259241,0.724923652555076,0.272555426834045,2.65972929240727,0.0078203479007098,0.999951971451679,"Manes.12G057903","","","GTPase activity",NA,"(1 of 7) K06883 - uncharacterized protein (K06883)","GO:0003924","KOG1534","K06883","PF13207","PTHR21231 PTHR21231:SF7","P-loop containing nucleoside triphosphate hydrolases superfamily protein"
"106","Manes.12G062100.v8.1",107.236432854236,0.143842109091326,0.0541230984513519,2.65768430128991,0.0078679557435826,0.999951971451679,"Manes.12G062100","","","DNA-binding transcription factor activity; regulation of DNA-templated transcription; sequence-specific DNA binding",NA,"(1 of 2) K18834 - WRKY transcription factor 1 (WRKY1)","GO:0003700 GO:0006355 GO:0043565","","K18834","PF03106","PTHR31221 PTHR31221:SF41","zinc-dependent activator protein-1"
"107","Manes.12G132900.v8.1",1196.85674460652,-0.487298249420617,0.183145967865185,-2.66070967928336,0.00779761593080391,0.999951971451679,"Manes.12G132900","","","monooxygenase activity; iron ion binding; oxidoreductase activity, acting on paired donors, with incorporation or reduction of molecular oxygen; heme binding",NA,"(1 of 2) PTHR24298:SF144 - BIFUNCTIONAL DIHYDROCAMALEXATE SYNTHASE/CAMALEXIN SYNTHASE-RELATED","GO:0004497 GO:0005506 GO:0016705 GO:0020037 GO:0055114","KOG0156","","PF00067","PTHR24298 PTHR24298:SF144",""
"108","Manes.12G133000.v8.1",108.947999542566,-0.584522804593014,0.196950393702457,-2.96786817027683,0.00299872913473302,0.999951971451679,"Manes.12G133000","PWY-861","dhurrin biosynthesis","metabolic process; hexosyltransferase activity",NA,"(1 of 5) PTHR11926//PTHR11926:SF269 - GLUCOSYL/GLUCURONOSYL TRANSFERASES // SUBFAMILY NOT NAMED","GO:0008152 GO:0016758","KOG1192","","PF00201","PTHR11926 PTHR11926:SF269",""
"109","Manes.12G138600.v8.1",7.67399736890795,-0.521236415489016,0.177011774320399,-2.94464262329553,0.00323327888453185,0.999951971451679,"Manes.12G138600","","","",NA,"","","","","","PTHR33985 PTHR33985:SF2",""
"110","Manes.13G053500.v8.1",113.480213326905,-0.366046212624361,0.141111800791595,-2.59401560019042,0.00948621825127086,0.999951971451679,"Manes.13G053500","","","",NA,"(1 of 2) PF16851 - Stomagen (Stomagen)","","","","PF16851","PTHR37239","stomagen"
"111","Manes.13G054800.v8.1",334.750167471996,-0.181034364889287,0.0688723430652999,-2.62854952847536,0.00857498674460015,0.999951971451679,"Manes.13G054800","","","",NA,"(1 of 28) PF04398 - Protein of unknown function, DUF538 (DUF538)","","","","PF04398","PTHR31676 PTHR31676:SF8","Protein of unknown function, DUF538"
"112","Manes.13G066164.v8.1",1.12316595623259,0.612227667707459,0.231241724937612,2.64756573612584,0.00810735957672085,0.999951971451679,"Manes.13G066164","","","nucleic acid binding; protein binding",NA,"(1 of 1) PTHR22891:SF35 - PROTEIN ARGONAUTE 6","GO:0003676 GO:0005515","","","PF02170 PF02171 PF08699 PF16486 PF16488","PTHR22891 PTHR22891:SF35","Argonaute family protein"
"113","Manes.13G091100.v8.1",5.57110669135172,0.647783625799096,0.224172803934677,2.88966196804077,0.00385656278681893,0.999951971451679,"Manes.13G091100","PWY-2301","<i>myo</i>-inositol biosynthesis","inositol-3-phosphate synthase activity; inositol biosynthetic process; phospholipid biosynthetic process",NA,"(1 of 2) 5.5.1.4 - Inositol-3-phosphate synthase / Myo-inositol-1-phosphate synthase","GO:0004512 GO:0006021 GO:0008654","","K01858","PF01658 PF07994","PTHR11510 PTHR11510:SF6","myo-inositol-1-phosphate synthase 3"
"114","Manes.13G142300.v8.1",1.04111610157557,-0.909608857761742,0.335827058076527,-2.70856333903406,0.00675752121709971,0.999951971451679,"Manes.13G142300","","","monooxygenase activity; iron ion binding; oxidoreductase activity, acting on paired donors, with incorporation or reduction of molecular oxygen; heme binding",NA,"(1 of 1) PTHR24282//PTHR24282:SF16 - CYTOCHROME P450 FAMILY MEMBER // SUBFAMILY NOT NAMED","GO:0004497 GO:0005506 GO:0016705 GO:0020037 GO:0055114","KOG0157","","PF00067","PTHR24282 PTHR24282:SF16",""
"115","Manes.14G004100.v8.1",22.7520499563533,-1.44512216169056,0.483787114542787,-2.98710345573447,0.00281634398258036,0.999951971451679,"Manes.14G004100","","","ATP binding; membrane; ATP hydrolysis activity",NA,"(1 of 3) PTHR19241//PTHR19241:SF247 - ATP-BINDING CASSETTE TRANSPORTER // SUBFAMILY NOT NAMED","GO:0005524 GO:0016020 GO:0016887","","","PF00005 PF01061","PTHR19241 PTHR19241:SF247","ABC-2 type transporter family protein"
"116","Manes.14G023900.v8.1",413.975432305512,0.302263031222975,0.109125026512107,2.76987819278505,0.00560772597027279,0.999951971451679,"Manes.14G023900","","","protein binding",NA,"(1 of 108) PF00168 - C2 domain (C2)","GO:0005515","","","PF00168","PTHR32246 PTHR32246:SF17","Calcium-dependent lipid-binding (CaLB domain) family protein"
"117","Manes.14G042600.v8.1",231.880273199618,-0.27263280360054,0.102407246733132,-2.66224131882979,0.00776222069017616,0.999951971451679,"Manes.14G042600","","","peroxidase activity; calcium ion binding; membrane; oxidoreductase activity; oxidoreductase activity, acting on NAD(P)H, oxygen as acceptor",NA,"(1 of 2) PTHR11972:SF64 - RESPIRATORY BURST OXIDASE HOMOLOG PROTEIN A-RELATED","GO:0004601 GO:0005509 GO:0016020 GO:0016491 GO:0050664 GO:0055114","","K13447","PF01794 PF08022 PF08030 PF08414","PTHR11972 PTHR11972:SF64",""
"118","Manes.14G055100.v8.1",4.64011667406039,-0.361013807888807,0.130824837105865,-2.75952040816738,0.00578862714509202,0.999951971451679,"Manes.14G055100","","","",NA,"","","","","","",""
"119","Manes.14G064500.v8.1",1.54832878251339,0.686248402100414,0.265337930281364,2.58631851606258,0.00970072407688487,0.999951971451679,"Manes.14G064500","","","",NA,"","","","","","PTHR12242 PTHR12242:SF3",""
"120","Manes.14G066400.v8.1",36.6537079397847,-0.35807961044088,0.12374161469319,-2.89376869154906,0.00380648458419281,0.999951971451679,"Manes.14G066400","","","protein kinase activity; protein tyrosine kinase activity; ATP binding; protein phosphorylation",NA,"(1 of 3) PTHR23257//PTHR23257:SF475 - SERINE-THREONINE PROTEIN KINASE // SUBFAMILY NOT NAMED","GO:0004672 GO:0004713 GO:0005524 GO:0006468","KOG0192","","PF14531","PTHR23257 PTHR23257:SF475",""
"121","Manes.14G073800.v8.1",143.717548123792,-0.190421395528309,0.0656892790327968,-2.89881999516598,0.00374569869528524,0.999951971451679,"Manes.14G073800","","","protein kinase activity; protein tyrosine kinase activity; calcium ion binding; ATP binding; protein phosphorylation; membrane; phosphotransferase activity, alcohol group as acceptor",NA,"(1 of 1) PTHR24349//PTHR24349:SF167 - SERINE/THREONINE-PROTEIN KINASE // CALCIUM-DEPENDENT PROTEIN KINASE 10-RELATED","GO:0004672 GO:0004713 GO:0005509 GO:0005524 GO:0006468 GO:0016020 GO:0016773","KOG0032","K13412","PF06293 PF13499","PTHR24349 PTHR24349:SF167","calcium-dependent protein kinase 1"
"122","Manes.14G077600.v8.1",12.0550534545883,-0.248377727255504,0.0947631745306059,-2.62103637289277,0.00876629084736437,0.999951971451679,"Manes.14G077600","","","",NA,"(1 of 207) PF01535//PF13041 - PPR repeat (PPR) // PPR repeat family (PPR_2)","","","","PF01535 PF13041","PTHR24015 PTHR24015:SF14","Pentatricopeptide repeat (PPR) superfamily protein"
"123","Manes.14G079700.v8.1",1.04686019089211,-0.655692245796105,0.247804630351086,-2.64600481785643,0.00814486564224032,0.999951971451679,"Manes.14G079700","","","DNA binding; protein dimerization activity",NA,"(1 of 1) PTHR11945//PTHR11945:SF156//PTHR11945:SF169 - MADS BOX PROTEIN // MADS-BOX PROTEIN-RELATED // MADS-BOX FAMILY PROTEIN","GO:0003677 GO:0046983","KOG0014","","PF00319","PTHR11945 PTHR11945:SF169","AGAMOUS-like 30"
"124","Manes.14G105500.v8.1",5.65654080240346,-0.417052803453271,0.148145973227309,-2.81514775169328,0.00487548127047325,0.999951971451679,"Manes.14G105500","","","protein kinase activity; protein tyrosine kinase activity; ATP binding; protein phosphorylation",NA,"(1 of 24) PF00069//PF08263 - Protein kinase domain (Pkinase) // Leucine rich repeat N-terminal domain (LRRNT_2)","GO:0004672 GO:0004713 GO:0005524 GO:0006468","KOG1187","","PF00069 PF08263","PTHR27008 PTHR27008:SF44","leucine-rich repeat transmembrane protein kinase family protein"
"125","Manes.14G123800.v8.1",11.1163599456165,-0.433175063862609,0.150917829560493,-2.87027096217931,0.00410120190162268,0.999951971451679,"Manes.14G123800","","","protein kinase activity; protein tyrosine kinase activity; ATP binding; protein phosphorylation",NA,"(1 of 31) PF07714//PF11721 - Protein tyrosine kinase (Pkinase_Tyr) // Di-glucose binding within endoplasmic reticulum (Malectin)","GO:0004672 GO:0004713 GO:0005524 GO:0006468","KOG1187","","PF07714 PF11721","PTHR27003 PTHR27003:SF41","hercules receptor kinase 2"
"126","Manes.14G132800.v8.1",2.60221015838915,-0.824516329379341,0.300584316672555,-2.74304507469542,0.00608723290795655,0.999951971451679,"Manes.14G132800","","","",NA,"(1 of 1) PTHR22957//PTHR22957:SF288 - TBC1 DOMAIN FAMILY MEMBER GTPASE-ACTIVATING PROTEIN // SUBFAMILY NOT NAMED","","KOG4567","","PF00566","PTHR22957 PTHR22957:SF288",""
"127","Manes.15G028800.v8.1",36.0068644925941,0.386127971654287,0.140970004375106,2.73907895063152,0.00616115760948362,0.999951971451679,"Manes.15G028800","","","protein kinase activity; protein tyrosine kinase activity; ATP binding; protein phosphorylation",NA,"(1 of 2) PTHR13902//PTHR13902:SF70 - SERINE/THREONINE-PROTEIN KINASE WNK  WITH NO LYSINE -RELATED // SUBFAMILY NOT NAMED","GO:0004672 GO:0004713 GO:0005524 GO:0006468","","K08867","PF00069","PTHR13902 PTHR13902:SF70",""
"128","Manes.15G065700.v8.1",2.77739172435813,0.548684179674926,0.18257021531573,3.00533237979728,0.00265290772802009,0.999951971451679,"Manes.15G065700","","","hydrolase activity",NA,"(1 of 2) K15423 - serine/threonine-protein phosphatase 4 catalytic subunit (PPP4C)","GO:0016787","","K15423","PF00149","PTHR11668 PTHR11668:SF278",""
"129","Manes.15G069000.v8.1",7.74856031474748,0.508356071942952,0.170221527549534,2.98643819768932,0.00282247882143332,0.999951971451679,"Manes.15G069000","","","protein kinase activity; protein tyrosine kinase activity; ATP binding; protein phosphorylation",NA,"(1 of 6) PTHR24361//PTHR24361:SF380 - MITOGEN-ACTIVATED KINASE KINASE KINASE // MITOGEN-ACTIVATED PROTEIN KINASE KINASE KINASE 17-RELATED","GO:0004672 GO:0004713 GO:0005524 GO:0006468","KOG0198","","PF00069","PTHR24361 PTHR24361:SF380","mitogen-activated protein kinase kinase kinase 15"
"130","Manes.15G082200.v8.1",196.361302095727,0.808396761531938,0.268059295930613,3.01573858397804,0.00256354170553816,0.999951971451679,"Manes.15G082200","","","",NA,"(1 of 15) PF12609 - Wound-induced protein (DUF3774)","","","","PF12609","PTHR33090",""
"131","Manes.15G090900.v8.1",10.0829333347287,0.808669511840309,0.285857466061695,2.82892562850109,0.00467045509783517,0.999951971451679,"Manes.15G090900","","","protein binding",NA,"(1 of 3) PTHR32295//PTHR32295:SF9 - FAMILY NOT NAMED // IQ-DOMAIN 9 PROTEIN","GO:0005515","","","","PTHR32295 PTHR32295:SF9","IQ-domain 10"
"132","Manes.15G098800.v8.1",7.3552579797257,-0.544818054269967,0.203101417977776,-2.68249261720852,0.00730757647318028,0.999951971451679,"Manes.15G098800","","","catalytic activity; alpha,alpha-trehalose-phosphate synthase (UDP-forming) activity; trehalose biosynthetic process",NA,"(1 of 4) PTHR10788:SF6 - BCDNA.GH08860","GO:0003824 GO:0003825 GO:0005992","","K16055","PF00982 PF02358","PTHR10788 PTHR10788:SF6","trehalose-6-phosphate synthase"
"133","Manes.15G109300.v8.1",566.448430713514,-0.277154831133689,0.0966372288681884,-2.86799232945435,0.00413085548195728,0.999951971451679,"Manes.15G109300","","","",NA,"(1 of 13) PF03080//PF14365 - Domain of unknown function (DUF239) (DUF239) // Domain of unknown function (DUF4409) (DUF4409)","","","","PF03080 PF14365","PTHR31589 PTHR31589:SF24","Protein of Unknown Function (DUF239)"
"134","Manes.15G124100.v8.1",88.826439736249,0.244602657822385,0.0915234775972959,2.67256734822336,0.00752732630516623,0.999951971451679,"Manes.15G124100","","","protein disulfide isomerase activity; endoplasmic reticulum; oxidoreductase activity, acting on a sulfur group of donors, disulfide as acceptor",NA,"(1 of 2) K10950 - ERO1-like protein alpha (ERO1L)","GO:0003756 GO:0005783 GO:0016671 GO:0055114","","K10950","PF04137","PTHR12613 PTHR12613:SF0","endoplasmic reticulum oxidoreductins 1"
"135","Manes.15G132800.v8.1",5.38397417788619,-0.39175788037607,0.135384510275075,-2.89366840844713,0.00380770038423689,0.999951971451679,"Manes.15G132800","","","hydrolase activity, hydrolyzing O-glycosyl compounds; carbohydrate metabolic process",NA,"(1 of 2) PTHR32227//PTHR32227:SF61 - FAMILY NOT NAMED // GLUCAN ENDO-1,3-BETA-GLUCOSIDASE 3","GO:0004553 GO:0005975","","","PF00332 PF07983","PTHR32227 PTHR32227:SF61","O-Glycosyl hydrolases family 17 protein"
"136","Manes.15G171400.v8.1",213.516383332916,0.490317175725338,0.172925358605582,2.8354266816568,0.00457645182570181,0.999951971451679,"Manes.15G171400","","","",NA,"(1 of 20) PF04570 - zinc-finger of the FCS-type, C2-C2 (zf-FLZ)","","","","PF04570","PTHR33059 PTHR33059:SF31","Protein of unknown function (DUF581)"
"137","Manes.15G187800.v8.1",427.732908248682,-0.335370155905365,0.120791067424761,-2.77644831737464,0.0054956371566536,0.999951971451679,"Manes.15G187800","","","hydrolase activity",NA,"(1 of 4) PTHR21562//PTHR21562:SF4 - NOTUM-RELATED // PECTINACETYLESTERASE FAMILY PROTEIN","GO:0016787","","","PF03283","PTHR21562 PTHR21562:SF4","Pectinacetylesterase family protein"
"138","Manes.16G058100.v8.1",6.38405450957166,0.537698669256119,0.197064002383322,2.72854840434128,0.00636137534072546,0.999951971451679,"Manes.16G058100","","","calcium ion binding",NA,"(1 of 1) PTHR22765:SF56 - VACUOLAR-SORTING RECEPTOR 5-RELATED","GO:0005509","","","PF02225","PTHR22765 PTHR22765:SF56","VACUOLAR SORTING RECEPTOR 6"
"139","Manes.16G076300.v8.1",65.7577392817325,0.451782856807144,0.168556953485998,2.68029794952763,0.00735566556992882,0.999951971451679,"Manes.16G076300","PWY-5464; PWY-1042; ANAGLYCOLYSIS-PWY; ANAEROFRUCAT-PWY","superpathway of cytosolic glycolysis (plants), pyruvate dehydrogenase and TCA cycle; glycolysis IV (plant cytosol); glycolysis III (from glucose); homolactic fermentation","6-phosphofructokinase activity; ATP binding; fructose 6-phosphate metabolic process; glycolytic process","carb","(1 of 4) PTHR13697:SF7 - 6-PHOSPHOFRUCTOKINASE 1-RELATED","GO:0003872 GO:0005524 GO:0006002 GO:0006096","","K00850","PF00365","PTHR13697 PTHR13697:SF7",""
"140","Manes.16G081500.v8.1",2.64580378816602,0.913574656800741,0.319879299733008,2.85599805165033,0.0042901776683689,0.999951971451679,"Manes.16G081500","","","DNA-binding transcription factor activity; nucleus; regulation of DNA-templated transcription; sequence-specific DNA binding",NA,"(1 of 2) PTHR10015:SF186 - HEAT STRESS TRANSCRIPTION FACTOR A-2-RELATED","GO:0003700 GO:0005634 GO:0006355 GO:0043565","KOG0627","","PF00447","PTHR10015 PTHR10015:SF186","heat shock transcription factor A2"
"141","Manes.16G083800.v8.1",67.634279500427,0.253061095149025,0.0947987491559318,2.66945605719725,0.00759742137096425,0.999951971451679,"Manes.16G083800","","","transmembrane transport",NA,"(1 of 5) K15121 - solute carrier family 25, member 44 (SLC25A44)","GO:0055085","KOG0765","K15121","PF00153","PTHR24089 PTHR24089:SF319","Mitochondrial substrate carrier family protein"
"142","Manes.16G088400.v8.1",4.97666726422616,0.423140493929577,0.14756137532789,2.86755591013796,0.00413655708869891,0.999951971451679,"Manes.16G088400","","","protein binding; zinc ion binding",NA,"(1 of 270) PF13639 - Ring finger domain (zf-RING_2)","GO:0005515 GO:0008270","","","PF13639","PTHR14155","RING/U-box superfamily protein"
"143","Manes.16G098400.v8.1",141.620881484768,-0.239788419109546,0.0875910314146289,-2.73759099803793,0.006189099482446,0.999951971451679,"Manes.16G098400","","","",NA,"(1 of 1) KOG2895 - Uncharacterized conserved protein","","KOG2895","","PF10998","PTHR31201 PTHR31201:SF1","(1 of 1) PF10998 - Protein of unknown function (DUF2838) (DUF2838)"
"144","Manes.16G102400.v8.1",11.95348391942,0.747541792586743,0.283745235127777,2.63455276085996,0.00842482092238938,0.999951971451679,"Manes.16G102400","","","hydrolase activity, hydrolyzing O-glycosyl compounds; carbohydrate metabolic process; carbohydrate binding",NA,"(1 of 5) PTHR23421//PTHR23421:SF74 - BETA-GALACTOSIDASE RELATED // BETA-GALACTOSIDASE 1","GO:0004553 GO:0005975 GO:0030246","","","PF01301 PF02140","PTHR23421 PTHR23421:SF74",""
"145","Manes.16G125400.v8.1",7.621994753906,-0.440230173381814,0.166955783809371,-2.6368069637196,0.00836904415494752,0.999951971451679,"Manes.16G125400","","","",NA,"","","","","","PTHR31414 PTHR31414:SF9",""
"146","Manes.17G022900.v8.1",34.8376899889381,-0.178189378779797,0.061495814218215,-2.89758548683493,0.00376047238106695,0.999951971451679,"Manes.17G022900","","","protein kinase activity; protein tyrosine kinase activity; ATP binding; protein phosphorylation",NA,"(1 of 1) PTHR27001//PTHR27001:SF228//PTHR27001:SF75 - FAMILY NOT NAMED // SUBFAMILY NOT NAMED // PROTEIN KINASE FAMILY PROTEIN","GO:0004672 GO:0004713 GO:0005524 GO:0006468","KOG1187","","PF00069","PTHR27001 PTHR27001:SF228","Protein kinase superfamily protein"
"147","Manes.17G025599.v8.1",4.17184640570099,0.867394190955049,0.303486911392024,2.85809423205934,0.00426193805433673,0.999951971451679,"Manes.17G025599","","","ATP binding",NA,"(1 of 7) PTHR23070//PTHR23070:SF5 - BCS1 AAA-TYPE ATPASE // AAA-TYPE ATPASE FAMILY PROTEIN-RELATED","GO:0005524","","","PF00004 PF14363","PTHR23070 PTHR23070:SF5","AAA-ATPase 1"
"148","Manes.17G031200.v8.1",131.333419183703,0.247389724927486,0.0817283126890015,3.02697702654001,0.0024701273080175,0.999951971451679,"Manes.17G031200","PWY-7279","aerobic respiration II (cytochrome c) (yeast)","FMN binding; oxidoreductase activity; negative regulation of DNA-templated transcription",NA,"(1 of 7) K03809 - NAD(P)H dehydrogenase (quinone) (wrbA)","GO:0010181 GO:0016491 GO:0045892","KOG3135","K03809","PF03358","PTHR30546",""
"149","Manes.17G068700.v8.1",121.186260021339,-0.181063863944968,0.0648666274092604,-2.79132538836325,0.00524926718980859,0.999951971451679,"Manes.17G068700","","","",NA,"(1 of 10) PF01535//PF13041//PF13812//PF14432 - PPR repeat (PPR) // PPR repeat family (PPR_2) // Pentatricopeptide repeat domain (PPR_3) // DYW family of nucleic acid deaminases (DYW_deaminase)","","","","PF01535 PF13041 PF13812 PF14432","PTHR24015 PTHR24015:SF690","Pentatricopeptide repeat (PPR) superfamily protein"
"150","Manes.17G079800.v8.1",6.00168200832543,-0.572380033248669,0.201202312964706,-2.84479847579622,0.00444395289029574,0.999951971451679,"Manes.17G079800","","","defense response; response to biotic stimulus",NA,"(1 of 13) PTHR31907:SF4 - MLP-LIKE PROTEIN 165-RELATED","GO:0006952 GO:0009607","","","PF00407","PTHR31907 PTHR31907:SF4","MLP-like protein 31"
"151","Manes.17G083000.v8.1",0.534909810970265,-1.00426941086107,0.377292179310247,-2.66178167990929,0.00777282751150088,0.999951971451679,"Manes.17G083000","PWY-321; PWY-6917","cutin biosynthesis; vernolate biosynthesis III","",NA,"(1 of 8) 1.11.2.3 - Plant seed peroxygenase / Soybean peroxygenase","","","","PF05042","PTHR31495 PTHR31495:SF1","Caleosin-related family protein"
"152","Manes.17G089700.v8.1",2.03269306535597,-0.721289630812162,0.237299699636887,-3.03957245591069,0.00236914207424771,0.999951971451679,"Manes.17G089700","","","",NA,"","","","","","PTHR34196 PTHR34196:SF1",""
"153","Manes.18G007380.v8.1",72.0703373427037,-0.384725244756569,0.137072949890312,-2.80671894100501,0.00500488884264847,0.999951971451679,"Manes.18G007380","PWY-5486; PWY-6333; PWY-6802; PWY66-21; PWY66-389","pyruvate fermentation to ethanol II; acetaldehyde biosynthesis I; salidroside biosynthesis; ethanol degradation II; phytol degradation","zinc ion binding; oxidoreductase activity","carb","(1 of 1) PTHR11695//PTHR11695:SF490 - ALCOHOL DEHYDROGENASE RELATED // SUBFAMILY NOT NAMED","GO:0008270 GO:0016491 GO:0055114","","K00121","PF00107 PF08240","PTHR11695 PTHR11695:SF490","Zinc-binding alcohol dehydrogenase family protein"
"154","Manes.18G022300.v8.1",11.8479979052349,-0.926368384238035,0.350017642587271,-2.64663340222075,0.00812974324992208,0.999951971451679,"Manes.18G022300","PWY-5152; PWY1F-823","leucodelphinidin biosynthesis; leucopelargonidin and leucocyanidin biosynthesis","catalytic activity",NA,"(1 of 2) K13082 - bifunctional dihydroflavonol 4-reductase/flavanone 4-reductase (DFR)","GO:0003824 GO:0050662","KOG1502","K13082","PF01370","PTHR10366 PTHR10366:SF276","dihydroflavonol 4-reductase"
"155","Manes.18G030800.v8.1",19.829994494746,0.217259291166424,0.0745570664462312,2.91399999385848,0.00356829913601039,0.999951971451679,"Manes.18G030800","","","zinc ion binding",NA,"(1 of 1) PF00412//PF02809//PF12315 - LIM domain (LIM) // Ubiquitin interaction motif (UIM) // Protein of unknown function (DUF3633) (DUF3633)","GO:0008270","KOG1703","","PF00412 PF02809 PF12315","PTHR24209 PTHR24209:SF10","DA1"
"156","Manes.18G034222.v8.1",6.66028390358987,0.315433408306094,0.121100944742055,2.60471467813871,0.0091950796681452,0.999951971451679,"Manes.18G034222","","","serine-type carboxypeptidase activity; proteolysis",NA,"(1 of 1) PTHR11802//PTHR11802:SF92 - SERINE PROTEASE FAMILY S10 SERINE CARBOXYPEPTIDASE // SUBFAMILY NOT NAMED","GO:0004185 GO:0006508","","K16297","PF00450","PTHR11802 PTHR11802:SF92",""
"157","Manes.18G048400.v8.1",30.9387396705773,-0.231374655419531,0.0824725230122986,-2.80547565381294,0.0050242376770726,0.999951971451679,"Manes.18G048400","PWY-7511","protein ubiquitylation","ubiquitin-protein transferase activity; protein ubiquitination",NA,"(1 of 5) PTHR22849//PTHR22849:SF6 - WDSAM1 PROTEIN // U-BOX DOMAIN-CONTAINING PROTEIN 30-RELATED","GO:0004842 GO:0016567","","","PF04564 PF05804","PTHR22849 PTHR22849:SF6",""
"158","Manes.18G059600.v8.1",90.2703583034627,0.114744356891411,0.0419077249905329,2.73802400195506,0.00618095646732826,0.999951971451679,"Manes.18G059600","","","intracellular protein transport; vesicle-mediated transport; clathrin adaptor complex",NA,"(1 of 3) K12402 - AP-4 complex subunit mu-1 (AP4M1)","GO:0006886 GO:0016192 GO:0030131","KOG0937","K12402","PF00928 PF01217","PTHR10529 PTHR10529:SF242","Clathrin adaptor complexes medium subunit family protein"
"159","Manes.18G092600.v8.1",1.22526626188101,-0.917952716691133,0.313305878227895,-2.92989305493791,0.0033907867984514,0.999951971451679,"Manes.18G092600","","","",NA,"","","","","","PTHR34662 PTHR34662:SF3","Cupredoxin superfamily protein"
"160","Manes.18G143400.v8.1",124.672010582032,0.287111614116168,0.106550679809389,2.69460142938353,0.00704728738408524,0.999951971451679,"Manes.18G143400","","","",NA,"(1 of 82) 5.2.1.8 - Peptidylprolyl isomerase / Rotamase","","","","","",""
