gene_id,locusName,Description,colors,class,gene_metabolite,GO,GODescription,Pathways,Pathways_Desc,Best-hit-arabi-defline
Manes.01G000155.v8.1,Manes.01G000155,(1 of 18) PTHR31989:SF21 - NAC TRANSCRIPTION FACTOR-LIKE 9,purple,NA,gene,GO:0003677 GO:0006355,DNA binding; regulation of DNA-templated transcription,,,NAC transcription factor-like 9
Manes.01G009800.v8.1,Manes.01G009800,(1 of 2) PTHR35485:SF1 - EXPRESSED PROTEIN,purple,NA,gene,,,,,(1 of 2) PTHR35485:SF1 - EXPRESSED PROTEIN
Manes.01G022400.v8.1,Manes.01G022400,,purple,NA,gene,,,,,
Manes.01G034800.v8.1,Manes.01G034800,(1 of 2) PTHR10641//PTHR10641:SF512 - MYB-LIKE DNA-BINDING PROTEIN MYB // MYB-DOMAIN TRANSCRIPTION FACTOR LOF1-RELATED,purple,NA,gene,,,,,myb domain protein 110
Manes.01G038000.v8.1,Manes.01G038000,(1 of 3) PTHR23074//PTHR23074:SF20 - AAA ATPASE // GH08677P,purple,NA,gene,GO:0005524 GO:0016887,ATP binding; ATP hydrolysis activity,,,P-loop containing nucleoside triphosphate hydrolases superfamily protein
Manes.01G043300.v8.1,Manes.01G043300,(1 of 67) PF03168 - Late embryogenesis abundant protein (LEA_2),purple,NA,gene,,,,,Late embryogenesis abundant (LEA) hydroxyproline-rich glycoprotein family
Manes.01G044200.v8.1,Manes.01G044200,,purple,NA,gene,,,,,
Manes.01G051530.v8.1,Manes.01G051530,(1 of 67) PF03168 - Late embryogenesis abundant protein (LEA_2),purple,NA,gene,,,,,Late embryogenesis abundant (LEA) hydroxyproline-rich glycoprotein family
Manes.01G052500.v8.1,Manes.01G052500,(1 of 2) PTHR10857//PTHR10857:SF54 - COPINE // DCD (DEVELOPMENT AND CELL DEATH) DOMAIN PROTEIN,purple,NA,gene,,,,,DCD (Development and Cell Death) domain protein
Manes.01G064900.v8.1,Manes.01G064900,,purple,NA,gene,,,,,CLAVATA3/ESR-RELATED 14
Manes.01G070300.v8.1,Manes.01G070300,(1 of 2) PTHR10996:SF131 - GLYOXYLATE/HYDROXYPYRUVATE REDUCTASE HPR3,purple,NA,gene,GO:0004616 GO:0008152 GO:0016616 GO:0051287 GO:0055114,phosphogluconate dehydrogenase (decarboxylating) activity; metabolic process; oxidoreductase activity, acting on the CH-OH group of donors, NAD or NADP as acceptor; NAD binding,,,D-isomer specific 2-hydroxyacid dehydrogenase family protein
Manes.01G080400.v8.1,Manes.01G080400,,purple,NA,gene,,,,,
Manes.01G085300.v8.1,Manes.01G085300,,purple,NA,gene,,,,,
Manes.01G087400.v8.1,Manes.01G087400,(1 of 2) PTHR23291:SF34 - BAX INHIBITOR 1,purple,NA,gene,,,,,BAX inhibitor 1
Manes.01G093700.v8.1,Manes.01G093700,(1 of 31) PF07714//PF11721 - Protein tyrosine kinase (Pkinase_Tyr) // Di-glucose binding within endoplasmic reticulum (Malectin),purple,NA,gene,GO:0004672 GO:0004713 GO:0005524 GO:0006468,protein kinase activity; protein tyrosine kinase activity; ATP binding; protein phosphorylation,,,
Manes.01G124801.v8.1,Manes.01G124801,(1 of 2) PTHR10887//PTHR10887:SF358 - DNA2/NAM7 HELICASE FAMILY // P-LOOP CONTAINING NUCLEOSIDE TRIPHOSPHATE HYDROLASES SUPERFAMILY PROTEIN,purple,NA,gene,,,,,P-loop containing nucleoside triphosphate hydrolases superfamily protein
Manes.01G124900.v8.1,Manes.01G124900,(1 of 2) PTHR10887//PTHR10887:SF358 - DNA2/NAM7 HELICASE FAMILY // P-LOOP CONTAINING NUCLEOSIDE TRIPHOSPHATE HYDROLASES SUPERFAMILY PROTEIN,purple,NA,gene,,,,,P-loop containing nucleoside triphosphate hydrolases superfamily protein
Manes.01G136850.v8.1,Manes.01G136850,(1 of 3) 2.7.7.3 - Pantetheine-phosphate adenylyltransferase / PPAT,purple,NA,gene,GO:0003824 GO:0009058,catalytic activity; biosynthetic process,COA-PWY,coenzyme A biosynthesis I,4-phosphopantetheine adenylyltransferase
Manes.01G149000.v8.1,Manes.01G149000,(1 of 6) PTHR22835//PTHR22835:SF184 - ZINC FINGER FYVE DOMAIN CONTAINING PROTEIN // GDSL ESTERASE/LIPASE EXL1-RELATED,purple,NA,gene,GO:0016788,hydrolase activity, acting on ester bonds,LIPAS-PWY,triacylglycerol degradation,
Manes.01G150600.v8.1,Manes.01G150600,(1 of 1) PF13441 - YMGG-like Gly-zipper (Gly-zipper_YMGG),purple,NA,gene,GO:0005515 GO:0008270,protein binding; zinc ion binding,,,RING/U-box superfamily protein
Manes.01G164200.v8.1,Manes.01G164200,(1 of 2) 4.1.99.17 - Phosphomethylpyrimidine synthase,purple,NA,gene,GO:0009228 GO:0051536,thiamine biosynthetic process; iron-sulfur cluster binding,PWY-6890,4-amino-2-methyl-5-diphosphomethylpyrimidine biosynthesis,thiaminC
Manes.01G190700.v8.1,Manes.01G190700,(1 of 5) PTHR11654//PTHR11654:SF98 - OLIGOPEPTIDE TRANSPORTER-RELATED // PROTEIN NRT1/ PTR FAMILY 4.5-RELATED,purple,NA,gene,GO:0005215 GO:0006810 GO:0016020,transporter activity; transport; membrane,,,nitrate transporter 1:2
Manes.01G191500.v8.1,Manes.01G191500,(1 of 2) KOG0490 - Transcription factor; contains HOX domain,purple,NA,gene,GO:0003677 GO:0003700 GO:0006355 GO:0043565,DNA binding; DNA-binding transcription factor activity; regulation of DNA-templated transcription; sequence-specific DNA binding,,,
Manes.02G011000.v8.1,Manes.02G011000,,purple,NA,gene,,,,,
Manes.02G019700.v8.1,Manes.02G019700,(1 of 9) PTHR21726//PTHR21726:SF30 - PHOSPHATIDYLINOSITOL N-ACETYLGLUCOSAMINYLTRANSFERASE SUBUNIT P  DOWN SYNDROME CRITICAL REGION PROTEIN 5 -RELATED // PHOSPHATIDYLINOSITOL N-ACETYGLUCOSAMINLYTRANSFERASE SUBUNIT P-LIKE PROTEIN,purple,NA,gene,,,,,Protein of unknown function (DUF3741)
Manes.02G030000.v8.1,Manes.02G030000,(1 of 2) PTHR31750:SF4 - PROTEIN STAY-GREEN 1; CHLOROPLASTIC-RELATED,purple,NA,gene,,,,,non-yellowing 1
Manes.02G032685.v8.1,Manes.02G032685,,purple,NA,gene,,,,,
Manes.02G033500.v8.1,Manes.02G033500,(1 of 3) PTHR33593:SF2 - F5O11.5,purple,NA,gene,,,,,
Manes.02G034600.v8.1,Manes.02G034600,,purple,NA,gene,,,,,
Manes.02G034700.v8.1,Manes.02G034700,(1 of 2) PTHR31080:SF2 - F23N19.14-RELATED,purple,NA,gene,GO:0004857,enzyme inhibitor activity,PWY-1081,homogalacturonan degradation,pectin methylesterase inhibitor 1
Manes.02G034900.v8.1,Manes.02G034900,(1 of 4) PTHR31080:SF8 - F23N19.12,purple,NA,gene,GO:0004857,enzyme inhibitor activity,PWY-1081,homogalacturonan degradation,
Manes.02G035300.v8.1,Manes.02G035300,(1 of 2) PTHR12000//PTHR12000:SF16 - HEMOGLOBINASE FAMILY MEMBER // SUBFAMILY NOT NAMED,purple,NA,gene,GO:0006508 GO:0008233,proteolysis; peptidase activity,,,beta vacuolar processing enzyme
Manes.02G044200.v8.1,Manes.02G044200,(1 of 2) PTHR23291:SF34 - BAX INHIBITOR 1,purple,NA,gene,,,,,BAX inhibitor 1
Manes.02G056900.v8.1,Manes.02G056900,,purple,NA,gene,,,,,
Manes.02G057200.v8.1,Manes.02G057200,,purple,NA,gene,,,,,
Manes.02G057300.v8.1,Manes.02G057300,(1 of 31) PF07714//PF11721 - Protein tyrosine kinase (Pkinase_Tyr) // Di-glucose binding within endoplasmic reticulum (Malectin),purple,NA,gene,GO:0004672 GO:0004713 GO:0005524 GO:0006468,protein kinase activity; protein tyrosine kinase activity; ATP binding; protein phosphorylation,,,
Manes.02G058400.v8.1,Manes.02G058400,(1 of 4) PTHR13593//PTHR13593:SF46 - UNCHARACTERIZED // F21F23.12 PROTEIN,purple,NA,gene,,,,,PLC-like phosphodiesterases superfamily protein
Manes.02G064500.v8.1,Manes.02G064500,(1 of 1) 4.2.1.122//4.2.1.20 - Tryptophan synthase (indole-salvaging) / Tryptophan synthase beta-2 // Tryptophan synthase / Tryptophan synthetase,purple,NA,gene,GO:0000162 GO:0004834 GO:0030170,tryptophan biosynthetic process; tryptophan synthase activity; pyridoxal phosphate binding,TRPSYN-PWY,L-tryptophan biosynthesis,tryptophan synthase beta type 2
Manes.02G064600.v8.1,Manes.02G064600,(1 of 1) PTHR31050//PTHR31050:SF0 - FAMILY NOT NAMED // T25B24.5 PROTEIN,purple,NA,gene,,,,,Protein of unknown function (DUF1262)
Manes.02G068800.v8.1,Manes.02G068800,(1 of 4) PTHR12565//PTHR12565:SF128 - STEROL REGULATORY ELEMENT-BINDING PROTEIN // TRANSCRIPTION FACTOR BHLH75,purple,NA,gene,GO:0046983,protein dimerization activity,,,
Manes.02G069700.v8.1,Manes.02G069700,(1 of 2) PTHR17224:SF3 - CHLOROPLASTIC GROUP IIB INTRON SPLICING FACILITATOR CRS2-A; CHLOROPLASTIC-RELATED,purple,NA,gene,GO:0004045,aminoacyl-tRNA hydrolase activity,,,Peptidyl-tRNA hydrolase family protein
Manes.02G070700.v8.1,Manes.02G070700,(1 of 2) 3.5.1.94 - Gamma-glutamyl-gamma-aminobutyrate hydrolase / Gamma-glutamyl-GABA hydrolase,purple,NA,gene,,,,,Class I glutamine amidotransferase-like superfamily protein
Manes.02G110200.v8.1,Manes.02G110200,(1 of 1) PTHR11670//PTHR11670:SF40 - ACONITASE // ACONITATE HYDRATASE 1,purple,carb,gene,GO:0008152,metabolic process,GLYOXYLATE-BYPASS; PWY-5464; PWY-5690; PWY-6549; PWY-561,glyoxylate cycle; superpathway of cytosolic glycolysis (plants), pyruvate dehydrogenase and TCA cycle; TCA cycle II (plants and fungi); L-glutamine biosynthesis III; superpathway of glyoxylate cycle and fatty acid degradation,aconitase 1
Manes.02G111300.v8.1,Manes.02G111300,(1 of 2) PTHR11106//PTHR11106:SF58 - GANGLIOSIDE INDUCED DIFFERENTIATION ASSOCIATED PROTEIN 2-RELATED // SUBFAMILY NOT NAMED,purple,NA,gene,,,,,SEC14 cytosolic factor family protein / phosphoglyceride transfer family protein
Manes.02G118300.v8.1,Manes.02G118300,(1 of 3) PTHR19139//PTHR19139:SF30 - AQUAPORIN TRANSPORTER // AQUAPORIN TIP3-1-RELATED,purple,NA,gene,GO:0005215 GO:0006810 GO:0016020,transporter activity; transport; membrane,,,beta-tonoplast intrinsic protein
Manes.02G125400.v8.1,Manes.02G125400,(1 of 7) K14686 - solute carrier family 31 (copper transporter); member 1 (SLC31A1; CTR1),purple,NA,gene,GO:0005375 GO:0016021 GO:0035434,copper ion transmembrane transporter activity; copper ion transmembrane transport,,,copper transporter 1
Manes.02G134700.v8.1,Manes.02G134700,(1 of 1) PTHR11413//PTHR11413:SF50 - CYSTATIN FAMILY MEMBER // SUBFAMILY NOT NAMED,purple,NA,gene,GO:0004869,cysteine-type endopeptidase inhibitor activity,,,cystatin A
Manes.02G157200.v8.1,Manes.02G157200,,purple,NA,gene,,,,,
Manes.02G160000.v8.1,Manes.02G160000,(1 of 2) K08866 - serine/threonine-protein kinase TTK/MPS1 (TTK; MPS1),purple,NA,gene,GO:0004672 GO:0004712 GO:0004713 GO:0005524 GO:0006468 GO:0007093 GO:0051304,protein kinase activity; protein serine/threonine/tyrosine kinase activity; protein tyrosine kinase activity; ATP binding; protein phosphorylation; mitotic cell cycle checkpoint signaling; chromosome separation,,,putative protein kinase 1
Manes.02G164300.v8.1,Manes.02G164300,(1 of 1) PF14542 - GCN5-related N-acetyl-transferase (Acetyltransf_CG),purple,NA,gene,,,,,Acyl-CoA N-acyltransferases (NAT) superfamily protein
Manes.02G169400.v8.1,Manes.02G169400,(1 of 2) PTHR10891//PTHR10891:SF530 - EF-HAND CALCIUM-BINDING DOMAIN CONTAINING PROTEIN // SUBFAMILY NOT NAMED,purple,NA,gene,GO:0005509,calcium ion binding,,,Calcium-binding EF-hand family protein
Manes.02G177900.v8.1,Manes.02G177900,(1 of 2) K01590 - histidine decarboxylase (hdc; HDC),purple,NA,gene,GO:0016831 GO:0019752 GO:0030170,carboxy-lyase activity; carboxylic acid metabolic process; pyridoxal phosphate binding,,,Pyridoxal phosphate (PLP)-dependent transferases superfamily protein
Manes.02G187600.v8.1,Manes.02G187600,(1 of 2) PTHR12161//PTHR12161:SF21 - UNCHARACTERIZED DUF292 // REGULATOR OF VPS4 ACTIVITY IN THE MVB PATHWAY PROTEIN,purple,NA,gene,,,,,Regulator of Vps4 activity in the MVB pathway protein
Manes.02G202900.v8.1,Manes.02G202900,(1 of 8) 1.6.5.9 - NADH:ubiquinone reductase (non-electrogenic) / Ubiquinone reductase,purple,NA,gene,GO:0016491 GO:0055114,oxidoreductase activity,PWY-7279,aerobic respiration II (cytochrome c) (yeast),FAD/NAD(P)-binding oxidoreductase family protein
Manes.03G020500.v8.1,Manes.03G020500,(1 of 2) PTHR10015//PTHR10015:SF187 - HEAT SHOCK TRANSCRIPTION FACTOR // HEAT STRESS TRANSCRIPTION FACTOR C-1,purple,NA,gene,GO:0003700 GO:0005634 GO:0006355 GO:0043565,DNA-binding transcription factor activity; nucleus; regulation of DNA-templated transcription; sequence-specific DNA binding,,,heat shock transcription factor  C1
Manes.03G021100.v8.1,Manes.03G021100,(1 of 32) PF00083 - Sugar (and other) transporter (Sugar_tr),purple,NA,gene,GO:0016020 GO:0016021 GO:0022857 GO:0022891 GO:0055085,membrane; transmembrane transporter activity; transmembrane transport,,,
Manes.03G022200.v8.1,Manes.03G022200,(1 of 2) PTHR34282//PTHR34282:SF2 - FAMILY NOT NAMED // GENOMIC DNA; CHROMOSOME 3; P1 CLONE:MSD24,purple,NA,gene,,,,,(1 of 1) PTHR34282:SF2 - GENOMIC DNA, CHROMOSOME 3, P1 CLONE:MSD24
Manes.03G045200.v8.1,Manes.03G045200,(1 of 5) K11975 - E3 ubiquitin-protein ligase RNF144 [EC:6.3.2.19] (RNF144),purple,NA,gene,GO:0004842 GO:0005515 GO:0008270 GO:0016567,ubiquitin-protein transferase activity; protein binding; zinc ion binding; protein ubiquitination,,,RING/U-box superfamily protein
Manes.03G074800.v8.1,Manes.03G074800,(1 of 5) 3.6.3.54 - Cu(+) exporting ATPase,purple,NA,gene,GO:0000166 GO:0005507 GO:0006812 GO:0016021 GO:0019829 GO:0030001 GO:0046872,nucleotide binding; copper ion binding; monoatomic cation transport; ATPase-coupled monoatomic cation transmembrane transporter activity; metal ion transport; metal ion binding,,,copper-exporting ATPase / responsive-to-antagonist 1 / copper-transporting ATPase (RAN1)
Manes.03G086600.v8.1,Manes.03G086600,(1 of 1569) 2.7.11.1 - Non-specific serine/threonine protein kinase / Threonine-specific protein kinase,purple,NA,gene,GO:0004672 GO:0004713 GO:0005524 GO:0006468,protein kinase activity; protein tyrosine kinase activity; ATP binding; protein phosphorylation,,,Protein kinase superfamily protein
Manes.03G089500.v8.1,Manes.03G089500,(1 of 1) PTHR10315//PTHR10315:SF45 - SEVEN IN ABSENTIA HOMOLOG // E3 UBIQUITIN-PROTEIN LIGASE,purple,NA,gene,GO:0005515 GO:0005634 GO:0006511 GO:0007275 GO:0008270,protein binding; nucleus; ubiquitin-dependent protein catabolic process; multicellular organism development; zinc ion binding,PWY-7511,protein ubiquitylation,
Manes.03G092500.v8.1,Manes.03G092500,(1 of 1) PTHR32285:SF58 - PROTEIN TRICHOME BIREFRINGENCE-LIKE 41,purple,NA,gene,,,,,TRICHOME BIREFRINGENCE-LIKE 41
Manes.03G111200.v8.1,Manes.03G111200,(1 of 1) PTHR11926//PTHR11926:SF366 - GLUCOSYL/GLUCURONOSYL TRANSFERASES // SUBFAMILY NOT NAMED,purple,NA,gene,GO:0008152 GO:0016758,metabolic process; hexosyltransferase activity,,,
Manes.03G115300.v8.1,Manes.03G115300,(1 of 49) PF00407 - Pathogenesis-related protein Bet v I family (Bet_v_1),purple,NA,gene,GO:0006952 GO:0009607,defense response; response to biotic stimulus,,,
Manes.03G132100.v8.1,Manes.03G132100,(1 of 7) 3.4.23.40 - Phytepsin,purple,NA,gene,GO:0004190 GO:0006508 GO:0006629,aspartic-type endopeptidase activity; proteolysis; lipid metabolic process,,,
Manes.03G150800.v8.1,Manes.03G150800,(1 of 44) PF03140 - Plant protein of unknown function (DUF247),purple,NA,gene,,,,,
Manes.03G158300.v8.1,Manes.03G158300,(1 of 4) PTHR31734:SF6 - AUXIN-RESPONSIVE PROTEIN IAA10-RELATED,purple,NA,gene,GO:0005634 GO:0006355,nucleus; regulation of DNA-templated transcription,,,auxin-induced protein 13
Manes.03G173700.v8.1,Manes.03G173700,(1 of 1) PTHR33428//PTHR33428:SF1 - FAMILY NOT NAMED // CHLOROPHYLLASE-2; CHLOROPLASTIC,purple,NA,gene,,,PWY-6927,chlorophyll <i>a</i> degradation II,chlorophyllase 2
Manes.03G175800.v8.1,Manes.03G175800,(1 of 3) K02734 - 20S proteasome subunit beta 4 (PSMB2),purple,NA,gene,GO:0004298 GO:0005839 GO:0051603,threonine-type endopeptidase activity; proteasome core complex; proteolysis involved in protein catabolic process,,,20S proteasome beta subunit D1
Manes.03G178500.v8.1,Manes.03G178500,(1 of 3) PTHR31791:SF2 - FRIGIDA-LIKE PROTEIN 4A-RELATED,purple,NA,gene,,,,,FRIGIDA-like protein
Manes.03G194800.v8.1,Manes.03G194800,(1 of 5) PTHR33136:SF5 - PROTEIN RALF-LIKE 1-RELATED,purple,NA,gene,,,,,ralf-like 33
Manes.03G199300.v8.1,Manes.03G199300,(1 of 47) K09286 - EREBP-like factor (EREBP),purple,NA,gene,GO:0003700 GO:0006355,DNA-binding transcription factor activity; regulation of DNA-templated transcription,,,ethylene-responsive element binding protein
Manes.03G206400.v8.1,Manes.03G206400,(1 of 2) PTHR31221//PTHR31221:SF13 - FAMILY NOT NAMED // WRKY TRANSCRIPTION FACTOR 48-RELATED,purple,NA,gene,GO:0003700 GO:0006355 GO:0043565,DNA-binding transcription factor activity; regulation of DNA-templated transcription; sequence-specific DNA binding,,,WRKY DNA-binding protein 48
Manes.03G207600.v8.1,Manes.03G207600,(1 of 5) PF13668 - Ferritin-like domain (Ferritin_2),purple,NA,gene,,,,,(1 of 2) PF13668 - Ferritin-like domain (Ferritin_2)
Manes.04G033900.v8.1,Manes.04G033900,(1 of 45) PF02701 - Dof domain; zinc finger (zf-Dof),purple,NA,gene,GO:0003677 GO:0006355,DNA binding; regulation of DNA-templated transcription,,,Dof-type zinc finger DNA-binding family protein
Manes.04G034100.v8.1,Manes.04G034100,(1 of 8) PF05056 - Protein of unknown function (DUF674) (DUF674),purple,NA,gene,,,,,
Manes.04G059500.v8.1,Manes.04G059500,(1 of 62) PF00892 - EamA-like transporter family (EamA),purple,NA,gene,GO:0016020 GO:0016021 GO:0022857,membrane; transmembrane transporter activity,,,nodulin MtN21 /EamA-like transporter family protein
Manes.04G064632.v8.1,Manes.04G064632,(1 of 1) PTHR23023//PTHR23023:SF98 - DIMETHYLANILINE MONOOXYGENASE // SUBFAMILY NOT NAMED,purple,NA,gene,GO:0004499 GO:0050660 GO:0050661 GO:0055114,N,N-dimethylaniline monooxygenase activity; flavin adenine dinucleotide binding; NADP binding,,,
Manes.04G074700.v8.1,Manes.04G074700,(1 of 4) PF06911 - Senescence-associated protein (Senescence),purple,NA,gene,,,,,
Manes.04G093900.v8.1,Manes.04G093900,(1 of 74) PF00069//PF00560//PF08263//PF13855 - Protein kinase domain (Pkinase) // Leucine Rich Repeat (LRR_1) // Leucine rich repeat N-terminal domain (LRRNT_2) // Leucine rich repeat (LRR_8),purple,NA,gene,GO:0004672 GO:0004713 GO:0005515 GO:0005524 GO:0006468,protein kinase activity; protein tyrosine kinase activity; protein binding; ATP binding; protein phosphorylation,,,
Manes.04G094400.v8.1,Manes.04G094400,(1 of 2) PF00098//PF06839 - Zinc knuckle (zf-CCHC) // GRF zinc finger (zf-GRF),purple,NA,gene,GO:0003676 GO:0008270,nucleic acid binding; zinc ion binding,,,GRF zinc finger / Zinc knuckle protein
Manes.04G103400.v8.1,Manes.04G103400,(1 of 1) PTHR22849//PTHR22849:SF25 - WDSAM1 PROTEIN // SUBFAMILY NOT NAMED,purple,NA,gene,GO:0004842 GO:0005515 GO:0016567,ubiquitin-protein transferase activity; protein binding; protein ubiquitination,PWY-7511,protein ubiquitylation,
Manes.04G114400.v8.1,Manes.04G114400,(1 of 21) PF01477 - PLAT/LH2 domain (PLAT),purple,NA,gene,GO:0005515,protein binding,,,
Manes.04G122700.v8.1,Manes.04G122700,(1 of 3) K17302 - coatomer; subunit beta' (COPB2; SEC27),purple,NA,gene,GO:0005515,protein binding,,,
Manes.04G124200.v8.1,Manes.04G124200,(1 of 4) PF02798//PF14497 - Glutathione S-transferase; N-terminal domain (GST_N) // Glutathione S-transferase; C-terminal domain (GST_C_3),purple,NA,gene,GO:0005515,protein binding,PWY-6842,glutathione-mediated detoxification II,
Manes.04G124300.v8.1,Manes.04G124300,(1 of 14) PTHR11260//PTHR11260:SF317 - GLUTATHIONE S-TRANSFERASE; GST; SUPERFAMILY; GST DOMAIN CONTAINING // SUBFAMILY NOT NAMED,purple,NA,gene,GO:0005515,protein binding,PWY-6842,glutathione-mediated detoxification II,
Manes.04G124400.v8.1,Manes.04G124400,(1 of 3) PTHR12161//PTHR12161:SF14 - UNCHARACTERIZED DUF292 // REGULATOR OF VPS4,purple,NA,gene,,,,,Regulator of Vps4 activity in the MVB pathway protein
Manes.04G126400.v8.1,Manes.04G126400,(1 of 1569) 2.7.11.1 - Non-specific serine/threonine protein kinase / Threonine-specific protein kinase,purple,NA,gene,GO:0004672 GO:0004713 GO:0005524 GO:0006468,protein kinase activity; protein tyrosine kinase activity; ATP binding; protein phosphorylation,,,
Manes.04G141400.v8.1,Manes.04G141400,(1 of 18) PF12023 - Domain of unknown function (DUF3511) (DUF3511),purple,NA,gene,,,,,Protein of unknown function (DUF3511)
Manes.04G149500.v8.1,Manes.04G149500,(1 of 2) PTHR11200//PTHR11200:SF122 - INOSITOL 5-PHOSPHATASE // PHOSPHOINOSITIDE PHOSPHATASE SAC3-RELATED,purple,NA,gene,GO:0007033 GO:0036092 GO:0042578,vacuole organization; phosphatidylinositol-3-phosphate biosynthetic process; phosphoric ester hydrolase activity,,,Phosphoinositide phosphatase family protein
Manes.04G155400.v8.1,Manes.04G155400,(1 of 2) PTHR11413//PTHR11413:SF55 - CYSTATIN FAMILY MEMBER // CYSTEINE PROTEINASE INHIBITOR 6,purple,NA,gene,GO:0004869,cysteine-type endopeptidase inhibitor activity,,,cystatin B
Manes.05G056701.v8.1,Manes.05G056701,(1 of 59) PF13962 - Domain of unknown function (PGG),purple,NA,gene,,,,,
Manes.05G064500.v8.1,Manes.05G064500,,purple,NA,gene,,,,,
Manes.05G064600.v8.1,Manes.05G064600,(1 of 4) PTHR22814:SF75 - HEAVY METAL TRANSPORT/DETOXIFICATION DOMAIN-CONTAINING PROTEIN,purple,NA,gene,GO:0030001 GO:0046872,metal ion transport; metal ion binding,,,
Manes.05G080800.v8.1,Manes.05G080800,(1 of 4) K06890 - uncharacterized protein (K06890),purple,NA,gene,,,,,Bax inhibitor-1 family protein
Manes.05G087000.v8.1,Manes.05G087000,(1 of 1) PTHR24412//PTHR24412:SF213 - FAMILY NOT NAMED // F-BOX/KELCH-REPEAT PROTEIN OR23,purple,NA,gene,GO:0005515,protein binding,,,Galactose oxidase/kelch repeat superfamily protein
Manes.05G113300.v8.1,Manes.05G113300,(1 of 1) PTHR22884//PTHR22884:SF295 - SET DOMAIN PROTEINS // HISTONE-LYSINE N-METHYLTRANSFERASE SETD1A,purple,NA,gene,GO:0005515,protein binding,,,SET domain protein 25
Manes.05G136400.v8.1,Manes.05G136400,(1 of 15) PF04759 - Protein of unknown function; DUF617 (DUF617),purple,NA,gene,,,,,Protein of unknown function, DUF617
Manes.05G140400.v8.1,Manes.05G140400,(1 of 4) PF00257 - Dehydrin (Dehydrin),purple,NA,gene,GO:0006950 GO:0009415,response to stress; response to water,,,cold-regulated 47
Manes.05G153800.v8.1,Manes.05G153800,(1 of 1) PF14595 - Thioredoxin (Thioredoxin_9),purple,NA,gene,GO:0006662 GO:0015035 GO:0045454,glycerol ether metabolic process; protein-disulfide reductase activity; cell redox homeostasis,,,
Manes.05G154600.v8.1,Manes.05G154600,(1 of 1) PTHR24067:SF125 - UBIQUITIN-CONJUGATING ENZYME E2 18-RELATED,purple,NA,gene,,,PWY-7511,protein ubiquitylation,ubiquitin-conjugating enzyme 18
Manes.05G157800.v8.1,Manes.05G157800,,purple,NA,gene,,,,,
Manes.05G160600.v8.1,Manes.05G160600,(1 of 3) PTHR32227:SF16 - GLUCAN ENDO-1;3-BETA-GLUCOSIDASE 7-RELATED,purple,NA,gene,GO:0004553 GO:0005975,hydrolase activity, hydrolyzing O-glycosyl compounds; carbohydrate metabolic process,,,O-Glycosyl hydrolases family 17 protein
Manes.05G163200.v8.1,Manes.05G163200,(1 of 152) PF02365 - No apical meristem (NAM) protein (NAM),purple,NA,gene,GO:0003677 GO:0006355,DNA binding; regulation of DNA-templated transcription,,,
Manes.05G167700.v8.1,Manes.05G167700,(1 of 138) KOG0156 - Cytochrome P450 CYP2 subfamily,purple,NA,gene,GO:0004497 GO:0005506 GO:0016705 GO:0020037 GO:0055114,monooxygenase activity; iron ion binding; oxidoreductase activity, acting on paired donors, with incorporation or reduction of molecular oxygen; heme binding,,,
Manes.05G174700.v8.1,Manes.05G174700,(1 of 2) PTHR21493//PTHR21493:SF104 - CGI-141-RELATED/LIPASE CONTAINING PROTEIN // SUBFAMILY NOT NAMED,purple,NA,gene,GO:0006629,lipid metabolic process,LIPAS-PWY,triacylglycerol degradation,alpha/beta-Hydrolases superfamily protein
Manes.05G184800.v8.1,Manes.05G184800,(1 of 49) K09338 - homeobox-leucine zipper protein (HD-ZIP),purple,NA,gene,GO:0003677 GO:0003700 GO:0006355 GO:0043565,DNA binding; DNA-binding transcription factor activity; regulation of DNA-templated transcription; sequence-specific DNA binding,,,
Manes.06G010675.v8.1,Manes.06G010675,(1 of 35) PTHR27002//PTHR27002:SF84 - FAMILY NOT NAMED // ATP BINDING / PROTEIN KINASE-RELATED,purple,NA,gene,GO:0004672 GO:0004674 GO:0004713 GO:0005515 GO:0005524 GO:0006468 GO:0048544,protein kinase activity; protein serine/threonine kinase activity; protein tyrosine kinase activity; protein binding; ATP binding; protein phosphorylation; recognition of pollen,,,
Manes.06G048400.v8.1,Manes.06G048400,(1 of 1) KOG1092 - Ypt/Rab-specific GTPase-activating protein GYP1,purple,NA,gene,,,,,RabGAP/TBC domain-containing protein
Manes.06G055000.v8.1,Manes.06G055000,(1 of 8) PF00046//PF01852//PF08670 - Homeobox domain (Homeobox) // START domain (START) // MEKHLA domain (MEKHLA),purple,NA,gene,GO:0003677 GO:0008289,DNA binding; lipid binding,,,Homeobox-leucine zipper family protein / lipid-binding START domain-containing protein
Manes.06G098700.v8.1,Manes.06G098700,(1 of 2) PTHR31448//PTHR31448:SF9 - FAMILY NOT NAMED // F14D16.14,purple,NA,gene,,,,,Protein of unknown function, DUF593
Manes.06G110100.v8.1,Manes.06G110100,(1 of 2) K17987 - next to BRCA1 gene 1 protein (NBR1),purple,NA,gene,GO:0005515 GO:0008270,protein binding; zinc ion binding,,,ubiquitin-associated (UBA)/TS-N domain-containing protein / octicosapeptide/Phox/Bemp1 (PB1) domain-containing protein
Manes.06G110900.v8.1,Manes.06G110900,(1 of 7) PF05605//PF14571 - Drought induced 19 protein (Di19); zinc-binding (zf-Di19) // Stress-induced protein Di19; C-terminal (Di19_C),purple,NA,gene,,,,,
Manes.06G141900.v8.1,Manes.06G141900,(1 of 1) PTHR14237//PTHR14237:SF28 - MOLYBDOPTERIN COFACTOR SULFURASE  MOSC // CATALYTIC/ PYRIDOXAL PHOSPHATE BINDING PROTEIN,purple,NA,gene,,,PWY-5963,thio-molybdenum cofactor biosynthesis,Pyridoxal phosphate (PLP)-dependent transferases superfamily protein
Manes.07G019300.v8.1,Manes.07G019300,(1 of 1) PTHR10666//PTHR10666:SF155 - UBIQUITIN // POLYUBIQUITIN 4,purple,NA,gene,GO:0005515,protein binding,,,ubiquitin 4
Manes.07G056100.v8.1,Manes.07G056100,(1 of 2) PTHR11817//PTHR11817:SF21 - PYRUVATE KINASE // SUBFAMILY NOT NAMED,purple,carb,gene,GO:0000287 GO:0004743 GO:0006096 GO:0030955,magnesium ion binding; pyruvate kinase activity; glycolytic process; potassium ion binding,PWY-5464; PWY-5723; PWY-1042; ANAGLYCOLYSIS-PWY; ANAEROFRUCAT-PWY,superpathway of cytosolic glycolysis (plants), pyruvate dehydrogenase and TCA cycle; Rubisco shunt; glycolysis IV (plant cytosol); glycolysis III (from glucose); homolactic fermentation,
Manes.07G059900.v8.1,Manes.07G059900,(1 of 2) PTHR32002:SF3 - PROTEIN NLP1-RELATED,purple,NA,gene,GO:0005515,protein binding,,,
Manes.07G063671.v8.1,Manes.07G063671,,purple,NA,gene,,,,,
Manes.07G090500.v8.1,Manes.07G090500,(1 of 3) K02727 - 20S proteasome subunit alpha 7 (PSMA3),purple,NA,gene,GO:0004175 GO:0004298 GO:0005839 GO:0006511 GO:0019773 GO:0051603,endopeptidase activity; threonine-type endopeptidase activity; proteasome core complex; ubiquitin-dependent protein catabolic process; proteasome core complex, alpha-subunit complex; proteolysis involved in protein catabolic process,,,20S proteasome alpha subunit G1
Manes.07G091300.v8.1,Manes.07G091300,(1 of 9) PF01439 - Metallothionein (Metallothio_2),purple,NA,gene,GO:0046872,metal ion binding,,,
Manes.07G104000.v8.1,Manes.07G104000,(1 of 2) PTHR32191:SF1 - TETRASPANIN-5-RELATED,purple,NA,gene,GO:0016021,,,,tetraspanin6
Manes.07G105700.v8.1,Manes.07G105700,(1 of 1) PTHR11260//PTHR11260:SF320 - GLUTATHIONE S-TRANSFERASE; GST; SUPERFAMILY; GST DOMAIN CONTAINING // SUBFAMILY NOT NAMED,purple,NA,gene,GO:0005515,protein binding,,,
Manes.07G113400.v8.1,Manes.07G113400,(1 of 1) PTHR19965//PTHR19965:SF31 - RNA AND EXPORT FACTOR BINDING PROTEIN // SUBFAMILY NOT NAMED,purple,NA,gene,GO:0003676,nucleic acid binding,,,
Manes.07G138000.v8.1,Manes.07G138000,(1 of 3) 4.1.1.37 - Uroporphyrinogen decarboxylase / Uroporphyrinogen-III carboxy-lyase,purple,NA,gene,GO:0004853 GO:0006779,uroporphyrinogen decarboxylase activity; porphyrin-containing compound biosynthetic process,PWY-5918; CHLOROPHYLL-SYN; HEME-BIOSYNTHESIS-II,superpathay of heme biosynthesis from glutamate; 3,8-divinyl-chlorophyllide <i>a</i> biosynthesis I (aerobic, light-dependent); heme biosynthesis I (aerobic),
Manes.07G141400.v8.1,Manes.07G141400,(1 of 1) PTHR32246:SF15 - CALCIUM-DEPENDENT LIPID-BINDING (CALB DOMAIN) FAMILY PROTEIN,purple,NA,gene,GO:0005515,protein binding,,,Calcium-dependent lipid-binding (CaLB domain) family protein
Manes.08G020700.v8.1,Manes.08G020700,(1 of 2) PTHR10015:SF164 - HEAT STRESS TRANSCRIPTION FACTOR A-3,purple,NA,gene,GO:0003700 GO:0005634 GO:0006355 GO:0043565,DNA-binding transcription factor activity; nucleus; regulation of DNA-templated transcription; sequence-specific DNA binding,,,heat shock transcription factor A3
Manes.08G063732.v8.1,Manes.08G063732,(1 of 1) PTHR23257:SF382 - PROTEIN KINASE AND PP2C-LIKE DOMAIN-CONTAINING PROTEIN,purple,NA,gene,GO:0003824 GO:0004672 GO:0004713 GO:0005524 GO:0006468,catalytic activity; protein kinase activity; protein tyrosine kinase activity; ATP binding; protein phosphorylation,,,protein kinase family protein / protein phosphatase 2C ( PP2C) family protein
Manes.08G069932.v8.1,Manes.08G069932,(1 of 2) PTHR22814//PTHR22814:SF94 - COPPER TRANSPORT PROTEIN ATOX1-RELATED // SUBFAMILY NOT NAMED,purple,NA,gene,GO:0030001 GO:0046872,metal ion transport; metal ion binding,,,
Manes.08G073101.v8.1,Manes.08G073101,(1 of 15) PF00069//PF01453 - Protein kinase domain (Pkinase) // D-mannose binding lectin (B_lectin),purple,NA,gene,GO:0004672 GO:0004674 GO:0004713 GO:0005524 GO:0006468,protein kinase activity; protein serine/threonine kinase activity; protein tyrosine kinase activity; ATP binding; protein phosphorylation,,,receptor-like protein kinase 1
Manes.08G075525.v8.1,Manes.08G075525,(1 of 11) PF07676 - WD40-like Beta Propeller Repeat (PD40),purple,NA,gene,,,,,
Manes.08G156081.v8.1,Manes.08G156081,(1 of 2) PTHR14155:SF180 - RING/U-BOX DOMAIN-CONTAINING PROTEIN-RELATED,purple,NA,gene,GO:0005515 GO:0008270,protein binding; zinc ion binding,,,RING/U-box superfamily protein
Manes.08G086700.v8.1,Manes.08G086700,(1 of 1) PTHR15852//PTHR15852:SF20 - FAMILY NOT NAMED // CHAPERONE PROTEIN DNAJ-LIKE PROTEIN,purple,NA,gene,,,,,chaperone protein dnaJ-related
Manes.08G096900.v8.1,Manes.08G096900,(1 of 2) PTHR31241:SF2 - DEHYDRATION-RESPONSIVE ELEMENT-BINDING PROTEIN 2A-RELATED,purple,NA,gene,GO:0003700 GO:0006355,DNA-binding transcription factor activity; regulation of DNA-templated transcription,,,
Manes.08G103000.v8.1,Manes.08G103000,(1 of 1) PTHR31969//PTHR31969:SF3 - FAMILY NOT NAMED // GEM-LIKE PROTEIN 5,purple,NA,gene,,,,,GRAM domain family protein
Manes.08G105600.v8.1,Manes.08G105600,(1 of 3) PF00646//PF14299 - F-box domain (F-box) // Phloem protein 2 (PP2),purple,NA,gene,GO:0005515,protein binding,,,F-box family protein
Manes.08G108000.v8.1,Manes.08G108000,(1 of 2) PTHR32227//PTHR32227:SF118 - FAMILY NOT NAMED // CARBOHYDRATE-BINDING X8 DOMAIN-CONTAINING PROTEIN,purple,NA,gene,GO:0004553 GO:0005975,hydrolase activity, hydrolyzing O-glycosyl compounds; carbohydrate metabolic process,,,Carbohydrate-binding X8 domain superfamily protein
Manes.08G108800.v8.1,Manes.08G108800,(1 of 1) PTHR31375:SF13 - PECTIN LYASE-LIKE PROTEIN,purple,NA,gene,,,PWY-1081,homogalacturonan degradation,
Manes.08G117800.v8.1,Manes.08G117800,(1 of 5) PF05755 - Rubber elongation factor protein (REF) (REF),purple,NA,gene,,,,,Rubber elongation factor protein (REF)
Manes.08G134300.v8.1,Manes.08G134300,,purple,NA,gene,GO:0005509,calcium ion binding,,,calcium-binding EF hand family protein
Manes.08G145900.v8.1,Manes.08G145900,,purple,NA,gene,,,,,
Manes.08G157900.v8.1,Manes.08G157900,(1 of 2) PTHR31956//PTHR31956:SF1 - FAMILY NOT NAMED // NON-SPECIFIC PHOSPHOLIPASE C3-RELATED,purple,NA,gene,GO:0016788,hydrolase activity, acting on ester bonds,,,non-specific phospholipase C4
Manes.08G161900.v8.1,Manes.08G161900,(1 of 11) PF01612 - 3'-5' exonuclease (DNA_pol_A_exo1),purple,NA,gene,GO:0003676 GO:0006139 GO:0008408,nucleic acid binding; nucleobase-containing compound metabolic process; 3'-5' exonuclease activity,,,
Manes.08G170400.v8.1,Manes.08G170400,(1 of 3) K03145 - transcription elongation factor S-II (TFIIS),purple,NA,gene,GO:0003676 GO:0003677 GO:0005634 GO:0006351 GO:0006355 GO:0006357 GO:0008270 GO:0032784,nucleic acid binding; DNA binding; nucleus; DNA-templated transcription; regulation of DNA-templated transcription; regulation of transcription by RNA polymerase II; zinc ion binding; regulation of DNA-templated transcription elongation,,,transcript elongation factor IIS
Manes.09G009100.v8.1,Manes.09G009100,(1 of 44) K13448 - calcium-binding protein CML (CML),purple,NA,gene,GO:0005509,calcium ion binding,,,Calcium-binding EF-hand family protein
Manes.09G038600.v8.1,Manes.09G038600,,purple,NA,gene,GO:0046872,metal ion binding,,,zinc finger protein 8
Manes.09G042800.v8.1,Manes.09G042800,,purple,NA,gene,,,,,
Manes.09G056602.v8.1,Manes.09G056602,(1 of 14) PTHR10634 - AN1-TYPE ZINC FINGER PROTEIN,purple,NA,gene,GO:0003677 GO:0008270,DNA binding; zinc ion binding,,,A20/AN1-like zinc finger family protein
Manes.09G059028.v8.1,Manes.09G059028,(1 of 2) PTHR10015//PTHR10015:SF164 - HEAT SHOCK TRANSCRIPTION FACTOR // HEAT STRESS TRANSCRIPTION FACTOR A-3,purple,NA,gene,GO:0003700 GO:0005634 GO:0006355 GO:0043565,DNA-binding transcription factor activity; nucleus; regulation of DNA-templated transcription; sequence-specific DNA binding,,,heat shock transcription factor A3
Manes.09G068812.v8.1,Manes.09G068812,(1 of 4) K02152 - V-type H+-transporting ATPase subunit G (ATPeV1G; ATP6G),purple,NA,gene,GO:0015992 GO:0016471 GO:0016820,vacuolar proton-transporting V-type ATPase complex,,,
Manes.09G098300.v8.1,Manes.09G098300,(1 of 1) K06700 - proteasome inhibitor subunit 1 (PI31) (PSMF1),purple,NA,gene,,,,,proteasome inhibitor-related
Manes.09G098800.v8.1,Manes.09G098800,(1 of 9) PTHR11260//PTHR11260:SF303 - GLUTATHIONE S-TRANSFERASE; GST; SUPERFAMILY; GST DOMAIN CONTAINING // GLUTATHIONE S-TRANSFERASE U1-RELATED,purple,NA,gene,GO:0005515,protein binding,PWY-6842,glutathione-mediated detoxification II,glutathione S-transferase TAU 8
Manes.09G098760.v8.1,Manes.09G098760,(1 of 46) PF00582 - Universal stress protein family (Usp),purple,NA,gene,GO:0006950,response to stress,,,Adenine nucleotide alpha hydrolases-like superfamily protein
Manes.09G130200.v8.1,Manes.09G130200,(1 of 138) KOG0156 - Cytochrome P450 CYP2 subfamily,purple,NA,gene,GO:0004497 GO:0005506 GO:0016705 GO:0020037 GO:0055114,monooxygenase activity; iron ion binding; oxidoreductase activity, acting on paired donors, with incorporation or reduction of molecular oxygen; heme binding,,,Cytochrome P450 superfamily protein
Manes.09G135500.v8.1,Manes.09G135500,(1 of 2) PTHR23180:SF202 - ADP-RIBOSYLATION FACTOR GTPASE-ACTIVATING PROTEIN AGD14-RELATED,purple,NA,gene,GO:0005096,GTPase activator activity,,,ARF GAP-like zinc finger-containing protein ZIGA4
Manes.09G170000.v8.1,Manes.09G170000,(1 of 5) PF05755 - Rubber elongation factor protein (REF) (REF),purple,NA,gene,,,,,Rubber elongation factor protein (REF)
Manes.09G170800.v8.1,Manes.09G170800,(1 of 4) KOG1727 - Microtubule-binding protein (translationally controlled tumor protein),purple,NA,gene,,,,,Methionine sulfoxide reductase (MSS4-like) family protein
Manes.09G180500.v8.1,Manes.09G180500,(1 of 2) PTHR32227:SF118 - CARBOHYDRATE-BINDING X8 DOMAIN-CONTAINING PROTEIN,purple,NA,gene,GO:0004553 GO:0005975,hydrolase activity, hydrolyzing O-glycosyl compounds; carbohydrate metabolic process,,,Carbohydrate-binding X8 domain superfamily protein
Manes.09G180600.v8.1,Manes.09G180600,,purple,NA,gene,,,,,
Manes.09G183100.v8.1,Manes.09G183100,(1 of 6) PTHR32278//PTHR32278:SF6 - FAMILY NOT NAMED // F-BOX PROTEIN PP2-B1-RELATED,purple,NA,gene,GO:0005515,protein binding,,,F-box family protein
Manes.10G020100.v8.1,Manes.10G020100,(1 of 10) PTHR11527//PTHR11527:SF152 - SMALL HEAT-SHOCK PROTEIN  HSP20  FAMILY // SUBFAMILY NOT NAMED,purple,NA,gene,,,,,
Manes.10G020800.v8.1,Manes.10G020800,,purple,NA,gene,,,,,
Manes.10G031200.v8.1,Manes.10G031200,(1 of 2) PTHR31992:SF26 - DOF ZINC FINGER PROTEIN DOF2.4,purple,NA,gene,GO:0003677 GO:0006355,DNA binding; regulation of DNA-templated transcription,,,OBF-binding protein 3
Manes.10G052301.v8.1,Manes.10G052301,(1 of 1) PTHR31989:SF29 - F18K10.6 PROTEIN-RELATED,purple,NA,gene,GO:0003677 GO:0006355,DNA binding; regulation of DNA-templated transcription,,,NAC domain containing protein 52
Manes.10G066800.v8.1,Manes.10G066800,(1 of 7) PTHR13068:SF18 - EMB|CAB62602.1,purple,NA,gene,GO:0003690 GO:0005739 GO:0006355,double-stranded DNA binding; mitochondrion; regulation of DNA-templated transcription,,,Mitochondrial transcription termination factor family protein
Manes.10G056200.v8.1,Manes.10G056200,(1 of 3) PF08553 - VID27 cytoplasmic protein (VID27),purple,NA,gene,,,,,Vacuolar import/degradation, Vid27-related protein
Manes.10G088500.v8.1,Manes.10G088500,(1 of 36) PTHR11017//PTHR11017:SF162 - LEUCINE-RICH REPEAT-CONTAINING PROTEIN // SUBFAMILY NOT NAMED,purple,NA,gene,GO:0005515 GO:0007165 GO:0043531,protein binding; signal transduction; ADP binding,,,
Manes.10G105300.v8.1,Manes.10G105300,(1 of 24) 2.4.1.324 - 7-deoxyloganetin glucosyltransferase / UGT85A24,purple,NA,gene,GO:0008152 GO:0016758,metabolic process; hexosyltransferase activity,,,
Manes.10G110100.v8.1,Manes.10G110100,(1 of 1) PTHR11689//PTHR11689:SF87 - CHLORIDE CHANNEL // SUBFAMILY NOT NAMED,purple,NA,gene,GO:0005247 GO:0006821 GO:0016020 GO:0055085,voltage-gated chloride channel activity; chloride transport; membrane; transmembrane transport,,,chloride channel C
Manes.10G141533.v8.1,Manes.10G141533,(1 of 86) PTHR23155//PTHR23155:SF563 - LEUCINE-RICH REPEAT-CONTAINING PROTEIN // SUBFAMILY NOT NAMED,purple,NA,gene,GO:0043531,ADP binding,,,
Manes.10G141601.v8.1,Manes.10G141601,(1 of 86) PTHR23155//PTHR23155:SF563 - LEUCINE-RICH REPEAT-CONTAINING PROTEIN // SUBFAMILY NOT NAMED,purple,NA,gene,GO:0043531,ADP binding,,,
Manes.10G141651.v8.1,Manes.10G141651,(1 of 6) PTHR23155//PTHR23155:SF414 - LEUCINE-RICH REPEAT-CONTAINING PROTEIN // SUBFAMILY NOT NAMED,purple,NA,gene,GO:0043531,ADP binding,,,
Manes.10G141700.v8.1,Manes.10G141700,(1 of 86) PTHR23155//PTHR23155:SF563 - LEUCINE-RICH REPEAT-CONTAINING PROTEIN // SUBFAMILY NOT NAMED,purple,NA,gene,GO:0043531,ADP binding,,,
Manes.10G142050.v8.1,Manes.10G142050,,purple,NA,gene,,,,,
Manes.10G141900.v8.1,Manes.10G141900,(1 of 6) PTHR23155//PTHR23155:SF414 - LEUCINE-RICH REPEAT-CONTAINING PROTEIN // SUBFAMILY NOT NAMED,purple,NA,gene,GO:0043531,ADP binding,,,
Manes.10G142200.v8.1,Manes.10G142200,(1 of 86) PTHR23155//PTHR23155:SF563 - LEUCINE-RICH REPEAT-CONTAINING PROTEIN // SUBFAMILY NOT NAMED,purple,NA,gene,GO:0043531,ADP binding,,,
Manes.11G010500.v8.1,Manes.11G010500,(1 of 5) PTHR10688 - PWWP DOMAIN-CONTAINING PROTEIN,purple,NA,gene,,,,,(1 of 936) 2.7.11.1 - Non-specific serine/threonine protein kinase / Threonine-specific protein kinase
Manes.11G026600.v8.1,Manes.11G026600,(1 of 1) PTHR22850//PTHR22850:SF85 - WD40 REPEAT FAMILY // WD-40 REPEAT-CONTAINING PROTEIN MSI4-RELATED,purple,NA,gene,GO:0005515,protein binding,,,
Manes.11G049100.v8.1,Manes.11G049100,(1 of 19) K11251 - histone H2A (H2A),purple,NA,gene,GO:0000786 GO:0003677 GO:0005634,nucleosome; DNA binding; nucleus,,,histone H2A protein 9
Manes.11G057500.v8.1,Manes.11G057500,(1 of 7) K00759 - adenine phosphoribosyltransferase (APRT; apt),purple,NA,gene,GO:0009116,nucleoside metabolic process; adenine phosphoribosyltransferase activity; cytoplasm; adenine salvage,,,adenine phosphoribosyltransferase 5
Manes.11G060900.v8.1,Manes.11G060900,,purple,NA,gene,,,,,
Manes.11G078800.v8.1,Manes.11G078800,(1 of 16) PF02893 - GRAM domain (GRAM),purple,NA,gene,,,,,
Manes.11G085200.v8.1,Manes.11G085200,(1 of 13) PF14364 - Domain of unknown function (DUF4408) (DUF4408),purple,NA,gene,,,,,(1 of 11) PF14364 - Domain of unknown function (DUF4408) (DUF4408)
Manes.11G088451.v8.1,Manes.11G088451,(1 of 2) PTHR23070//PTHR23070:SF32 - BCS1 AAA-TYPE ATPASE // SUBFAMILY NOT NAMED,purple,NA,gene,GO:0005524,ATP binding,,,
Manes.11G084300.v8.1,Manes.11G084300,(1 of 2) PTHR23070//PTHR23070:SF32 - BCS1 AAA-TYPE ATPASE // SUBFAMILY NOT NAMED,purple,NA,gene,GO:0005524,ATP binding,,,
Manes.11G084400.v8.1,Manes.11G084400,(1 of 2) K13998 - dihydrofolate reductase / thymidylate synthase (DHFR-TS),purple,NA,gene,GO:0004146 GO:0004799 GO:0006231 GO:0006545 GO:0006730 GO:0009165 GO:0050661 GO:0055114,dihydrofolate reductase activity; thymidylate synthase activity; dTMP biosynthetic process; glycine biosynthetic process; one-carbon metabolic process; nucleotide biosynthetic process; NADP binding,PWY-6614; PWY-6612; PWY-7200; PWY-7199; PWY-3841; PWY-7211; PWY-7184; PWY-7210,tetrahydrofolate biosynthesis; superpathway of tetrahydrofolate biosynthesis; superpathway of pyrimidine deoxyribonucleoside salvage; pyrimidine deoxyribonucleosides salvage; folate transformations II; superpathway of pyrimidine deoxyribonucleotides <i>de novo</i> biosynthesis; pyrimidine deoxyribonucleotides <i>de novo</i> biosynthesis I; pyrimidine deoxyribonucleotides biosynthesis from CTP,thymidylate synthase 1
Manes.11G095500.v8.1,Manes.11G095500,(1 of 3) PTHR21576:SF17 - MAJOR FACILITATOR FAMILY PROTEIN,purple,NA,gene,,,,,Major facilitator superfamily protein
Manes.11G131600.v8.1,Manes.11G131600,(1 of 45) PF02701 - Dof domain; zinc finger (zf-Dof),purple,NA,gene,GO:0003677 GO:0006355,DNA binding; regulation of DNA-templated transcription,,,Dof-type zinc finger DNA-binding family protein
Manes.11G151500.v8.1,Manes.11G151500,(1 of 38) K08235 - xyloglucan:xyloglucosyl transferase (E2.4.1.207),purple,NA,gene,GO:0004553 GO:0005618 GO:0005975 GO:0006073 GO:0010411 GO:0016762 GO:0042546 GO:0048046,hydrolase activity, hydrolyzing O-glycosyl compounds; cell wall; carbohydrate metabolic process; xyloglucan metabolic process; xyloglucan:xyloglucosyl transferase activity; cell wall biogenesis; apoplast,,,xyloglucan endo-transglycosylase-related 8
Manes.12G007900.v8.1,Manes.12G007900,(1 of 2) PTHR23429//PTHR23429:SF3 - GLUCOSE-6-PHOSPHATE 1-DEHYDROGENASE  G6PD // GLUCOSE-6-PHOSPHATE 1-DEHYDROGENASE 2; CHLOROPLASTIC-RELATED,purple,NA,gene,GO:0004345 GO:0006006 GO:0050661 GO:0055114,glucose-6-phosphate dehydrogenase activity; glucose metabolic process; NADP binding,PENTOSE-P-PWY; OXIDATIVEPENT-PWY,pentose phosphate pathway; pentose phosphate pathway (oxidative branch),glucose-6-phosphate dehydrogenase 2
Manes.12G027700.v8.1,Manes.12G027700,(1 of 5) K17609 - nucleoredoxin [EC:1.8.1.8] (NXN),purple,NA,gene,GO:0016209 GO:0016491 GO:0047134 GO:0055114,antioxidant activity; oxidoreductase activity; protein-disulfide reductase (NAD(P)H) activity,,,
Manes.12G027800.v8.1,Manes.12G027800,(1 of 5) K17609 - nucleoredoxin [EC:1.8.1.8] (NXN),purple,NA,gene,GO:0016209 GO:0016491 GO:0047134 GO:0055114,antioxidant activity; oxidoreductase activity; protein-disulfide reductase (NAD(P)H) activity,,,DC1 domain-containing protein
Manes.12G028100.v8.1,Manes.12G028100,(1 of 2) PTHR32263//PTHR32263:SF8 - FAMILY NOT NAMED // INACTIVE POLY [ADP-RIBOSE] POLYMERASE SRO2-RELATED,purple,NA,gene,GO:0003950,NAD+-protein poly-ADP-ribosyltransferase activity,,,similar to RCD one 2
Manes.12G029366.v8.1,Manes.12G029366,(1 of 1) KOG2681 - Metal-dependent phosphohydrolase,purple,NA,gene,,,,,
Manes.12G049300.v8.1,Manes.12G049300,(1 of 1) PTHR14241//PTHR14241:SF10 - INTERFERON-INDUCED PROTEIN 44 // VON WILLEBRAND FACTOR A DOMAIN-CONTAINING PROTEIN DDB_G0292188,purple,NA,gene,,,,,P-loop containing nucleoside triphosphate hydrolases superfamily protein
Manes.12G049701.v8.1,Manes.12G049701,(1 of 12) 1.6.5.5 - NADPH:quinone reductase / Zeta-crystallin,purple,NA,gene,GO:0008270 GO:0016491 GO:0055114,zinc ion binding; oxidoreductase activity,,,Oxidoreductase, zinc-binding dehydrogenase family protein
Manes.12G069400.v8.1,Manes.12G069400,(1 of 51) KOG4172 - Predicted E3 ubiquitin ligase,purple,NA,gene,GO:0005515 GO:0008270,protein binding; zinc ion binding,,,
Manes.12G096000.v8.1,Manes.12G096000,(1 of 13) PTHR10992//PTHR10992:SF820 - ALPHA/BETA HYDROLASE FOLD-CONTAINING PROTEIN // METHYLESTERASE 1-RELATED,purple,NA,gene,,,,,methyl esterase 1
Manes.12G099300.v8.1,Manes.12G099300,(1 of 4) PTHR10891:SF568 - CALCIUM-BINDING PROTEIN CML41-RELATED,purple,NA,gene,GO:0005509,calcium ion binding,,,calmodulin-like 41
Manes.12G115700.v8.1,Manes.12G115700,(1 of 53) PF14009 - Domain of unknown function (DUF4228) (DUF4228),purple,NA,gene,,,,,(1 of 28) PF14009 - Domain of unknown function (DUF4228) (DUF4228)
Manes.12G118804.v8.1,Manes.12G118804,(1 of 2) PTHR31062:SF48 - XYLOGLUCAN ENDOTRANSGLUCOSYLASE/HYDROLASE PROTEIN 6-RELATED,purple,NA,gene,GO:0004553 GO:0005618 GO:0005975 GO:0006073 GO:0010411 GO:0016762 GO:0042546 GO:0048046,hydrolase activity, hydrolyzing O-glycosyl compounds; cell wall; carbohydrate metabolic process; xyloglucan metabolic process; xyloglucan:xyloglucosyl transferase activity; cell wall biogenesis; apoplast,,,xyloglucan endotransglucosylase/hydrolase 6
Manes.12G127600.v8.1,Manes.12G127600,,purple,NA,gene,,,,,
Manes.12G149600.v8.1,Manes.12G149600,(1 of 1) 1.14.13.113 - FAD-dependent urate hydroxylase / Urate hydroxylase,purple,NA,gene,,,,,
Manes.12G157400.v8.1,Manes.12G157400,(1 of 53) PF14416 - PMR5 N terminal Domain (PMR5N),purple,NA,gene,,,,,TRICHOME BIREFRINGENCE-LIKE 14
Manes.13G008500.v8.1,Manes.13G008500,(1 of 13) PF14364 - Domain of unknown function (DUF4408) (DUF4408),purple,NA,gene,,,,,(1 of 11) PF14364 - Domain of unknown function (DUF4408) (DUF4408)
Manes.13G028600.v8.1,Manes.13G028600,(1 of 2) PTHR31375:SF46 - PECTIN LYASE-LIKE PROTEIN,purple,NA,gene,GO:0004650 GO:0005975,polygalacturonase activity; carbohydrate metabolic process,PWY-1081,homogalacturonan degradation,Pectin lyase-like superfamily protein
Manes.13G029600.v8.1,Manes.13G029600,(1 of 2) PTHR32263:SF8 - INACTIVE POLY [ADP-RIBOSE] POLYMERASE SRO2-RELATED,purple,NA,gene,GO:0003950,NAD+-protein poly-ADP-ribosyltransferase activity,,,similar to RCD one 2
Manes.13G030800.v8.1,Manes.13G030800,(1 of 1) PTHR23257:SF353 - KINASE-LIKE PROTEIN,purple,NA,gene,GO:0004672 GO:0004713 GO:0005524 GO:0006468,protein kinase activity; protein tyrosine kinase activity; ATP binding; protein phosphorylation,,,
Manes.13G056600.v8.1,Manes.13G056600,(1 of 5) PTHR11926//PTHR11926:SF396 - GLUCOSYL/GLUCURONOSYL TRANSFERASES // UDP-GLYCOSYLTRANSFERASE 75B2,purple,NA,gene,GO:0008152 GO:0016758,metabolic process; hexosyltransferase activity,,,UDP-Glycosyltransferase superfamily protein
Manes.13G060600.v8.1,Manes.13G060600,(1 of 1) PTHR24096//PTHR24096:SF219 - FAMILY NOT NAMED // LONG CHAIN ACYL-COA SYNTHETASE 8,purple,NA,gene,GO:0003824 GO:0008152,catalytic activity; metabolic process,PWY-6733; PWY-1121; PWY-321; PWY-5136; PWY-561; PWY-5885; PWY-5989; PWY-5147; PWY-5971; PWY-5156; PWY-5143; PWY66-389; PWY-6803,sporopollenin precursors biosynthesis; suberin monomers biosynthesis; cutin biosynthesis; fatty acid &beta;-oxidation II (peroxisome); superpathway of glyoxylate cycle and fatty acid degradation; wax esters biosynthesis II; stearate biosynthesis II (bacteria and plants); oleate biosynthesis I (plants); palmitate biosynthesis II (bacteria and plants); superpathway of fatty acid biosynthesis II (plant); long-chain fatty acid activation; phytol degradation; phosphatidylcholine acyl editing,AMP-dependent synthetase and ligase family protein
Manes.13G061801.v8.1,Manes.13G061801,(1 of 3) PTHR11064//PTHR11064:SF27 - CCAAT-BINDING TRANSCRIPTION FACTOR-RELATED // NUCLEAR TRANSCRIPTION FACTOR Y SUBUNIT B-2-RELATED,purple,NA,gene,,,,,nuclear factor Y, subunit B3
Manes.13G124400.v8.1,Manes.13G124400,(1 of 12) PF07939 - Protein of unknown function (DUF1685) (DUF1685),purple,NA,gene,,,,,
Manes.13G135300.v8.1,Manes.13G135300,(1 of 4) PTHR10891//PTHR10891:SF568 - EF-HAND CALCIUM-BINDING DOMAIN CONTAINING PROTEIN // CALCIUM-BINDING PROTEIN CML41-RELATED,purple,NA,gene,GO:0005509,calcium ion binding,,,calmodulin-like 41
Manes.13G137100.v8.1,Manes.13G137100,(1 of 1) PTHR31636//PTHR31636:SF53 - FAMILY NOT NAMED // SCARECROW-LIKE PROTEIN 15,purple,NA,gene,,,,,GRAS family transcription factor
Manes.14G035200.v8.1,Manes.14G035200,(1 of 2) PTHR11709//PTHR11709:SF123 - MULTI-COPPER OXIDASE // MONOCOPPER OXIDASE-LIKE PROTEIN SKS1-RELATED,purple,NA,gene,GO:0005507 GO:0016491 GO:0055114,copper ion binding; oxidoreductase activity,,,SKU5 similar 1
Manes.14G035900.v8.1,Manes.14G035900,(1 of 3) 3.6.3.20 - Glycerol-3-phosphate-transporting ATPase,purple,NA,gene,GO:0005215 GO:0006810 GO:0016021 GO:0055085,transporter activity; transport; transmembrane transport,,,phosphate starvation-induced gene 3
Manes.14G071900.v8.1,Manes.14G071900,(1 of 4) PTHR12374//PTHR12374:SF26 - TRANSCRIPTIONAL ADAPTOR 2  ADA2 -RELATED // F25A4.19 PROTEIN,purple,NA,gene,,,,,Homeodomain-like superfamily protein
Manes.14G094500.v8.1,Manes.14G094500,(1 of 3) PF06880 - Protein of unknown function (DUF1262) (DUF1262),purple,NA,gene,,,,,Protein of unknown function (DUF1262)
Manes.14G099400.v8.1,Manes.14G099400,(1 of 5) PTHR15907:SF47 - PROTEIN PLANT CADMIUM RESISTANCE 11-RELATED,purple,NA,gene,,,,,PLAC8 family protein
Manes.14G103500.v8.1,Manes.14G103500,,purple,NA,gene,,,,,
Manes.14G136300.v8.1,Manes.14G136300,(1 of 2) K12200 - programmed cell death 6-interacting protein (PDCD6IP; ALIX; RIM20),purple,NA,gene,GO:0005515,protein binding,,,Endosomal targeting BRO1-like domain-containing protein
Manes.14G136021.v8.1,Manes.14G136021,,purple,NA,gene,,,,,
Manes.14G135300.v8.1,Manes.14G135300,,purple,NA,gene,,,,,(1 of 2) PTHR33782:SF1 - BY GENSCAN AND GENEFINDER-RELATED
Manes.14G133300.v8.1,Manes.14G133300,(1 of 4) PTHR26312//PTHR26312:SF75 - FAMILY NOT NAMED // F18B13.21 PROTEIN-RELATED,purple,NA,gene,GO:0005515,protein binding,,,Tetratricopeptide repeat (TPR)-like superfamily protein
Manes.14G115300.v8.1,Manes.14G115300,(1 of 2) PTHR22957:SF34 - TBC1 DOMAIN FAMILY MEMBER 25,purple,NA,gene,,,,,RabGAP/TBC domain-containing protein
Manes.14G117700.v8.1,Manes.14G117700,(1 of 4) K15289 - solute carrier family 35; member F5 (SLC35F5),purple,NA,gene,GO:0016020 GO:0016021,membrane,,,
Manes.14G119700.v8.1,Manes.14G119700,(1 of 1) KOG2561 - Adaptor protein NUB1; contains UBA domain,purple,NA,gene,GO:0005515,protein binding,,,ubiquitin-associated (UBA)/TS-N domain-containing protein
Manes.14G120700.v8.1,Manes.14G120700,,purple,NA,gene,,,,,(1 of 2) PTHR31414:SF1 - TRANSMEMBRANE PROTEIN DDB_G0292058
Manes.14G142200.v8.1,Manes.14G142200,(1 of 2) PTHR31422//PTHR31422:SF1 - FAMILY NOT NAMED // EXPRESSED PROTEIN,purple,NA,gene,,,,,Protein of unknown function, DUF593
Manes.14G162600.v8.1,Manes.14G162600,(1 of 16) K01537 - Ca2+-transporting ATPase (E3.6.3.8),purple,NA,gene,GO:0000166 GO:0005388 GO:0005516 GO:0005524 GO:0016020 GO:0016021 GO:0046872 GO:0070588,nucleotide binding; P-type calcium transporter activity; calmodulin binding; ATP binding; membrane; metal ion binding; calcium ion transmembrane transport,,,autoinhibited Ca(2+)-ATPase 10
Manes.14G172800.v8.1,Manes.14G172800,(1 of 2) PTHR12701//PTHR12701:SF20 - BCR-ASSOCIATED PROTEIN; BAP // GENOMIC DNA; CHROMOSOME 3; P1 CLONE: MIG5,purple,NA,gene,GO:0005783 GO:0006886 GO:0016021,endoplasmic reticulum; intracellular protein transport,,,B-cell receptor-associated 31-like
Manes.15G023100.v8.1,Manes.15G023100,(1 of 6) KOG3140 - Predicted membrane protein,purple,NA,gene,,,,,SNARE associated Golgi protein family
Manes.15G035200.v8.1,Manes.15G035200,(1 of 2) PTHR24343//PTHR24343:SF102 - SERINE/THREONINE KINASE // CBL-INTERACTING SERINE/THREONINE-PROTEIN KINASE 7,purple,NA,gene,GO:0004672 GO:0004713 GO:0005524 GO:0006468 GO:0007165,protein kinase activity; protein tyrosine kinase activity; ATP binding; protein phosphorylation; signal transduction,,,CBL-interacting protein kinase 4
Manes.15G038950.v8.1,Manes.15G038950,(1 of 2) PTHR10209//PTHR10209:SF135 - OXIDOREDUCTASE; 2OG-FE II  OXYGENASE FAMILY PROTEIN // SUBFAMILY NOT NAMED,purple,NA,gene,GO:0016491 GO:0055114,oxidoreductase activity,,,
Manes.15G053700.v8.1,Manes.15G053700,(1 of 21) PF04576 - Zein-binding (Zein-binding),purple,NA,gene,,,,,Protein of unknown function, DUF593
Manes.15G064100.v8.1,Manes.15G064100,(1 of 108) PF00168 - C2 domain (C2),purple,NA,gene,GO:0005515,protein binding,,,Calcium-dependent lipid-binding (CaLB domain) family protein
Manes.15G064400.v8.1,Manes.15G064400,(1 of 5) K08272 - calcium binding protein 39 (CAB39; MO25),purple,NA,gene,,,,,
Manes.15G101100.v8.1,Manes.15G101100,(1 of 4) PF02798//PF14497 - Glutathione S-transferase; N-terminal domain (GST_N) // Glutathione S-transferase; C-terminal domain (GST_C_3),purple,NA,gene,GO:0005515,protein binding,PWY-6842,glutathione-mediated detoxification II,glutathione S-transferase TAU 19
Manes.15G108200.v8.1,Manes.15G108200,(1 of 4) PTHR10641//PTHR10641:SF455 - MYB-LIKE DNA-BINDING PROTEIN MYB // SUBFAMILY NOT NAMED,purple,NA,gene,,,,,myb domain protein 5
Manes.15G128200.v8.1,Manes.15G128200,(1 of 5) PTHR24055//PTHR24055:SF211 - MITOGEN-ACTIVATED PROTEIN KINASE // MITOGEN-ACTIVATED PROTEIN KINASE 16-RELATED,purple,NA,gene,GO:0004672 GO:0004713 GO:0005524 GO:0006468 GO:0016020 GO:0016773,protein kinase activity; protein tyrosine kinase activity; ATP binding; protein phosphorylation; membrane; phosphotransferase activity, alcohol group as acceptor,,,
Manes.15G130600.v8.1,Manes.15G130600,(1 of 49) PF00407 - Pathogenesis-related protein Bet v I family (Bet_v_1),purple,NA,gene,GO:0006952 GO:0009607,defense response; response to biotic stimulus,,,MLP-like protein 31
Manes.15G139400.v8.1,Manes.15G139400,(1 of 11) PTHR11732:SF239 - ALDO/KETO REDUCTASE-RELATED,purple,NA,gene,GO:0016491 GO:0055114,oxidoreductase activity,,,
Manes.15G141200.v8.1,Manes.15G141200,(1 of 2) 3.1.21.7 - Deoxyribonuclease V / Escherichia coli endodeoxyribonuclease V,purple,NA,gene,GO:0004519 GO:0006281,endonuclease activity; DNA repair,,,endonuclease V family protein
Manes.15G155400.v8.1,Manes.15G155400,(1 of 1) PTHR34278//PTHR34278:SF1 - FAMILY NOT NAMED // GB|AAC02775.1,purple,NA,gene,,,,,(1 of 1) PTHR34278:SF1 - GB
Manes.15G161100.v8.1,Manes.15G161100,(1 of 2) PTHR11945//PTHR11945:SF176 - MADS BOX PROTEIN // PROTEIN AGAMOUS-LIKE 82,purple,NA,gene,GO:0003677 GO:0046983,DNA binding; protein dimerization activity,,,AGAMOUS-like 82
Manes.15G162100.v8.1,Manes.15G162100,(1 of 11) PF11820 - Protein of unknown function (DUF3339) (DUF3339),purple,NA,gene,,,,,Protein of unknown function (DUF 3339)
Manes.15G162300.v8.1,Manes.15G162300,(1 of 1) PTHR33128//PTHR33128:SF13 - FAMILY NOT NAMED // EMB|CAB62355.1,purple,NA,gene,,,,,Protein of unknown function (DUF 3339)
Manes.15G175500.v8.1,Manes.15G175500,(1 of 1) PTHR23070//PTHR23070:SF19 - BCS1 AAA-TYPE ATPASE // SUBFAMILY NOT NAMED,purple,NA,gene,GO:0005524,ATP binding,,,
Manes.15G192300.v8.1,Manes.15G192300,(1 of 2) PTHR31062//PTHR31062:SF16 - FAMILY NOT NAMED // XYLOGLUCAN ENDOTRANSGLUCOSYLASE/HYDROLASE PROTEIN 29-RELATED,purple,NA,gene,GO:0004553 GO:0005618 GO:0005975 GO:0006073 GO:0010411 GO:0016762 GO:0042546 GO:0048046,hydrolase activity, hydrolyzing O-glycosyl compounds; cell wall; carbohydrate metabolic process; xyloglucan metabolic process; xyloglucan:xyloglucosyl transferase activity; cell wall biogenesis; apoplast,,,xyloglucan endotransglucosylase/hydrolase 30
Manes.16G017100.v8.1,Manes.16G017100,(1 of 1) PTHR24115:SF464 - KINESIN-1-RELATED,purple,NA,gene,GO:0003777 GO:0005524 GO:0005871 GO:0007018 GO:0008017,microtubule motor activity; ATP binding; kinesin complex; microtubule-based movement; microtubule binding,,,kinesin 1
Manes.16G032500.v8.1,Manes.16G032500,(1 of 3) PTHR31079:SF5 - NAC DOMAIN CONTAINING PROTEIN 10,purple,NA,gene,GO:0003677 GO:0006355,DNA binding; regulation of DNA-templated transcription,,,NAC domain containing protein 10
Manes.16G048683.v8.1,Manes.16G048683,(1 of 2) PTHR22891:SF4 - PROTEIN ARGONAUTE 2-RELATED,purple,NA,gene,GO:0003676 GO:0005515,nucleic acid binding; protein binding,,,Argonaute family protein
Manes.16G066300.v8.1,Manes.16G066300,(1 of 2) K03978 - GTP-binding protein (engB),purple,NA,gene,GO:0000917 GO:0005525,division septum assembly; GTP binding,,,P-loop containing nucleoside triphosphate hydrolases superfamily protein
Manes.16G081200.v8.1,Manes.16G081200,(1 of 2) 1.14.19.3 - Acyl-CoA 6-desaturase / Long-chain fatty acid Delta(6)-desaturase,purple,NA,gene,GO:0006629 GO:0016021 GO:0016491,lipid metabolic process; oxidoreductase activity,PWY-7601; PWY-7606; PWY-7726,arachidonate biosynthesis IV (8-detaturase, lower eukaryotes); docosahexaenoate biosynthesis III (6-desaturase, mammals); (4Z,7Z,10Z,13Z,16Z)-docosa-4,7,10,13,16-pentaenoate biosynthesis (6-desaturase),
Manes.16G100000.v8.1,Manes.16G100000,(1 of 2) K11155 - diacylglycerol O-acyltransferase 1 (DGAT1),purple,NA,gene,GO:0004144 GO:0008374 GO:0019432,diacylglycerol O-acyltransferase activity; O-acyltransferase activity; triglyceride biosynthetic process,TRIGLSYN-PWY,diacylglycerol and triacylglycerol biosynthesis,membrane bound O-acyl transferase (MBOAT) family protein
Manes.16G103300.v8.1,Manes.16G103300,(1 of 4) PTHR12374//PTHR12374:SF19 - TRANSCRIPTIONAL ADAPTOR 2  ADA2 -RELATED // SUBFAMILY NOT NAMED,purple,NA,gene,GO:0003676 GO:0008270,nucleic acid binding; zinc ion binding,,,myb-like transcription factor family protein
Manes.16G121600.v8.1,Manes.16G121600,(1 of 3) PTHR18896//PTHR18896:SF11 - PHOSPHOLIPASE D // PHOSPHOLIPASE D ALPHA 1-RELATED,purple,NA,gene,GO:0003824 GO:0004630 GO:0005509 GO:0005515 GO:0016020 GO:0046470,catalytic activity; phospholipase D activity; calcium ion binding; protein binding; membrane; phosphatidylcholine metabolic process,PWY-7039; LIPASYN-PWY; PWY-3561,phosphatidate metabolism, as a signaling molecule; phospholipases; choline biosynthesis III,
Manes.16G130900.v8.1,Manes.16G130900,(1 of 2) KOG1766 - Enhancer of rudimentary,purple,NA,gene,GO:0006221 GO:0007049 GO:0045747,pyrimidine nucleotide biosynthetic process; cell cycle; positive regulation of Notch signaling pathway,,,enhancer of rudimentary protein, putative
Manes.16G133800.v8.1,Manes.16G133800,(1 of 10) K11855 - ubiquitin carboxyl-terminal hydrolase 36/42 [EC:3.4.19.12] (USP36_42),purple,NA,gene,,,,,ubiquitin-specific protease 19
Manes.17G009100.v8.1,Manes.17G009100,(1 of 2) 1.23.1.4 - (-)-lariciresinol reductase / Pinoresinol/lariciresinol reductase,purple,NA,gene,GO:0003824 GO:0050662,catalytic activity,PWY-6824; PWY-5466,justicidin B biosynthesis; matairesinol biosynthesis,pinoresinol reductase 1
Manes.17G029024.v8.1,Manes.17G029024,(1 of 6) PTHR24361:SF380 - MITOGEN-ACTIVATED PROTEIN KINASE KINASE KINASE 17-RELATED,purple,NA,gene,GO:0004672 GO:0004713 GO:0005524 GO:0006468,protein kinase activity; protein tyrosine kinase activity; ATP binding; protein phosphorylation,,,
Manes.17G031200.v8.1,Manes.17G031200,(1 of 7) K03809 - NAD(P)H dehydrogenase (quinone) (wrbA),purple,NA,gene,GO:0010181 GO:0016491 GO:0045892,FMN binding; oxidoreductase activity; negative regulation of DNA-templated transcription,PWY-7279,aerobic respiration II (cytochrome c) (yeast),
Manes.17G042633.v8.1,Manes.17G042633,(1 of 19) PF06749 - Protein of unknown function (DUF1218) (DUF1218),purple,NA,gene,,,,,Protein of unknown function (DUF1218)
Manes.17G045800.v8.1,Manes.17G045800,(1 of 2) K06027 - vesicle-fusing ATPase (NSF),purple,NA,gene,GO:0005524,ATP binding,,,AAA-type ATPase family protein
Manes.17G081800.v8.1,Manes.17G081800,(1 of 166) PF00646 - F-box domain (F-box),purple,NA,gene,GO:0005515,protein binding,,,RNI-like superfamily protein
Manes.17G088500.v8.1,Manes.17G088500,(1 of 599) PF13041 - PPR repeat family (PPR_2),purple,NA,gene,,,,,
Manes.17G099100.v8.1,Manes.17G099100,(1 of 9) PF05055 - Protein of unknown function (DUF677) (DUF677),purple,NA,gene,,,,,Protein of unknown function (DUF677)
Manes.18G008500.v8.1,Manes.18G008500,(1 of 3) PTHR13711//PTHR13711:SF202 - SWI/SNF-RELATED CHROMATIN BINDING PROTEIN // HIGH MOBILITY GROUP B PROTEIN 10-RELATED,purple,NA,gene,GO:0003677,DNA binding,,,HMG (high mobility group) box protein with ARID/BRIGHT DNA-binding domain
Manes.18G027300.v8.1,Manes.18G027300,(1 of 3) PTHR10996//PTHR10996:SF162 - 2-HYDROXYACID DEHYDROGENASE-RELATED // SUBFAMILY NOT NAMED,purple,NA,gene,,,,,Erythronate-4-phosphate dehydrogenase family protein
Manes.18G036400.v8.1,Manes.18G036400,(1 of 19) PTHR10891:SF592 - CALCIUM-BINDING PROTEIN CML38-RELATED,purple,NA,gene,GO:0005509,calcium ion binding,,,
Manes.18G036500.v8.1,Manes.18G036500,(1 of 28) PF13202 - EF hand (EF-hand_5),purple,NA,gene,GO:0005509,calcium ion binding,,,
Manes.18G041700.v8.1,Manes.18G041700,(1 of 3) 3.5.1.1 - Asparaginase / L-asparagine amidohydrolase,purple,NA,gene,GO:0016787,hydrolase activity,ASPARAGINE-DEG1-PWY,L-asparagine degradation I,N-terminal nucleophile aminohydrolases (Ntn hydrolases) superfamily protein
Manes.18G049100.v8.1,Manes.18G049100,(1 of 2) PTHR22952//PTHR22952:SF115 - CAMP-RESPONSE ELEMENT BINDING PROTEIN-RELATED // SUBFAMILY NOT NAMED,purple,NA,gene,GO:0003700 GO:0006355 GO:0043565,DNA-binding transcription factor activity; regulation of DNA-templated transcription; sequence-specific DNA binding,,,basic leucine-zipper 4
Manes.18G054150.v8.1,Manes.18G054150,(1 of 2) PTHR22952//PTHR22952:SF145 - CAMP-RESPONSE ELEMENT BINDING PROTEIN-RELATED // SUBFAMILY NOT NAMED,purple,NA,gene,GO:0006351 GO:0043565,DNA-templated transcription; sequence-specific DNA binding,,,transcription factor-related
Manes.18G059800.v8.1,Manes.18G059800,(1 of 2) PTHR31100:SF1 - AT-HOOK MOTIF NUCLEAR LOCALIZED PROTEIN 17-RELATED,purple,NA,gene,,,,,Predicted AT-hook DNA-binding family protein
Manes.18G077024.v8.1,Manes.18G077024,(1 of 6) PTHR32278:SF6 - F-BOX PROTEIN PP2-B1-RELATED,purple,NA,gene,GO:0005515,protein binding,,,F-box family protein
Manes.18G077300.v8.1,Manes.18G077300,(1 of 6) PTHR32278:SF6 - F-BOX PROTEIN PP2-B1-RELATED,purple,NA,gene,GO:0005515,protein binding,,,F-box family protein
Manes.18G084700.v8.1,Manes.18G084700,,purple,NA,gene,,,,,
Manes.18G097500.v8.1,Manes.18G097500,(1 of 2) PTHR12161:SF21 - REGULATOR OF VPS4 ACTIVITY IN THE MVB PATHWAY PROTEIN,purple,NA,gene,,,,,Regulator of Vps4 activity in the MVB pathway protein
Manes.18G099900.v8.1,Manes.18G099900,(1 of 17) 2.4.1.255 - Protein O-GlcNAc transferase / OGTase,purple,NA,gene,GO:0005515,protein binding,PWY-7437,protein <i>O</i>-[<i>N</i>-acetyl]-glucosylation,Tetratricopeptide repeat (TPR)-like superfamily protein
Manes.18G101100.v8.1,Manes.18G101100,(1 of 2) PTHR10795//PTHR10795:SF316 - PROPROTEIN CONVERTASE SUBTILISIN/KEXIN // SERINE PROTEASE-LIKE PROTEIN-RELATED,purple,NA,gene,,,,,Proteinase inhibitor, propeptide
Manes.18G107800.v8.1,Manes.18G107800,(1 of 5) PF00646//PF08268 - F-box domain (F-box) // F-box associated domain (FBA_3),purple,NA,gene,GO:0005515,protein binding,,,
Manes.18G108700.v8.1,Manes.18G108700,,purple,NA,gene,,,,,
Manes.18G113400.v8.1,Manes.18G113400,(1 of 270) PF13639 - Ring finger domain (zf-RING_2),purple,NA,gene,GO:0005515 GO:0008270,protein binding; zinc ion binding,,,
Manes.S095408.v8.1,Manes.S095408,(1 of 3) PTHR22939//PTHR22939:SF90 - SERINE PROTEASE FAMILY S1C HTRA-RELATED // SUBFAMILY NOT NAMED,purple,NA,gene,GO:0005515,protein binding,,,
Phytoene,Phytoene,NA,purple,carot,metabolite,NA,NA,NA,NA,NA
Phytofluene,Phytofluene,NA,purple,carot,metabolite,NA,NA,NA,NA,NA
Zeta.Carotene,Zeta.Carotene,NA,purple,carot,metabolite,NA,NA,NA,NA,NA
total_carotenoids,total_carotenoids,NA,purple,carot,metabolite,NA,NA,NA,NA,NA
Beta.Carotene,Beta.Carotene,NA,purple,carot,metabolite,NA,NA,NA,NA,NA
ratio_viola_bc,ratio_viola_bc,NA,purple,carot,metabolite,NA,NA,NA,NA,NA
