"Abbreviation","Best-hit-arabi-defline","bicor","class","colors","cor_direction","Description","gene_id","gene_metabolite","GO","GODescription","interaction_class","name","Pathways","Pathways_Desc","selected","shared name","source_class","sourceNode","target_class","targetNode"
"","",,"NA","purple","","(1 of 2) PTHR31062//PTHR31062:SF16 - FAMILY NOT NAMED // XYLOGLUCAN ENDOTRANSGLUCOSYLASE/HYDROLASE PROTEIN 29-RELATED","Manes.15G192300.v8.1","gene","GO:0004553 GO:0005618 GO:0005975 GO:0006073 GO:0010411 GO:0016762 GO:0042546 GO:0048046","hydrolase activity","","Manes.15G192300","hydrolyzing O-glycosyl compounds; cell wall; carbohydrate metabolic process; xyloglucan metabolic process; xyloglucan:xyloglucosyl transferase activity; cell wall biogenesis; apoplast","","false","Manes.15G192300","","",,""
"","PLAC8 family protein",,"NA","purple","","(1 of 5) PTHR15907:SF47 - PROTEIN PLANT CADMIUM RESISTANCE 11-RELATED","Manes.14G099400.v8.1","gene","","","","Manes.14G099400","","","false","Manes.14G099400","","",,""
"","",,"NA","purple","","(1 of 3) PTHR22939//PTHR22939:SF90 - SERINE PROTEASE FAMILY S1C HTRA-RELATED // SUBFAMILY NOT NAMED","Manes.S095408.v8.1","gene","GO:0005515","protein binding","","Manes.S095408","","","false","Manes.S095408","","",,""
"","",,"NA","purple","","(1 of 599) PF13041 - PPR repeat family (PPR_2)","Manes.17G088500.v8.1","gene","","","","Manes.17G088500","","","false","Manes.17G088500","","",,""
"","(1 of 28) PF14009 - Domain of unknown function (DUF4228) (DUF4228)",,"NA","purple","","(1 of 53) PF14009 - Domain of unknown function (DUF4228) (DUF4228)","Manes.12G115700.v8.1","gene","","","","Manes.12G115700","","","false","Manes.12G115700","","",,""
"","methyl esterase 1",,"NA","purple","","(1 of 13) PTHR10992//PTHR10992:SF820 - ALPHA/BETA HYDROLASE FOLD-CONTAINING PROTEIN // METHYLESTERASE 1-RELATED","Manes.12G096000.v8.1","gene","","","","Manes.12G096000","","","false","Manes.12G096000","","",,""
"","",,"NA","purple","","(1 of 1) PTHR19965//PTHR19965:SF31 - RNA AND EXPORT FACTOR BINDING PROTEIN // SUBFAMILY NOT NAMED","Manes.07G113400.v8.1","gene","GO:0003676","nucleic acid binding","","Manes.07G113400","","","false","Manes.07G113400","","",,""
"","(1 of 936) 2.7.11.1 - Non-specific serine/threonine protein kinase / Threonine-specific protein kinase",,"NA","purple","","(1 of 5) PTHR10688 - PWWP DOMAIN-CONTAINING PROTEIN","Manes.11G010500.v8.1","gene","","","","Manes.11G010500","","","false","Manes.11G010500","","",,""
"","",,"NA","purple","","(1 of 9) PF01439 - Metallothionein (Metallothio_2)","Manes.07G091300.v8.1","gene","GO:0046872","metal ion binding","","Manes.07G091300","","","false","Manes.07G091300","","",,""
"","",,"NA","purple","","","Manes.07G063671.v8.1","gene","","","","Manes.07G063671","","","false","Manes.07G063671","","",,""
"","",,"NA","purple","","(1 of 5) PTHR24055//PTHR24055:SF211 - MITOGEN-ACTIVATED PROTEIN KINASE // MITOGEN-ACTIVATED PROTEIN KINASE 16-RELATED","Manes.15G128200.v8.1","gene","GO:0004672 GO:0004713 GO:0005524 GO:0006468 GO:0016020 GO:0016773","protein kinase activity; protein tyrosine kinase activity; ATP binding; protein phosphorylation; membrane; phosphotransferase activity","","Manes.15G128200","alcohol group as acceptor","","false","Manes.15G128200","","",,""
"","Protein of unknown function",,"NA","purple","","(1 of 2) PTHR31448//PTHR31448:SF9 - FAMILY NOT NAMED // F14D16.14","Manes.06G098700.v8.1","gene","","","","Manes.06G098700","","","false","Manes.06G098700","","",,""
"","",,"NA","purple","","","Manes.05G157800.v8.1","gene","","","","Manes.05G157800","","","false","Manes.05G157800","","",,""
"","",,"NA","purple","","(1 of 3) K02727 - 20S proteasome subunit alpha 7 (PSMA3)","Manes.07G090500.v8.1","gene","GO:0004175 GO:0004298 GO:0005839 GO:0006511 GO:0019773 GO:0051603","endopeptidase activity; threonine-type endopeptidase activity; proteasome core complex; ubiquitin-dependent protein catabolic process; proteasome core complex","","Manes.07G090500","alpha-subunit complex; proteolysis involved in protein catabolic process","","false","Manes.07G090500","","",,""
"","",,"NA","purple","","(1 of 1569) 2.7.11.1 - Non-specific serine/threonine protein kinase / Threonine-specific protein kinase","Manes.04G126400.v8.1","gene","GO:0004672 GO:0004713 GO:0005524 GO:0006468","protein kinase activity; protein tyrosine kinase activity; ATP binding; protein phosphorylation","","Manes.04G126400","","","false","Manes.04G126400","","",,""
"","",,"NA","purple","","","Manes.14G103500.v8.1","gene","","","","Manes.14G103500","","","false","Manes.14G103500","","",,""
"","Protein of unknown function (DUF677)",,"NA","purple","","(1 of 9) PF05055 - Protein of unknown function (DUF677) (DUF677)","Manes.17G099100.v8.1","gene","","","","Manes.17G099100","","","false","Manes.17G099100","","",,""
"","MLP-like protein 31",,"NA","purple","","(1 of 49) PF00407 - Pathogenesis-related protein Bet v I family (Bet_v_1)","Manes.15G130600.v8.1","gene","GO:0006952 GO:0009607","defense response; response to biotic stimulus","","Manes.15G130600","","","false","Manes.15G130600","","",,""
"","Argonaute family protein",,"NA","purple","","(1 of 2) PTHR22891:SF4 - PROTEIN ARGONAUTE 2-RELATED","Manes.16G048683.v8.1","gene","GO:0003676 GO:0005515","nucleic acid binding; protein binding","","Manes.16G048683","","","false","Manes.16G048683","","",,""
"","Calcium-dependent lipid-binding (CaLB domain) family protein",,"NA","purple","","(1 of 108) PF00168 - C2 domain (C2)","Manes.15G064100.v8.1","gene","GO:0005515","protein binding","","Manes.15G064100","","","false","Manes.15G064100","","",,""
"","",,"NA","purple","","(1 of 7) 3.4.23.40 - Phytepsin","Manes.03G132100.v8.1","gene","GO:0004190 GO:0006508 GO:0006629","aspartic-type endopeptidase activity; proteolysis; lipid metabolic process","","Manes.03G132100","","","false","Manes.03G132100","","",,""
"","",,"NA","purple","","(1 of 1) PTHR10315//PTHR10315:SF45 - SEVEN IN ABSENTIA HOMOLOG // E3 UBIQUITIN-PROTEIN LIGASE","Manes.03G089500.v8.1","gene","GO:0005515 GO:0005634 GO:0006511 GO:0007275 GO:0008270","protein binding; nucleus; ubiquitin-dependent protein catabolic process; multicellular organism development; zinc ion binding","","Manes.03G089500","PWY-7511","protein ubiquitylation","false","Manes.03G089500","","",,""
"","20S proteasome beta subunit D1",,"NA","purple","","(1 of 3) K02734 - 20S proteasome subunit beta 4 (PSMB2)","Manes.03G175800.v8.1","gene","GO:0004298 GO:0005839 GO:0051603","threonine-type endopeptidase activity; proteasome core complex; proteolysis involved in protein catabolic process","","Manes.03G175800","","","false","Manes.03G175800","","",,""
"","",,"NA","purple","","(1 of 35) PTHR27002//PTHR27002:SF84 - FAMILY NOT NAMED // ATP BINDING / PROTEIN KINASE-RELATED","Manes.06G010675.v8.1","gene","GO:0004672 GO:0004674 GO:0004713 GO:0005515 GO:0005524 GO:0006468 GO:0048544","protein kinase activity; protein serine/threonine kinase activity; protein tyrosine kinase activity; protein binding; ATP binding; protein phosphorylation; recognition of pollen","","Manes.06G010675","","","false","Manes.06G010675","","",,""
"","Acyl-CoA N-acyltransferases (NAT) superfamily protein",,"NA","purple","","(1 of 1) PF14542 - GCN5-related N-acetyl-transferase (Acetyltransf_CG)","Manes.02G164300.v8.1","gene","","","","Manes.02G164300","","","false","Manes.02G164300","","",,""
"","adenine phosphoribosyltransferase 5",,"NA","purple","","(1 of 7) K00759 - adenine phosphoribosyltransferase (APRT; apt)","Manes.11G057500.v8.1","gene","GO:0009116","nucleoside metabolic process; adenine phosphoribosyltransferase activity; cytoplasm; adenine salvage","","Manes.11G057500","","","false","Manes.11G057500","","",,""
"","",,"NA","purple","","(1 of 1) PTHR31375:SF13 - PECTIN LYASE-LIKE PROTEIN","Manes.08G108800.v8.1","gene","","","","Manes.08G108800","PWY-1081","homogalacturonan degradation","false","Manes.08G108800","","",,""
"","CBL-interacting protein kinase 4",,"NA","purple","","(1 of 2) PTHR24343//PTHR24343:SF102 - SERINE/THREONINE KINASE // CBL-INTERACTING SERINE/THREONINE-PROTEIN KINASE 7","Manes.15G035200.v8.1","gene","GO:0004672 GO:0004713 GO:0005524 GO:0006468 GO:0007165","protein kinase activity; protein tyrosine kinase activity; ATP binding; protein phosphorylation; signal transduction","","Manes.15G035200","","","false","Manes.15G035200","","",,""
"","pectin methylesterase inhibitor 1",,"NA","purple","","(1 of 2) PTHR31080:SF2 - F23N19.14-RELATED","Manes.02G034700.v8.1","gene","GO:0004857","enzyme inhibitor activity","","Manes.02G034700","PWY-1081","homogalacturonan degradation","false","Manes.02G034700","","",,""
"","RNI-like superfamily protein",,"NA","purple","","(1 of 166) PF00646 - F-box domain (F-box)","Manes.17G081800.v8.1","gene","GO:0005515","protein binding","","Manes.17G081800","","","false","Manes.17G081800","","",,""
"","",,"NA","purple","","(1 of 2) PTHR31062:SF48 - XYLOGLUCAN ENDOTRANSGLUCOSYLASE/HYDROLASE PROTEIN 6-RELATED","Manes.12G118804.v8.1","gene","GO:0004553 GO:0005618 GO:0005975 GO:0006073 GO:0010411 GO:0016762 GO:0042546 GO:0048046","hydrolase activity","","Manes.12G118804","hydrolyzing O-glycosyl compounds; cell wall; carbohydrate metabolic process; xyloglucan metabolic process; xyloglucan:xyloglucosyl transferase activity; cell wall biogenesis; apoplast","","false","Manes.12G118804","","",,""
"","Protein of unknown function (DUF3741)",,"NA","purple","","(1 of 9) PTHR21726//PTHR21726:SF30 - PHOSPHATIDYLINOSITOL N-ACETYLGLUCOSAMINYLTRANSFERASE SUBUNIT P  DOWN SYNDROME CRITICAL REGION PROTEIN 5 -RELATED // PHOSPHATIDYLINOSITOL N-ACETYGLUCOSAMINLYTRANSFERASE SUBUNIT P-LIKE PROTEIN","Manes.02G019700.v8.1","gene","","","","Manes.02G019700","","","false","Manes.02G019700","","",,""
"","",,"NA","purple","","(1 of 1) PTHR23023//PTHR23023:SF98 - DIMETHYLANILINE MONOOXYGENASE // SUBFAMILY NOT NAMED","Manes.04G064632.v8.1","gene","GO:0004499 GO:0050660 GO:0050661 GO:0055114","N","","Manes.04G064632","N-dimethylaniline monooxygenase activity; flavin adenine dinucleotide binding; NADP binding","","false","Manes.04G064632","","",,""
"","nitrate transporter 1:2",,"NA","purple","","(1 of 5) PTHR11654//PTHR11654:SF98 - OLIGOPEPTIDE TRANSPORTER-RELATED // PROTEIN NRT1/ PTR FAMILY 4.5-RELATED","Manes.01G190700.v8.1","gene","GO:0005215 GO:0006810 GO:0016020","transporter activity; transport; membrane","","Manes.01G190700","","","false","Manes.01G190700","","",,""
"","Tetratricopeptide repeat (TPR)-like superfamily protein",,"NA","purple","","(1 of 4) PTHR26312//PTHR26312:SF75 - FAMILY NOT NAMED // F18B13.21 PROTEIN-RELATED","Manes.14G133300.v8.1","gene","GO:0005515","protein binding","","Manes.14G133300","","","false","Manes.14G133300","","",,""
"","Pectin lyase-like superfamily protein",,"NA","purple","","(1 of 2) PTHR31375:SF46 - PECTIN LYASE-LIKE PROTEIN","Manes.13G028600.v8.1","gene","GO:0004650 GO:0005975","polygalacturonase activity; carbohydrate metabolic process","","Manes.13G028600","PWY-1081","homogalacturonan degradation","false","Manes.13G028600","","",,""
"","histone H2A protein 9",,"NA","purple","","(1 of 19) K11251 - histone H2A (H2A)","Manes.11G049100.v8.1","gene","GO:0000786 GO:0003677 GO:0005634","nucleosome; DNA binding; nucleus","","Manes.11G049100","","","false","Manes.11G049100","","",,""
"","NAC domain containing protein 52",,"NA","purple","","(1 of 1) PTHR31989:SF29 - F18K10.6 PROTEIN-RELATED","Manes.10G052301.v8.1","gene","GO:0003677 GO:0006355","DNA binding; regulation of DNA-templated transcription","","Manes.10G052301","","","false","Manes.10G052301","","",,""
"","Galactose oxidase/kelch repeat superfamily protein",,"NA","purple","","(1 of 1) PTHR24412//PTHR24412:SF213 - FAMILY NOT NAMED // F-BOX/KELCH-REPEAT PROTEIN OR23","Manes.05G087000.v8.1","gene","GO:0005515","protein binding","","Manes.05G087000","","","false","Manes.05G087000","","",,""
"","pyruvate dehydrogenase and TCA cycle; TCA cycle II (plants and fungi); L-glutamine biosynthesis III; superpathway of glyoxylate cycle and fatty acid degradation",,"carb","purple","","(1 of 1) PTHR11670//PTHR11670:SF40 - ACONITASE // ACONITATE HYDRATASE 1","Manes.02G110200.v8.1","gene","GO:0008152","metabolic process","","Manes.02G110200","GLYOXYLATE-BYPASS; PWY-5464; PWY-5690; PWY-6549; PWY-561","glyoxylate cycle; superpathway of cytosolic glycolysis (plants)","false","Manes.02G110200","","",,""
"","non-yellowing 1",,"NA","purple","","(1 of 2) PTHR31750:SF4 - PROTEIN STAY-GREEN 1; CHLOROPLASTIC-RELATED","Manes.02G030000.v8.1","gene","","","","Manes.02G030000","","","false","Manes.02G030000","","",,""
"","thiaminC",,"NA","purple","","(1 of 2) 4.1.99.17 - Phosphomethylpyrimidine synthase","Manes.01G164200.v8.1","gene","GO:0009228 GO:0051536","thiamine biosynthetic process; iron-sulfur cluster binding","","Manes.01G164200","PWY-6890","4-amino-2-methyl-5-diphosphomethylpyrimidine biosynthesis","false","Manes.01G164200","","",,""
"","(1 of 2) PTHR31414:SF1 - TRANSMEMBRANE PROTEIN DDB_G0292058",,"NA","purple","","","Manes.14G120700.v8.1","gene","","","","Manes.14G120700","","","false","Manes.14G120700","","",,""
"","Tetratricopeptide repeat (TPR)-like superfamily protein",,"NA","purple","","(1 of 17) 2.4.1.255 - Protein O-GlcNAc transferase / OGTase","Manes.18G099900.v8.1","gene","GO:0005515","protein binding","","Manes.18G099900","PWY-7437","protein <i>O</i>-[<i>N</i>-acetyl]-glucosylation","false","Manes.18G099900","","",,""
"","kinesin 1",,"NA","purple","","(1 of 1) PTHR24115:SF464 - KINESIN-1-RELATED","Manes.16G017100.v8.1","gene","GO:0003777 GO:0005524 GO:0005871 GO:0007018 GO:0008017","microtubule motor activity; ATP binding; kinesin complex; microtubule-based movement; microtubule binding","","Manes.16G017100","","","false","Manes.16G017100","","",,""
"","SKU5 similar 1",,"NA","purple","","(1 of 2) PTHR11709//PTHR11709:SF123 - MULTI-COPPER OXIDASE // MONOCOPPER OXIDASE-LIKE PROTEIN SKS1-RELATED","Manes.14G035200.v8.1","gene","GO:0005507 GO:0016491 GO:0055114","copper ion binding; oxidoreductase activity","","Manes.14G035200","","","false","Manes.14G035200","","",,""
"","nuclear factor Y",,"NA","purple","","(1 of 3) PTHR11064//PTHR11064:SF27 - CCAAT-BINDING TRANSCRIPTION FACTOR-RELATED // NUCLEAR TRANSCRIPTION FACTOR Y SUBUNIT B-2-RELATED","Manes.13G061801.v8.1","gene","","","","Manes.13G061801","","","false","Manes.13G061801","","",,""
"","",,"NA","purple","","(1 of 38) K08235 - xyloglucan:xyloglucosyl transferase (E2.4.1.207)","Manes.11G151500.v8.1","gene","GO:0004553 GO:0005618 GO:0005975 GO:0006073 GO:0010411 GO:0016762 GO:0042546 GO:0048046","hydrolase activity","","Manes.11G151500","hydrolyzing O-glycosyl compounds; cell wall; carbohydrate metabolic process; xyloglucan metabolic process; xyloglucan:xyloglucosyl transferase activity; cell wall biogenesis; apoplast","","false","Manes.11G151500","","",,""
"","",,"NA","purple","","(1 of 2) PTHR23070//PTHR23070:SF32 - BCS1 AAA-TYPE ATPASE // SUBFAMILY NOT NAMED","Manes.11G084300.v8.1","gene","GO:0005524","ATP binding","","Manes.11G084300","","","false","Manes.11G084300","","",,""
"","Mitochondrial transcription termination factor family protein",,"NA","purple","","(1 of 7) PTHR13068:SF18 - EMB|CAB62602.1","Manes.10G066800.v8.1","gene","GO:0003690 GO:0005739 GO:0006355","double-stranded DNA binding; mitochondrion; regulation of DNA-templated transcription","","Manes.10G066800","","","false","Manes.10G066800","","",,""
"","",,"NA","purple","","(1 of 2) PTHR31956//PTHR31956:SF1 - FAMILY NOT NAMED // NON-SPECIFIC PHOSPHOLIPASE C3-RELATED","Manes.08G157900.v8.1","gene","GO:0016788","hydrolase activity","","Manes.08G157900","acting on ester bonds","","false","Manes.08G157900","","",,""
"","",,"NA","purple","","(1 of 2) PTHR22814//PTHR22814:SF94 - COPPER TRANSPORT PROTEIN ATOX1-RELATED // SUBFAMILY NOT NAMED","Manes.08G069932.v8.1","gene","GO:0030001 GO:0046872","metal ion transport; metal ion binding","","Manes.08G069932","","","false","Manes.08G069932","","",,""
"","Calcium-dependent lipid-binding (CaLB domain) family protein",,"NA","purple","","(1 of 1) PTHR32246:SF15 - CALCIUM-DEPENDENT LIPID-BINDING (CALB DOMAIN) FAMILY PROTEIN","Manes.07G141400.v8.1","gene","GO:0005515","protein binding","","Manes.07G141400","","","false","Manes.07G141400","","",,""
"","",,"NA","purple","","(1 of 4) PF02798//PF14497 - Glutathione S-transferase; N-terminal domain (GST_N) // Glutathione S-transferase; C-terminal domain (GST_C_3)","Manes.04G124200.v8.1","gene","GO:0005515","protein binding","","Manes.04G124200","PWY-6842","glutathione-mediated detoxification II","false","Manes.04G124200","","",,""
"","nodulin MtN21 /EamA-like transporter family protein",,"NA","purple","","(1 of 62) PF00892 - EamA-like transporter family (EamA)","Manes.04G059500.v8.1","gene","GO:0016020 GO:0016021 GO:0022857","membrane; transmembrane transporter activity","","Manes.04G059500","","","false","Manes.04G059500","","",,""
"","FRIGIDA-like protein",,"NA","purple","","(1 of 3) PTHR31791:SF2 - FRIGIDA-LIKE PROTEIN 4A-RELATED","Manes.03G178500.v8.1","gene","","","","Manes.03G178500","","","false","Manes.03G178500","","",,""
"","tryptophan synthase beta type 2",,"NA","purple","","(1 of 1) 4.2.1.122//4.2.1.20 - Tryptophan synthase (indole-salvaging) / Tryptophan synthase beta-2 // Tryptophan synthase / Tryptophan synthetase","Manes.02G064500.v8.1","gene","GO:0000162 GO:0004834 GO:0030170","tryptophan biosynthetic process; tryptophan synthase activity; pyridoxal phosphate binding","","Manes.02G064500","TRPSYN-PWY","L-tryptophan biosynthesis","false","Manes.02G064500","","",,""
"","",,"NA","purple","","(1 of 31) PF07714//PF11721 - Protein tyrosine kinase (Pkinase_Tyr) // Di-glucose binding within endoplasmic reticulum (Malectin)","Manes.02G057300.v8.1","gene","GO:0004672 GO:0004713 GO:0005524 GO:0006468","protein kinase activity; protein tyrosine kinase activity; ATP binding; protein phosphorylation","","Manes.02G057300","","","false","Manes.02G057300","","",,""
"","",,"NA","purple","","","Manes.18G108700.v8.1","gene","","","","Manes.18G108700","","","false","Manes.18G108700","","",,""
"","P-loop containing nucleoside triphosphate hydrolases superfamily protein",,"NA","purple","","(1 of 2) PTHR10887//PTHR10887:SF358 - DNA2/NAM7 HELICASE FAMILY // P-LOOP CONTAINING NUCLEOSIDE TRIPHOSPHATE HYDROLASES SUPERFAMILY PROTEIN","Manes.01G124900.v8.1","gene","","","","Manes.01G124900","","","false","Manes.01G124900","","",,""
"","protein kinase family protein / protein phosphatase 2C ( PP2C) family protein",,"NA","purple","","(1 of 1) PTHR23257:SF382 - PROTEIN KINASE AND PP2C-LIKE DOMAIN-CONTAINING PROTEIN","Manes.08G063732.v8.1","gene","GO:0003824 GO:0004672 GO:0004713 GO:0005524 GO:0006468","catalytic activity; protein kinase activity; protein tyrosine kinase activity; ATP binding; protein phosphorylation","","Manes.08G063732","","","false","Manes.08G063732","","",,""
"","copper-exporting ATPase / responsive-to-antagonist 1 / copper-transporting ATPase (RAN1)",,"NA","purple","","(1 of 5) 3.6.3.54 - Cu(+) exporting ATPase","Manes.03G074800.v8.1","gene","GO:0000166 GO:0005507 GO:0006812 GO:0016021 GO:0019829 GO:0030001 GO:0046872","nucleotide binding; copper ion binding; monoatomic cation transport; ATPase-coupled monoatomic cation transmembrane transporter activity; metal ion transport; metal ion binding","","Manes.03G074800","","","false","Manes.03G074800","","",,""
"","",,"NA","purple","","","Manes.01G085300.v8.1","gene","","","","Manes.01G085300","","","false","Manes.01G085300","","",,""
"","",,"NA","purple","","(1 of 31) PF07714//PF11721 - Protein tyrosine kinase (Pkinase_Tyr) // Di-glucose binding within endoplasmic reticulum (Malectin)","Manes.01G093700.v8.1","gene","GO:0004672 GO:0004713 GO:0005524 GO:0006468","protein kinase activity; protein tyrosine kinase activity; ATP binding; protein phosphorylation","","Manes.01G093700","","","false","Manes.01G093700","","",,""
"","CLAVATA3/ESR-RELATED 14",,"NA","purple","","","Manes.01G064900.v8.1","gene","","","","Manes.01G064900","","","false","Manes.01G064900","","",,""
"","",,"NA","purple","","(1 of 2) PTHR23070//PTHR23070:SF32 - BCS1 AAA-TYPE ATPASE // SUBFAMILY NOT NAMED","Manes.11G088451.v8.1","gene","GO:0005524","ATP binding","","Manes.11G088451","","","false","Manes.11G088451","","",,""
"","",,"NA","purple","","","Manes.10G142050.v8.1","gene","","","","Manes.10G142050","","","false","Manes.10G142050","","",,""
"","",,"NA","purple","","(1 of 59) PF13962 - Domain of unknown function (PGG)","Manes.05G056701.v8.1","gene","","","","Manes.05G056701","","","false","Manes.05G056701","","",,""
"","WRKY DNA-binding protein 48",,"NA","purple","","(1 of 2) PTHR31221//PTHR31221:SF13 - FAMILY NOT NAMED // WRKY TRANSCRIPTION FACTOR 48-RELATED","Manes.03G206400.v8.1","gene","GO:0003700 GO:0006355 GO:0043565","DNA-binding transcription factor activity; regulation of DNA-templated transcription; sequence-specific DNA binding","","Manes.03G206400","","","false","Manes.03G206400","","",,""
"","copper transporter 1",,"NA","purple","","(1 of 7) K14686 - solute carrier family 31 (copper transporter); member 1 (SLC31A1; CTR1)","Manes.02G125400.v8.1","gene","GO:0005375 GO:0016021 GO:0035434","copper ion transmembrane transporter activity; copper ion transmembrane transport","","Manes.02G125400","","","false","Manes.02G125400","","",,""
"","",,"NA","purple","","(1 of 6) PTHR24361:SF380 - MITOGEN-ACTIVATED PROTEIN KINASE KINASE KINASE 17-RELATED","Manes.17G029024.v8.1","gene","GO:0004672 GO:0004713 GO:0005524 GO:0006468","protein kinase activity; protein tyrosine kinase activity; ATP binding; protein phosphorylation","","Manes.17G029024","","","false","Manes.17G029024","","",,""
"","A20/AN1-like zinc finger family protein",,"NA","purple","","(1 of 14) PTHR10634 - AN1-TYPE ZINC FINGER PROTEIN","Manes.09G056602.v8.1","gene","GO:0003677 GO:0008270","DNA binding; zinc ion binding","","Manes.09G056602","","","false","Manes.09G056602","","",,""
"","Calcium-binding EF-hand family protein",,"NA","purple","","(1 of 44) K13448 - calcium-binding protein CML (CML)","Manes.09G009100.v8.1","gene","GO:0005509","calcium ion binding","","Manes.09G009100","","","false","Manes.09G009100","","",,""
"","",,"NA","purple","","","Manes.01G044200.v8.1","gene","","","","Manes.01G044200","","","false","Manes.01G044200","","",,""
"","Regulator of Vps4 activity in the MVB pathway protein",,"NA","purple","","(1 of 2) PTHR12161:SF21 - REGULATOR OF VPS4 ACTIVITY IN THE MVB PATHWAY PROTEIN","Manes.18G097500.v8.1","gene","","","","Manes.18G097500","","","false","Manes.18G097500","","",,""
"","",,"NA","purple","","(1 of 7) K03809 - NAD(P)H dehydrogenase (quinone) (wrbA)","Manes.17G031200.v8.1","gene","GO:0010181 GO:0016491 GO:0045892","FMN binding; oxidoreductase activity; negative regulation of DNA-templated transcription","","Manes.17G031200","PWY-7279","aerobic respiration II (cytochrome c) (yeast)","false","Manes.17G031200","","",,""
"","glutathione S-transferase TAU 19",,"NA","purple","","(1 of 4) PF02798//PF14497 - Glutathione S-transferase; N-terminal domain (GST_N) // Glutathione S-transferase; C-terminal domain (GST_C_3)","Manes.15G101100.v8.1","gene","GO:0005515","protein binding","","Manes.15G101100","PWY-6842","glutathione-mediated detoxification II","false","Manes.15G101100","","",,""
"","calmodulin-like 41",,"NA","purple","","(1 of 4) PTHR10891//PTHR10891:SF568 - EF-HAND CALCIUM-BINDING DOMAIN CONTAINING PROTEIN // CALCIUM-BINDING PROTEIN CML41-RELATED","Manes.13G135300.v8.1","gene","GO:0005509","calcium ion binding","","Manes.13G135300","","","false","Manes.13G135300","","",,""
"","AMP-dependent synthetase and ligase family protein",,"NA","purple","","(1 of 1) PTHR24096//PTHR24096:SF219 - FAMILY NOT NAMED // LONG CHAIN ACYL-COA SYNTHETASE 8","Manes.13G060600.v8.1","gene","GO:0003824 GO:0008152","catalytic activity; metabolic process","","Manes.13G060600","PWY-6733; PWY-1121; PWY-321; PWY-5136; PWY-561; PWY-5885; PWY-5989; PWY-5147; PWY-5971; PWY-5156; PWY-5143; PWY66-389; PWY-6803","sporopollenin precursors biosynthesis; suberin monomers biosynthesis; cutin biosynthesis; fatty acid &beta;-oxidation II (peroxisome); superpathway of glyoxylate cycle and fatty acid degradation; wax esters biosynthesis II; stearate biosynthesis II (bacteria and plants); oleate biosynthesis I (plants); palmitate biosynthesis II (bacteria and plants); superpathway of fatty acid biosynthesis II (plant); long-chain fatty acid activation; phytol degradation; phosphatidylcholine acyl editing","false","Manes.13G060600","","",,""
"","calmodulin-like 41",,"NA","purple","","(1 of 4) PTHR10891:SF568 - CALCIUM-BINDING PROTEIN CML41-RELATED","Manes.12G099300.v8.1","gene","GO:0005509","calcium ion binding","","Manes.12G099300","","","false","Manes.12G099300","","",,""
"","Major facilitator superfamily protein",,"NA","purple","","(1 of 3) PTHR21576:SF17 - MAJOR FACILITATOR FAMILY PROTEIN","Manes.11G095500.v8.1","gene","","","","Manes.11G095500","","","false","Manes.11G095500","","",,""
"","thymidylate synthase 1",,"NA","purple","","(1 of 2) K13998 - dihydrofolate reductase / thymidylate synthase (DHFR-TS)","Manes.11G084400.v8.1","gene","GO:0004146 GO:0004799 GO:0006231 GO:0006545 GO:0006730 GO:0009165 GO:0050661 GO:0055114","dihydrofolate reductase activity; thymidylate synthase activity; dTMP biosynthetic process; glycine biosynthetic process; one-carbon metabolic process; nucleotide biosynthetic process; NADP binding","","Manes.11G084400","PWY-6614; PWY-6612; PWY-7200; PWY-7199; PWY-3841; PWY-7211; PWY-7184; PWY-7210","tetrahydrofolate biosynthesis; superpathway of tetrahydrofolate biosynthesis; superpathway of pyrimidine deoxyribonucleoside salvage; pyrimidine deoxyribonucleosides salvage; folate transformations II; superpathway of pyrimidine deoxyribonucleotides <i>de novo</i> biosynthesis; pyrimidine deoxyribonucleotides <i>de novo</i> biosynthesis I; pyrimidine deoxyribonucleotides biosynthesis from CTP","false","Manes.11G084400","","",,""
"","",,"NA","purple","","(1 of 2) PTHR32227//PTHR32227:SF118 - FAMILY NOT NAMED // CARBOHYDRATE-BINDING X8 DOMAIN-CONTAINING PROTEIN","Manes.08G108000.v8.1","gene","GO:0004553 GO:0005975","hydrolase activity","","Manes.08G108000","hydrolyzing O-glycosyl compounds; carbohydrate metabolic process","","false","Manes.08G108000","","",,""
"","",,"NA","purple","","(1 of 21) PF01477 - PLAT/LH2 domain (PLAT)","Manes.04G114400.v8.1","gene","GO:0005515","protein binding","","Manes.04G114400","","","false","Manes.04G114400","","",,""
"","",,"NA","purple","","(1 of 74) PF00069//PF00560//PF08263//PF13855 - Protein kinase domain (Pkinase) // Leucine Rich Repeat (LRR_1) // Leucine rich repeat N-terminal domain (LRRNT_2) // Leucine rich repeat (LRR_8)","Manes.04G093900.v8.1","gene","GO:0004672 GO:0004713 GO:0005515 GO:0005524 GO:0006468","protein kinase activity; protein tyrosine kinase activity; protein binding; ATP binding; protein phosphorylation","","Manes.04G093900","","","false","Manes.04G093900","","",,""
"","heat shock transcription factor  C1",,"NA","purple","","(1 of 2) PTHR10015//PTHR10015:SF187 - HEAT SHOCK TRANSCRIPTION FACTOR // HEAT STRESS TRANSCRIPTION FACTOR C-1","Manes.03G020500.v8.1","gene","GO:0003700 GO:0005634 GO:0006355 GO:0043565","DNA-binding transcription factor activity; nucleus; regulation of DNA-templated transcription; sequence-specific DNA binding","","Manes.03G020500","","","false","Manes.03G020500","","",,""
"","putative protein kinase 1",,"NA","purple","","(1 of 2) K08866 - serine/threonine-protein kinase TTK/MPS1 (TTK; MPS1)","Manes.02G160000.v8.1","gene","GO:0004672 GO:0004712 GO:0004713 GO:0005524 GO:0006468 GO:0007093 GO:0051304","protein kinase activity; protein serine/threonine/tyrosine kinase activity; protein tyrosine kinase activity; ATP binding; protein phosphorylation; mitotic cell cycle checkpoint signaling; chromosome separation","","Manes.02G160000","","","false","Manes.02G160000","","",,""
"","Class I glutamine amidotransferase-like superfamily protein",,"NA","purple","","(1 of 2) 3.5.1.94 - Gamma-glutamyl-gamma-aminobutyrate hydrolase / Gamma-glutamyl-GABA hydrolase","Manes.02G070700.v8.1","gene","","","","Manes.02G070700","","","false","Manes.02G070700","","",,""
"","Protein of unknown function",,"NA","purple","","(1 of 2) PTHR31422//PTHR31422:SF1 - FAMILY NOT NAMED // EXPRESSED PROTEIN","Manes.14G142200.v8.1","gene","","","","Manes.14G142200","","","false","Manes.14G142200","","",,""
"","",,"NA","purple","","(1 of 86) PTHR23155//PTHR23155:SF563 - LEUCINE-RICH REPEAT-CONTAINING PROTEIN // SUBFAMILY NOT NAMED","Manes.10G141601.v8.1","gene","GO:0043531","ADP binding","","Manes.10G141601","","","false","Manes.10G141601","","",,""
"","",,"NA","purple","","(1 of 86) PTHR23155//PTHR23155:SF563 - LEUCINE-RICH REPEAT-CONTAINING PROTEIN // SUBFAMILY NOT NAMED","Manes.10G141533.v8.1","gene","GO:0043531","ADP binding","","Manes.10G141533","","","false","Manes.10G141533","","",,""
"","",,"NA","purple","","","Manes.02G032685.v8.1","gene","","","","Manes.02G032685","","","false","Manes.02G032685","","",,""
"TC","NA",,"carot","purple","","NA","total_carotenoids","metabolite","NA","NA","","total_carotenoids","NA","NA","false","total_carotenoids","","",,""
"phytofluene","NA",,"carot","purple","","NA","Phytofluene","metabolite","NA","NA","","Phytofluene","NA","NA","false","Phytofluene","","",,""
"phytoene","NA",,"carot","purple","","NA","Phytoene","metabolite","NA","NA","","Phytoene","NA","NA","false","Phytoene","","",,""
"","",,"NA","purple","","(1 of 270) PF13639 - Ring finger domain (zf-RING_2)","Manes.18G113400.v8.1","gene","GO:0005515 GO:0008270","protein binding; zinc ion binding","","Manes.18G113400","","","false","Manes.18G113400","","",,""
"","Predicted AT-hook DNA-binding family protein",,"NA","purple","","(1 of 2) PTHR31100:SF1 - AT-HOOK MOTIF NUCLEAR LOCALIZED PROTEIN 17-RELATED","Manes.18G059800.v8.1","gene","","","","Manes.18G059800","","","false","Manes.18G059800","","",,""
"","",,"NA","purple","","(1 of 28) PF13202 - EF hand (EF-hand_5)","Manes.18G036500.v8.1","gene","GO:0005509","calcium ion binding","","Manes.18G036500","","","false","Manes.18G036500","","",,""
"","pinoresinol reductase 1",,"NA","purple","","(1 of 2) 1.23.1.4 - (-)-lariciresinol reductase / Pinoresinol/lariciresinol reductase","Manes.17G009100.v8.1","gene","GO:0003824 GO:0050662","catalytic activity","","Manes.17G009100","PWY-6824; PWY-5466","justicidin B biosynthesis; matairesinol biosynthesis","false","Manes.17G009100","","",,""
"","myb-like transcription factor family protein",,"NA","purple","","(1 of 4) PTHR12374//PTHR12374:SF19 - TRANSCRIPTIONAL ADAPTOR 2  ADA2 -RELATED // SUBFAMILY NOT NAMED","Manes.16G103300.v8.1","gene","GO:0003676 GO:0008270","nucleic acid binding; zinc ion binding","","Manes.16G103300","","","false","Manes.16G103300","","",,""
"","membrane bound O-acyl transferase (MBOAT) family protein",,"NA","purple","","(1 of 2) K11155 - diacylglycerol O-acyltransferase 1 (DGAT1)","Manes.16G100000.v8.1","gene","GO:0004144 GO:0008374 GO:0019432","diacylglycerol O-acyltransferase activity; O-acyltransferase activity; triglyceride biosynthetic process","","Manes.16G100000","TRIGLSYN-PWY","diacylglycerol and triacylglycerol biosynthesis","false","Manes.16G100000","","",,""
"","",,"NA","purple","","(1 of 1) PTHR23070//PTHR23070:SF19 - BCS1 AAA-TYPE ATPASE // SUBFAMILY NOT NAMED","Manes.15G175500.v8.1","gene","GO:0005524","ATP binding","","Manes.15G175500","","","false","Manes.15G175500","","",,""
"","",,"NA","purple","","(1 of 5) K08272 - calcium binding protein 39 (CAB39; MO25)","Manes.15G064400.v8.1","gene","","","","Manes.15G064400","","","false","Manes.15G064400","","",,""
"","Protein of unknown function",,"NA","purple","","(1 of 21) PF04576 - Zein-binding (Zein-binding)","Manes.15G053700.v8.1","gene","","","","Manes.15G053700","","","false","Manes.15G053700","","",,""
"","",,"NA","purple","","(1 of 2) PTHR10209//PTHR10209:SF135 - OXIDOREDUCTASE; 2OG-FE II  OXYGENASE FAMILY PROTEIN // SUBFAMILY NOT NAMED","Manes.15G038950.v8.1","gene","GO:0016491 GO:0055114","oxidoreductase activity","","Manes.15G038950","","","false","Manes.15G038950","","",,""
"","Protein of unknown function (DUF1262)",,"NA","purple","","(1 of 3) PF06880 - Protein of unknown function (DUF1262) (DUF1262)","Manes.14G094500.v8.1","gene","","","","Manes.14G094500","","","false","Manes.14G094500","","",,""
"","Homeodomain-like superfamily protein",,"NA","purple","","(1 of 4) PTHR12374//PTHR12374:SF26 - TRANSCRIPTIONAL ADAPTOR 2  ADA2 -RELATED // F25A4.19 PROTEIN","Manes.14G071900.v8.1","gene","","","","Manes.14G071900","","","false","Manes.14G071900","","",,""
"","UDP-Glycosyltransferase superfamily protein",,"NA","purple","","(1 of 5) PTHR11926//PTHR11926:SF396 - GLUCOSYL/GLUCURONOSYL TRANSFERASES // UDP-GLYCOSYLTRANSFERASE 75B2","Manes.13G056600.v8.1","gene","GO:0008152 GO:0016758","metabolic process; hexosyltransferase activity","","Manes.13G056600","","","false","Manes.13G056600","","",,""
"","similar to RCD one 2",,"NA","purple","","(1 of 2) PTHR32263:SF8 - INACTIVE POLY [ADP-RIBOSE] POLYMERASE SRO2-RELATED","Manes.13G029600.v8.1","gene","GO:0003950","NAD+-protein poly-ADP-ribosyltransferase activity","","Manes.13G029600","","","false","Manes.13G029600","","",,""
"","TRICHOME BIREFRINGENCE-LIKE 14",,"NA","purple","","(1 of 53) PF14416 - PMR5 N terminal Domain (PMR5N)","Manes.12G157400.v8.1","gene","","","","Manes.12G157400","","","false","Manes.12G157400","","",,""
"","",,"NA","purple","","(1 of 1) 1.14.13.113 - FAD-dependent urate hydroxylase / Urate hydroxylase","Manes.12G149600.v8.1","gene","","","","Manes.12G149600","","","false","Manes.12G149600","","",,""
"","",,"NA","purple","","(1 of 51) KOG4172 - Predicted E3 ubiquitin ligase","Manes.12G069400.v8.1","gene","GO:0005515 GO:0008270","protein binding; zinc ion binding","","Manes.12G069400","","","false","Manes.12G069400","","",,""
"","Oxidoreductase",,"NA","purple","","(1 of 12) 1.6.5.5 - NADPH:quinone reductase / Zeta-crystallin","Manes.12G049701.v8.1","gene","GO:0008270 GO:0016491 GO:0055114","zinc ion binding; oxidoreductase activity","","Manes.12G049701","","","false","Manes.12G049701","","",,""
"","P-loop containing nucleoside triphosphate hydrolases superfamily protein",,"NA","purple","","(1 of 1) PTHR14241//PTHR14241:SF10 - INTERFERON-INDUCED PROTEIN 44 // VON WILLEBRAND FACTOR A DOMAIN-CONTAINING PROTEIN DDB_G0292188","Manes.12G049300.v8.1","gene","","","","Manes.12G049300","","","false","Manes.12G049300","","",,""
"","similar to RCD one 2",,"NA","purple","","(1 of 2) PTHR32263//PTHR32263:SF8 - FAMILY NOT NAMED // INACTIVE POLY [ADP-RIBOSE] POLYMERASE SRO2-RELATED","Manes.12G028100.v8.1","gene","GO:0003950","NAD+-protein poly-ADP-ribosyltransferase activity","","Manes.12G028100","","","false","Manes.12G028100","","",,""
"","Dof-type zinc finger DNA-binding family protein",,"NA","purple","","(1 of 45) PF02701 - Dof domain; zinc finger (zf-Dof)","Manes.11G131600.v8.1","gene","GO:0003677 GO:0006355","DNA binding; regulation of DNA-templated transcription","","Manes.11G131600","","","false","Manes.11G131600","","",,""
"","",,"NA","purple","","(1 of 16) PF02893 - GRAM domain (GRAM)","Manes.11G078800.v8.1","gene","","","","Manes.11G078800","","","false","Manes.11G078800","","",,""
"","",,"NA","purple","","(1 of 86) PTHR23155//PTHR23155:SF563 - LEUCINE-RICH REPEAT-CONTAINING PROTEIN // SUBFAMILY NOT NAMED","Manes.10G142200.v8.1","gene","GO:0043531","ADP binding","","Manes.10G142200","","","false","Manes.10G142200","","",,""
"","",,"NA","purple","","(1 of 86) PTHR23155//PTHR23155:SF563 - LEUCINE-RICH REPEAT-CONTAINING PROTEIN // SUBFAMILY NOT NAMED","Manes.10G141700.v8.1","gene","GO:0043531","ADP binding","","Manes.10G141700","","","false","Manes.10G141700","","",,""
"","",,"NA","purple","","(1 of 24) 2.4.1.324 - 7-deoxyloganetin glucosyltransferase / UGT85A24","Manes.10G105300.v8.1","gene","GO:0008152 GO:0016758","metabolic process; hexosyltransferase activity","","Manes.10G105300","","","false","Manes.10G105300","","",,""
"","Rubber elongation factor protein (REF)",,"NA","purple","","(1 of 5) PF05755 - Rubber elongation factor protein (REF) (REF)","Manes.09G170000.v8.1","gene","","","","Manes.09G170000","","","false","Manes.09G170000","","",,""
"","ARF GAP-like zinc finger-containing protein ZIGA4",,"NA","purple","","(1 of 2) PTHR23180:SF202 - ADP-RIBOSYLATION FACTOR GTPASE-ACTIVATING PROTEIN AGD14-RELATED","Manes.09G135500.v8.1","gene","GO:0005096","GTPase activator activity","","Manes.09G135500","","","false","Manes.09G135500","","",,""
"","zinc finger protein 8",,"NA","purple","","","Manes.09G038600.v8.1","gene","GO:0046872","metal ion binding","","Manes.09G038600","","","false","Manes.09G038600","","",,""
"","",,"NA","purple","","(1 of 2) PTHR32002:SF3 - PROTEIN NLP1-RELATED","Manes.07G059900.v8.1","gene","GO:0005515","protein binding","","Manes.07G059900","","","false","Manes.07G059900","","",,""
"","pyruvate dehydrogenase and TCA cycle; Rubisco shunt; glycolysis IV (plant cytosol); glycolysis III (from glucose); homolactic fermentation",,"carb","purple","","(1 of 2) PTHR11817//PTHR11817:SF21 - PYRUVATE KINASE // SUBFAMILY NOT NAMED","Manes.07G056100.v8.1","gene","GO:0000287 GO:0004743 GO:0006096 GO:0030955","magnesium ion binding; pyruvate kinase activity; glycolytic process; potassium ion binding","","Manes.07G056100","PWY-5464; PWY-5723; PWY-1042; ANAGLYCOLYSIS-PWY; ANAEROFRUCAT-PWY","superpathway of cytosolic glycolysis (plants)","false","Manes.07G056100","","",,""
"","",,"NA","purple","","(1 of 49) K09338 - homeobox-leucine zipper protein (HD-ZIP)","Manes.05G184800.v8.1","gene","GO:0003677 GO:0003700 GO:0006355 GO:0043565","DNA binding; DNA-binding transcription factor activity; regulation of DNA-templated transcription; sequence-specific DNA binding","","Manes.05G184800","","","false","Manes.05G184800","","",,""
"","alpha/beta-Hydrolases superfamily protein",,"NA","purple","","(1 of 2) PTHR21493//PTHR21493:SF104 - CGI-141-RELATED/LIPASE CONTAINING PROTEIN // SUBFAMILY NOT NAMED","Manes.05G174700.v8.1","gene","GO:0006629","lipid metabolic process","","Manes.05G174700","LIPAS-PWY","triacylglycerol degradation","false","Manes.05G174700","","",,""
"","",,"NA","purple","","(1 of 152) PF02365 - No apical meristem (NAM) protein (NAM)","Manes.05G163200.v8.1","gene","GO:0003677 GO:0006355","DNA binding; regulation of DNA-templated transcription","","Manes.05G163200","","","false","Manes.05G163200","","",,""
"","ubiquitin-conjugating enzyme 18",,"NA","purple","","(1 of 1) PTHR24067:SF125 - UBIQUITIN-CONJUGATING ENZYME E2 18-RELATED","Manes.05G154600.v8.1","gene","","","","Manes.05G154600","PWY-7511","protein ubiquitylation","false","Manes.05G154600","","",,""
"","SET domain protein 25",,"NA","purple","","(1 of 1) PTHR22884//PTHR22884:SF295 - SET DOMAIN PROTEINS // HISTONE-LYSINE N-METHYLTRANSFERASE SETD1A","Manes.05G113300.v8.1","gene","GO:0005515","protein binding","","Manes.05G113300","","","false","Manes.05G113300","","",,""
"","",,"NA","purple","","(1 of 4) PTHR22814:SF75 - HEAVY METAL TRANSPORT/DETOXIFICATION DOMAIN-CONTAINING PROTEIN","Manes.05G064600.v8.1","gene","GO:0030001 GO:0046872","metal ion transport; metal ion binding","","Manes.05G064600","","","false","Manes.05G064600","","",,""
"","Regulator of Vps4 activity in the MVB pathway protein",,"NA","purple","","(1 of 3) PTHR12161//PTHR12161:SF14 - UNCHARACTERIZED DUF292 // REGULATOR OF VPS4","Manes.04G124400.v8.1","gene","","","","Manes.04G124400","","","false","Manes.04G124400","","",,""
"","",,"NA","purple","","(1 of 3) K17302 - coatomer; subunit beta' (COPB2; SEC27)","Manes.04G122700.v8.1","gene","GO:0005515","protein binding","","Manes.04G122700","","","false","Manes.04G122700","","",,""
"","Dof-type zinc finger DNA-binding family protein",,"NA","purple","","(1 of 45) PF02701 - Dof domain; zinc finger (zf-Dof)","Manes.04G033900.v8.1","gene","GO:0003677 GO:0006355","DNA binding; regulation of DNA-templated transcription","","Manes.04G033900","","","false","Manes.04G033900","","",,""
"","auxin-induced protein 13",,"NA","purple","","(1 of 4) PTHR31734:SF6 - AUXIN-RESPONSIVE PROTEIN IAA10-RELATED","Manes.03G158300.v8.1","gene","GO:0005634 GO:0006355","nucleus; regulation of DNA-templated transcription","","Manes.03G158300","","","false","Manes.03G158300","","",,""
"","",,"NA","purple","","(1 of 44) PF03140 - Plant protein of unknown function (DUF247)","Manes.03G150800.v8.1","gene","","","","Manes.03G150800","","","false","Manes.03G150800","","",,""
"","TRICHOME BIREFRINGENCE-LIKE 41",,"NA","purple","","(1 of 1) PTHR32285:SF58 - PROTEIN TRICHOME BIREFRINGENCE-LIKE 41","Manes.03G092500.v8.1","gene","","","","Manes.03G092500","","","false","Manes.03G092500","","",,""
"","Protein kinase superfamily protein",,"NA","purple","","(1 of 1569) 2.7.11.1 - Non-specific serine/threonine protein kinase / Threonine-specific protein kinase","Manes.03G086600.v8.1","gene","GO:0004672 GO:0004713 GO:0005524 GO:0006468","protein kinase activity; protein tyrosine kinase activity; ATP binding; protein phosphorylation","","Manes.03G086600","","","false","Manes.03G086600","","",,""
"","(1 of 1) PTHR34282:SF2 - GENOMIC DNA",,"NA","purple","","(1 of 2) PTHR34282//PTHR34282:SF2 - FAMILY NOT NAMED // GENOMIC DNA; CHROMOSOME 3; P1 CLONE:MSD24","Manes.03G022200.v8.1","gene","","","","Manes.03G022200","","","false","Manes.03G022200","","",,""
"","",,"NA","purple","","(1 of 32) PF00083 - Sugar (and other) transporter (Sugar_tr)","Manes.03G021100.v8.1","gene","GO:0016020 GO:0016021 GO:0022857 GO:0022891 GO:0055085","membrane; transmembrane transporter activity; transmembrane transport","","Manes.03G021100","","","false","Manes.03G021100","","",,""
"","Pyridoxal phosphate (PLP)-dependent transferases superfamily protein",,"NA","purple","","(1 of 2) K01590 - histidine decarboxylase (hdc; HDC)","Manes.02G177900.v8.1","gene","GO:0016831 GO:0019752 GO:0030170","carboxy-lyase activity; carboxylic acid metabolic process; pyridoxal phosphate binding","","Manes.02G177900","","","false","Manes.02G177900","","",,""
"","beta-tonoplast intrinsic protein",,"NA","purple","","(1 of 3) PTHR19139//PTHR19139:SF30 - AQUAPORIN TRANSPORTER // AQUAPORIN TIP3-1-RELATED","Manes.02G118300.v8.1","gene","GO:0005215 GO:0006810 GO:0016020","transporter activity; transport; membrane","","Manes.02G118300","","","false","Manes.02G118300","","",,""
"","SEC14 cytosolic factor family protein / phosphoglyceride transfer family protein",,"NA","purple","","(1 of 2) PTHR11106//PTHR11106:SF58 - GANGLIOSIDE INDUCED DIFFERENTIATION ASSOCIATED PROTEIN 2-RELATED // SUBFAMILY NOT NAMED","Manes.02G111300.v8.1","gene","","","","Manes.02G111300","","","false","Manes.02G111300","","",,""
"","",,"NA","purple","","(1 of 4) PTHR12565//PTHR12565:SF128 - STEROL REGULATORY ELEMENT-BINDING PROTEIN // TRANSCRIPTION FACTOR BHLH75","Manes.02G068800.v8.1","gene","GO:0046983","protein dimerization activity","","Manes.02G068800","","","false","Manes.02G068800","","",,""
"","PLC-like phosphodiesterases superfamily protein",,"NA","purple","","(1 of 4) PTHR13593//PTHR13593:SF46 - UNCHARACTERIZED // F21F23.12 PROTEIN","Manes.02G058400.v8.1","gene","","","","Manes.02G058400","","","false","Manes.02G058400","","",,""
"","",,"NA","purple","","","Manes.02G057200.v8.1","gene","","","","Manes.02G057200","","","false","Manes.02G057200","","",,""
"","beta vacuolar processing enzyme",,"NA","purple","","(1 of 2) PTHR12000//PTHR12000:SF16 - HEMOGLOBINASE FAMILY MEMBER // SUBFAMILY NOT NAMED","Manes.02G035300.v8.1","gene","GO:0006508 GO:0008233","proteolysis; peptidase activity","","Manes.02G035300","","","false","Manes.02G035300","","",,""
"","",,"NA","purple","","","Manes.02G034600.v8.1","gene","","","","Manes.02G034600","","","false","Manes.02G034600","","",,""
"","",,"NA","purple","","(1 of 2) KOG0490 - Transcription factor; contains HOX domain","Manes.01G191500.v8.1","gene","GO:0003677 GO:0003700 GO:0006355 GO:0043565","DNA binding; DNA-binding transcription factor activity; regulation of DNA-templated transcription; sequence-specific DNA binding","","Manes.01G191500","","","false","Manes.01G191500","","",,""
"","triacylglycerol degradation",,"NA","purple","","(1 of 6) PTHR22835//PTHR22835:SF184 - ZINC FINGER FYVE DOMAIN CONTAINING PROTEIN // GDSL ESTERASE/LIPASE EXL1-RELATED","Manes.01G149000.v8.1","gene","GO:0016788","hydrolase activity","","Manes.01G149000","acting on ester bonds","LIPAS-PWY","false","Manes.01G149000","","",,""
"","BAX inhibitor 1",,"NA","purple","","(1 of 2) PTHR23291:SF34 - BAX INHIBITOR 1","Manes.01G087400.v8.1","gene","","","","Manes.01G087400","","","false","Manes.01G087400","","",,""
"","",,"NA","purple","","(1 of 2) PTHR10996:SF131 - GLYOXYLATE/HYDROXYPYRUVATE REDUCTASE HPR3","Manes.01G070300.v8.1","gene","GO:0004616 GO:0008152 GO:0016616 GO:0051287 GO:0055114","phosphogluconate dehydrogenase (decarboxylating) activity; metabolic process; oxidoreductase activity","","Manes.01G070300","acting on the CH-OH group of donors","NAD or NADP as acceptor; NAD binding","false","Manes.01G070300","","",,""
"","Late embryogenesis abundant (LEA) hydroxyproline-rich glycoprotein family",,"NA","purple","","(1 of 67) PF03168 - Late embryogenesis abundant protein (LEA_2)","Manes.01G051530.v8.1","gene","","","","Manes.01G051530","","","false","Manes.01G051530","","",,""
"","(1 of 2) PTHR35485:SF1 - EXPRESSED PROTEIN",,"NA","purple","","(1 of 2) PTHR35485:SF1 - EXPRESSED PROTEIN","Manes.01G009800.v8.1","gene","","","","Manes.01G009800","","","false","Manes.01G009800","","",,""
"Viola/BC","NA",,"carot","purple","","NA","ratio_viola_bc","metabolite","NA","NA","","ratio_viola_bc","NA","NA","false","ratio_viola_bc","","",,""
"b-carotene","NA",,"carot","purple","","NA","Beta.Carotene","metabolite","NA","NA","","Beta.Carotene","NA","NA","false","Beta.Carotene","","",,""
"z-carotene","NA",,"carot","purple","","NA","Zeta.Carotene","metabolite","NA","NA","","Zeta.Carotene","NA","NA","false","Zeta.Carotene","","",,""
"","",,"NA","purple","","(1 of 5) PF00646//PF08268 - F-box domain (F-box) // F-box associated domain (FBA_3)","Manes.18G107800.v8.1","gene","GO:0005515","protein binding","","Manes.18G107800","","","false","Manes.18G107800","","",,""
"SProtease","Proteinase inhibitor",,"NA","purple","","(1 of 2) PTHR10795//PTHR10795:SF316 - PROPROTEIN CONVERTASE SUBTILISIN/KEXIN // SERINE PROTEASE-LIKE PROTEIN-RELATED","Manes.18G101100.v8.1","gene","","","","Manes.18G101100","","","false","Manes.18G101100","","",,""
"","",,"NA","purple","","","Manes.18G084700.v8.1","gene","","","","Manes.18G084700","","","false","Manes.18G084700","","",,""
"","F-box family protein",,"NA","purple","","(1 of 6) PTHR32278:SF6 - F-BOX PROTEIN PP2-B1-RELATED","Manes.18G077300.v8.1","gene","GO:0005515","protein binding","","Manes.18G077300","","","false","Manes.18G077300","","",,""
"","F-box family protein",,"NA","purple","","(1 of 6) PTHR32278:SF6 - F-BOX PROTEIN PP2-B1-RELATED","Manes.18G077024.v8.1","gene","GO:0005515","protein binding","","Manes.18G077024","","","false","Manes.18G077024","","",,""
"","transcription factor-related",,"NA","purple","","(1 of 2) PTHR22952//PTHR22952:SF145 - CAMP-RESPONSE ELEMENT BINDING PROTEIN-RELATED // SUBFAMILY NOT NAMED","Manes.18G054150.v8.1","gene","GO:0006351 GO:0043565","DNA-templated transcription; sequence-specific DNA binding","","Manes.18G054150","","","false","Manes.18G054150","","",,""
"","basic leucine-zipper 4",,"NA","purple","","(1 of 2) PTHR22952//PTHR22952:SF115 - CAMP-RESPONSE ELEMENT BINDING PROTEIN-RELATED // SUBFAMILY NOT NAMED","Manes.18G049100.v8.1","gene","GO:0003700 GO:0006355 GO:0043565","DNA-binding transcription factor activity; regulation of DNA-templated transcription; sequence-specific DNA binding","","Manes.18G049100","","","false","Manes.18G049100","","",,""
"","N-terminal nucleophile aminohydrolases (Ntn hydrolases) superfamily protein",,"NA","purple","","(1 of 3) 3.5.1.1 - Asparaginase / L-asparagine amidohydrolase","Manes.18G041700.v8.1","gene","GO:0016787","hydrolase activity","","Manes.18G041700","ASPARAGINE-DEG1-PWY","L-asparagine degradation I","false","Manes.18G041700","","",,""
"","Erythronate-4-phosphate dehydrogenase family protein",,"NA","purple","","(1 of 3) PTHR10996//PTHR10996:SF162 - 2-HYDROXYACID DEHYDROGENASE-RELATED // SUBFAMILY NOT NAMED","Manes.18G027300.v8.1","gene","","","","Manes.18G027300","","","false","Manes.18G027300","","",,""
"","AAA-type ATPase family protein",,"NA","purple","","(1 of 2) K06027 - vesicle-fusing ATPase (NSF)","Manes.17G045800.v8.1","gene","GO:0005524","ATP binding","","Manes.17G045800","","","false","Manes.17G045800","","",,""
"","Protein of unknown function (DUF1218)",,"NA","purple","","(1 of 19) PF06749 - Protein of unknown function (DUF1218) (DUF1218)","Manes.17G042633.v8.1","gene","","","","Manes.17G042633","","","false","Manes.17G042633","","",,""
"","ubiquitin-specific protease 19",,"NA","purple","","(1 of 10) K11855 - ubiquitin carboxyl-terminal hydrolase 36/42 [EC:3.4.19.12] (USP36_42)","Manes.16G133800.v8.1","gene","","","","Manes.16G133800","","","false","Manes.16G133800","","",,""
"EofR","enhancer of rudimentary protein",,"NA","purple","","(1 of 2) KOG1766 - Enhancer of rudimentary","Manes.16G130900.v8.1","gene","GO:0006221 GO:0007049 GO:0045747","pyrimidine nucleotide biosynthetic process; cell cycle; positive regulation of Notch signaling pathway","","Manes.16G130900","","","false","Manes.16G130900","","",,""
"","as a signaling molecule; phospholipases; choline biosynthesis III",,"NA","purple","","(1 of 3) PTHR18896//PTHR18896:SF11 - PHOSPHOLIPASE D // PHOSPHOLIPASE D ALPHA 1-RELATED","Manes.16G121600.v8.1","gene","GO:0003824 GO:0004630 GO:0005509 GO:0005515 GO:0016020 GO:0046470","catalytic activity; phospholipase D activity; calcium ion binding; protein binding; membrane; phosphatidylcholine metabolic process","","Manes.16G121600","PWY-7039; LIPASYN-PWY; PWY-3561","phosphatidate metabolism","false","Manes.16G121600","","",,""
"","lower eukaryotes); docosahexaenoate biosynthesis III (6-desaturase",,"NA","purple","","(1 of 2) 1.14.19.3 - Acyl-CoA 6-desaturase / Long-chain fatty acid Delta(6)-desaturase","Manes.16G081200.v8.1","gene","GO:0006629 GO:0016021 GO:0016491","lipid metabolic process; oxidoreductase activity","","Manes.16G081200","PWY-7601; PWY-7606; PWY-7726","arachidonate biosynthesis IV (8-detaturase","false","Manes.16G081200","","",,""
"","NAC domain containing protein 10",,"NA","purple","","(1 of 3) PTHR31079:SF5 - NAC DOMAIN CONTAINING PROTEIN 10","Manes.16G032500.v8.1","gene","GO:0003677 GO:0006355","DNA binding; regulation of DNA-templated transcription","","Manes.16G032500","","","false","Manes.16G032500","","",,""
"","Protein of unknown function (DUF 3339)",,"NA","purple","","(1 of 1) PTHR33128//PTHR33128:SF13 - FAMILY NOT NAMED // EMB|CAB62355.1","Manes.15G162300.v8.1","gene","","","","Manes.15G162300","","","false","Manes.15G162300","","",,""
"","Protein of unknown function (DUF 3339)",,"NA","purple","","(1 of 11) PF11820 - Protein of unknown function (DUF3339) (DUF3339)","Manes.15G162100.v8.1","gene","","","","Manes.15G162100","","","false","Manes.15G162100","","",,""
"","(1 of 1) PTHR34278:SF1 - GB",,"NA","purple","","(1 of 1) PTHR34278//PTHR34278:SF1 - FAMILY NOT NAMED // GB|AAC02775.1","Manes.15G155400.v8.1","gene","","","","Manes.15G155400","","","false","Manes.15G155400","","",,""
"","endonuclease V family protein",,"NA","purple","","(1 of 2) 3.1.21.7 - Deoxyribonuclease V / Escherichia coli endodeoxyribonuclease V","Manes.15G141200.v8.1","gene","GO:0004519 GO:0006281","endonuclease activity; DNA repair","","Manes.15G141200","","","false","Manes.15G141200","","",,""
"","",,"NA","purple","","(1 of 11) PTHR11732:SF239 - ALDO/KETO REDUCTASE-RELATED","Manes.15G139400.v8.1","gene","GO:0016491 GO:0055114","oxidoreductase activity","","Manes.15G139400","","","false","Manes.15G139400","","",,""
"","myb domain protein 5",,"NA","purple","","(1 of 4) PTHR10641//PTHR10641:SF455 - MYB-LIKE DNA-BINDING PROTEIN MYB // SUBFAMILY NOT NAMED","Manes.15G108200.v8.1","gene","","","","Manes.15G108200","","","false","Manes.15G108200","","",,""
"","SNARE associated Golgi protein family",,"NA","purple","","(1 of 6) KOG3140 - Predicted membrane protein","Manes.15G023100.v8.1","gene","","","","Manes.15G023100","","","false","Manes.15G023100","","",,""
"BAP","B-cell receptor-associated 31-like",,"NA","purple","","(1 of 2) PTHR12701//PTHR12701:SF20 - BCR-ASSOCIATED PROTEIN; BAP // GENOMIC DNA; CHROMOSOME 3; P1 CLONE: MIG5","Manes.14G172800.v8.1","gene","GO:0005783 GO:0006886 GO:0016021","endoplasmic reticulum; intracellular protein transport","","Manes.14G172800","","","false","Manes.14G172800","","",,""
"","autoinhibited Ca(2+)-ATPase 10",,"NA","purple","","(1 of 16) K01537 - Ca2+-transporting ATPase (E3.6.3.8)","Manes.14G162600.v8.1","gene","GO:0000166 GO:0005388 GO:0005516 GO:0005524 GO:0016020 GO:0016021 GO:0046872 GO:0070588","nucleotide binding; P-type calcium transporter activity; calmodulin binding; ATP binding; membrane; metal ion binding; calcium ion transmembrane transport","","Manes.14G162600","","","false","Manes.14G162600","","",,""
"","ubiquitin-associated (UBA)/TS-N domain-containing protein",,"NA","purple","","(1 of 1) KOG2561 - Adaptor protein NUB1; contains UBA domain","Manes.14G119700.v8.1","gene","GO:0005515","protein binding","","Manes.14G119700","","","false","Manes.14G119700","","",,""
"","",,"NA","purple","","(1 of 4) K15289 - solute carrier family 35; member F5 (SLC35F5)","Manes.14G117700.v8.1","gene","GO:0016020 GO:0016021","membrane","","Manes.14G117700","","","false","Manes.14G117700","","",,""
"","RabGAP/TBC domain-containing protein",,"NA","purple","","(1 of 2) PTHR22957:SF34 - TBC1 DOMAIN FAMILY MEMBER 25","Manes.14G115300.v8.1","gene","","","","Manes.14G115300","","","false","Manes.14G115300","","",,""
"","(1 of 2) PTHR33782:SF1 - BY GENSCAN AND GENEFINDER-RELATED",,"NA","purple","","","Manes.14G135300.v8.1","gene","","","","Manes.14G135300","","","false","Manes.14G135300","","",,""
"","phosphate starvation-induced gene 3",,"NA","purple","","(1 of 3) 3.6.3.20 - Glycerol-3-phosphate-transporting ATPase","Manes.14G035900.v8.1","gene","GO:0005215 GO:0006810 GO:0016021 GO:0055085","transporter activity; transport; transmembrane transport","","Manes.14G035900","","","false","Manes.14G035900","","",,""
"","GRAS family transcription factor",,"NA","purple","","(1 of 1) PTHR31636//PTHR31636:SF53 - FAMILY NOT NAMED // SCARECROW-LIKE PROTEIN 15","Manes.13G137100.v8.1","gene","","","","Manes.13G137100","","","false","Manes.13G137100","","",,""
"","",,"NA","purple","","(1 of 12) PF07939 - Protein of unknown function (DUF1685) (DUF1685)","Manes.13G124400.v8.1","gene","","","","Manes.13G124400","","","false","Manes.13G124400","","",,""
"","",,"NA","purple","","(1 of 1) PTHR23257:SF353 - KINASE-LIKE PROTEIN","Manes.13G030800.v8.1","gene","GO:0004672 GO:0004713 GO:0005524 GO:0006468","protein kinase activity; protein tyrosine kinase activity; ATP binding; protein phosphorylation","","Manes.13G030800","","","false","Manes.13G030800","","",,""
"","(1 of 11) PF14364 - Domain of unknown function (DUF4408) (DUF4408)",,"NA","purple","","(1 of 13) PF14364 - Domain of unknown function (DUF4408) (DUF4408)","Manes.13G008500.v8.1","gene","","","","Manes.13G008500","","","false","Manes.13G008500","","",,""
"","",,"NA","purple","","","Manes.12G127600.v8.1","gene","","","","Manes.12G127600","","","false","Manes.12G127600","","",,""
"","",,"NA","purple","","(1 of 1) KOG2681 - Metal-dependent phosphohydrolase","Manes.12G029366.v8.1","gene","","","","Manes.12G029366","","","false","Manes.12G029366","","",,""
"","DC1 domain-containing protein",,"NA","purple","","(1 of 5) K17609 - nucleoredoxin [EC:1.8.1.8] (NXN)","Manes.12G027800.v8.1","gene","GO:0016209 GO:0016491 GO:0047134 GO:0055114","antioxidant activity; oxidoreductase activity; protein-disulfide reductase (NAD(P)H) activity","","Manes.12G027800","","","false","Manes.12G027800","","",,""
"","",,"NA","purple","","(1 of 5) K17609 - nucleoredoxin [EC:1.8.1.8] (NXN)","Manes.12G027700.v8.1","gene","GO:0016209 GO:0016491 GO:0047134 GO:0055114","antioxidant activity; oxidoreductase activity; protein-disulfide reductase (NAD(P)H) activity","","Manes.12G027700","","","false","Manes.12G027700","","",,""
"","glucose-6-phosphate dehydrogenase 2",,"NA","purple","","(1 of 2) PTHR23429//PTHR23429:SF3 - GLUCOSE-6-PHOSPHATE 1-DEHYDROGENASE  G6PD // GLUCOSE-6-PHOSPHATE 1-DEHYDROGENASE 2; CHLOROPLASTIC-RELATED","Manes.12G007900.v8.1","gene","GO:0004345 GO:0006006 GO:0050661 GO:0055114","glucose-6-phosphate dehydrogenase activity; glucose metabolic process; NADP binding","","Manes.12G007900","PENTOSE-P-PWY; OXIDATIVEPENT-PWY","pentose phosphate pathway; pentose phosphate pathway (oxidative branch)","false","Manes.12G007900","","",,""
"","(1 of 11) PF14364 - Domain of unknown function (DUF4408) (DUF4408)",,"NA","purple","","(1 of 13) PF14364 - Domain of unknown function (DUF4408) (DUF4408)","Manes.11G085200.v8.1","gene","","","","Manes.11G085200","","","false","Manes.11G085200","","",,""
"","",,"NA","purple","","","Manes.11G060900.v8.1","gene","","","","Manes.11G060900","","","false","Manes.11G060900","","",,""
"","",,"NA","purple","","(1 of 6) PTHR23155//PTHR23155:SF414 - LEUCINE-RICH REPEAT-CONTAINING PROTEIN // SUBFAMILY NOT NAMED","Manes.10G141900.v8.1","gene","GO:0043531","ADP binding","","Manes.10G141900","","","false","Manes.10G141900","","",,""
"","",,"NA","purple","","(1 of 6) PTHR23155//PTHR23155:SF414 - LEUCINE-RICH REPEAT-CONTAINING PROTEIN // SUBFAMILY NOT NAMED","Manes.10G141651.v8.1","gene","GO:0043531","ADP binding","","Manes.10G141651","","","false","Manes.10G141651","","",,""
"","",,"NA","purple","","(1 of 36) PTHR11017//PTHR11017:SF162 - LEUCINE-RICH REPEAT-CONTAINING PROTEIN // SUBFAMILY NOT NAMED","Manes.10G088500.v8.1","gene","GO:0005515 GO:0007165 GO:0043531","protein binding; signal transduction; ADP binding","","Manes.10G088500","","","false","Manes.10G088500","","",,""
"","Vacuolar import/degradation",,"NA","purple","","(1 of 3) PF08553 - VID27 cytoplasmic protein (VID27)","Manes.10G056200.v8.1","gene","","","","Manes.10G056200","","","false","Manes.10G056200","","",,""
"","OBF-binding protein 3",,"NA","purple","","(1 of 2) PTHR31992:SF26 - DOF ZINC FINGER PROTEIN DOF2.4","Manes.10G031200.v8.1","gene","GO:0003677 GO:0006355","DNA binding; regulation of DNA-templated transcription","","Manes.10G031200","","","false","Manes.10G031200","","",,""
"","",,"NA","purple","","","Manes.10G020800.v8.1","gene","","","","Manes.10G020800","","","false","Manes.10G020800","","",,""
"","",,"NA","purple","","(1 of 10) PTHR11527//PTHR11527:SF152 - SMALL HEAT-SHOCK PROTEIN  HSP20  FAMILY // SUBFAMILY NOT NAMED","Manes.10G020100.v8.1","gene","","","","Manes.10G020100","","","false","Manes.10G020100","","",,""
"","F-box family protein",,"NA","purple","","(1 of 6) PTHR32278//PTHR32278:SF6 - FAMILY NOT NAMED // F-BOX PROTEIN PP2-B1-RELATED","Manes.09G183100.v8.1","gene","GO:0005515","protein binding","","Manes.09G183100","","","false","Manes.09G183100","","",,""
"","",,"NA","purple","","","Manes.09G180600.v8.1","gene","","","","Manes.09G180600","","","false","Manes.09G180600","","",,""
"","",,"NA","purple","","(1 of 2) PTHR32227:SF118 - CARBOHYDRATE-BINDING X8 DOMAIN-CONTAINING PROTEIN","Manes.09G180500.v8.1","gene","GO:0004553 GO:0005975","hydrolase activity","","Manes.09G180500","hydrolyzing O-glycosyl compounds; carbohydrate metabolic process","","false","Manes.09G180500","","",,""
"","Methionine sulfoxide reductase (MSS4-like) family protein",,"NA","purple","","(1 of 4) KOG1727 - Microtubule-binding protein (translationally controlled tumor protein)","Manes.09G170800.v8.1","gene","","","","Manes.09G170800","","","false","Manes.09G170800","","",,""
"","",,"NA","purple","","(1 of 138) KOG0156 - Cytochrome P450 CYP2 subfamily","Manes.09G130200.v8.1","gene","GO:0004497 GO:0005506 GO:0016705 GO:0020037 GO:0055114","monooxygenase activity; iron ion binding; oxidoreductase activity","","Manes.09G130200","acting on paired donors","with incorporation or reduction of molecular oxygen; heme binding","false","Manes.09G130200","","",,""
"USP","Adenine nucleotide alpha hydrolases-like superfamily protein",,"NA","purple","","(1 of 46) PF00582 - Universal stress protein family (Usp)","Manes.09G098760.v8.1","gene","GO:0006950","response to stress","","Manes.09G098760","","","false","Manes.09G098760","","",,""
"GST","glutathione S-transferase TAU 8",,"NA","purple","","(1 of 9) PTHR11260//PTHR11260:SF303 - GLUTATHIONE S-TRANSFERASE; GST; SUPERFAMILY; GST DOMAIN CONTAINING // GLUTATHIONE S-TRANSFERASE U1-RELATED","Manes.09G098800.v8.1","gene","GO:0005515","protein binding","","Manes.09G098800","PWY-6842","glutathione-mediated detoxification II","false","Manes.09G098800","","",,""
"","proteasome inhibitor-related",,"NA","purple","","(1 of 1) K06700 - proteasome inhibitor subunit 1 (PI31) (PSMF1)","Manes.09G098300.v8.1","gene","","","","Manes.09G098300","","","false","Manes.09G098300","","",,""
"","",,"NA","purple","","(1 of 4) K02152 - V-type H+-transporting ATPase subunit G (ATPeV1G; ATP6G)","Manes.09G068812.v8.1","gene","GO:0015992 GO:0016471 GO:0016820","vacuolar proton-transporting V-type ATPase complex","","Manes.09G068812","","","false","Manes.09G068812","","",,""
"","heat shock transcription factor A3",,"NA","purple","","(1 of 2) PTHR10015//PTHR10015:SF164 - HEAT SHOCK TRANSCRIPTION FACTOR // HEAT STRESS TRANSCRIPTION FACTOR A-3","Manes.09G059028.v8.1","gene","GO:0003700 GO:0005634 GO:0006355 GO:0043565","DNA-binding transcription factor activity; nucleus; regulation of DNA-templated transcription; sequence-specific DNA binding","","Manes.09G059028","","","false","Manes.09G059028","","",,""
"","",,"NA","purple","","","Manes.09G042800.v8.1","gene","","","","Manes.09G042800","","","false","Manes.09G042800","","",,""
"","",,"NA","purple","","(1 of 11) PF01612 - 3'-5' exonuclease (DNA_pol_A_exo1)","Manes.08G161900.v8.1","gene","GO:0003676 GO:0006139 GO:0008408","nucleic acid binding; nucleobase-containing compound metabolic process; 3'-5' exonuclease activity","","Manes.08G161900","","","false","Manes.08G161900","","",,""
"","",,"NA","purple","","","Manes.08G145900.v8.1","gene","","","","Manes.08G145900","","","false","Manes.08G145900","","",,""
"","calcium-binding EF hand family protein",,"NA","purple","","","Manes.08G134300.v8.1","gene","GO:0005509","calcium ion binding","","Manes.08G134300","","","false","Manes.08G134300","","",,""
"","Rubber elongation factor protein (REF)",,"NA","purple","","(1 of 5) PF05755 - Rubber elongation factor protein (REF) (REF)","Manes.08G117800.v8.1","gene","","","","Manes.08G117800","","","false","Manes.08G117800","","",,""
"PP2","F-box family protein",,"NA","purple","","(1 of 3) PF00646//PF14299 - F-box domain (F-box) // Phloem protein 2 (PP2)","Manes.08G105600.v8.1","gene","GO:0005515","protein binding","","Manes.08G105600","","","false","Manes.08G105600","","",,""
"","GRAM domain family protein",,"NA","purple","","(1 of 1) PTHR31969//PTHR31969:SF3 - FAMILY NOT NAMED // GEM-LIKE PROTEIN 5","Manes.08G103000.v8.1","gene","","","","Manes.08G103000","","","false","Manes.08G103000","","",,""
"","",,"NA","purple","","(1 of 2) PTHR31241:SF2 - DEHYDRATION-RESPONSIVE ELEMENT-BINDING PROTEIN 2A-RELATED","Manes.08G096900.v8.1","gene","GO:0003700 GO:0006355","DNA-binding transcription factor activity; regulation of DNA-templated transcription","","Manes.08G096900","","","false","Manes.08G096900","","",,""
"","chaperone protein dnaJ-related",,"NA","purple","","(1 of 1) PTHR15852//PTHR15852:SF20 - FAMILY NOT NAMED // CHAPERONE PROTEIN DNAJ-LIKE PROTEIN","Manes.08G086700.v8.1","gene","","","","Manes.08G086700","","","false","Manes.08G086700","","",,""
"","RING/U-box superfamily protein",,"NA","purple","","(1 of 2) PTHR14155:SF180 - RING/U-BOX DOMAIN-CONTAINING PROTEIN-RELATED","Manes.08G156081.v8.1","gene","GO:0005515 GO:0008270","protein binding; zinc ion binding","","Manes.08G156081","","","false","Manes.08G156081","","",,""
"","heat shock transcription factor A3",,"NA","purple","","(1 of 2) PTHR10015:SF164 - HEAT STRESS TRANSCRIPTION FACTOR A-3","Manes.08G020700.v8.1","gene","GO:0003700 GO:0005634 GO:0006355 GO:0043565","DNA-binding transcription factor activity; nucleus; regulation of DNA-templated transcription; sequence-specific DNA binding","","Manes.08G020700","","","false","Manes.08G020700","","",,""
"","",,"NA","purple","","(1 of 1) PTHR11260//PTHR11260:SF320 - GLUTATHIONE S-TRANSFERASE; GST; SUPERFAMILY; GST DOMAIN CONTAINING // SUBFAMILY NOT NAMED","Manes.07G105700.v8.1","gene","GO:0005515","protein binding","","Manes.07G105700","","","false","Manes.07G105700","","",,""
"TSP5","tetraspanin6",,"NA","purple","","(1 of 2) PTHR32191:SF1 - TETRASPANIN-5-RELATED","Manes.07G104000.v8.1","gene","GO:0016021","","","Manes.07G104000","","","false","Manes.07G104000","","",,""
"","ubiquitin 4",,"NA","purple","","(1 of 1) PTHR10666//PTHR10666:SF155 - UBIQUITIN // POLYUBIQUITIN 4","Manes.07G019300.v8.1","gene","GO:0005515","protein binding","","Manes.07G019300","","","false","Manes.07G019300","","",,""
"","Pyridoxal phosphate (PLP)-dependent transferases superfamily protein",,"NA","purple","","(1 of 1) PTHR14237//PTHR14237:SF28 - MOLYBDOPTERIN COFACTOR SULFURASE  MOSC // CATALYTIC/ PYRIDOXAL PHOSPHATE BINDING PROTEIN","Manes.06G141900.v8.1","gene","","","","Manes.06G141900","PWY-5963","thio-molybdenum cofactor biosynthesis","false","Manes.06G141900","","",,""
"","",,"NA","purple","","(1 of 7) PF05605//PF14571 - Drought induced 19 protein (Di19); zinc-binding (zf-Di19) // Stress-induced protein Di19; C-terminal (Di19_C)","Manes.06G110900.v8.1","gene","","","","Manes.06G110900","","","false","Manes.06G110900","","",,""
"","ubiquitin-associated (UBA)/TS-N domain-containing protein / octicosapeptide/Phox/Bemp1 (PB1) domain-containing protein",,"NA","purple","","(1 of 2) K17987 - next to BRCA1 gene 1 protein (NBR1)","Manes.06G110100.v8.1","gene","GO:0005515 GO:0008270","protein binding; zinc ion binding","","Manes.06G110100","","","false","Manes.06G110100","","",,""
"","RabGAP/TBC domain-containing protein",,"NA","purple","","(1 of 1) KOG1092 - Ypt/Rab-specific GTPase-activating protein GYP1","Manes.06G048400.v8.1","gene","","","","Manes.06G048400","","","false","Manes.06G048400","","",,""
"GEBG7","",,"NA","purple","","(1 of 3) PTHR32227:SF16 - GLUCAN ENDO-1;3-BETA-GLUCOSIDASE 7-RELATED","Manes.05G160600.v8.1","gene","GO:0004553 GO:0005975","hydrolase activity","","Manes.05G160600","hydrolyzing O-glycosyl compounds; carbohydrate metabolic process","","false","Manes.05G160600","","",,""
"","",,"NA","purple","","(1 of 1) PF14595 - Thioredoxin (Thioredoxin_9)","Manes.05G153800.v8.1","gene","GO:0006662 GO:0015035 GO:0045454","glycerol ether metabolic process; protein-disulfide reductase activity; cell redox homeostasis","","Manes.05G153800","","","false","Manes.05G153800","","",,""
"","cold-regulated 47",,"NA","purple","","(1 of 4) PF00257 - Dehydrin (Dehydrin)","Manes.05G140400.v8.1","gene","GO:0006950 GO:0009415","response to stress; response to water","","Manes.05G140400","","","false","Manes.05G140400","","",,""
"","Protein of unknown function",,"NA","purple","","(1 of 15) PF04759 - Protein of unknown function; DUF617 (DUF617)","Manes.05G136400.v8.1","gene","","","","Manes.05G136400","","","false","Manes.05G136400","","",,""
"","Bax inhibitor-1 family protein",,"NA","purple","","(1 of 4) K06890 - uncharacterized protein (K06890)","Manes.05G080800.v8.1","gene","","","","Manes.05G080800","","","false","Manes.05G080800","","",,""
"","",,"NA","purple","","","Manes.05G064500.v8.1","gene","","","","Manes.05G064500","","","false","Manes.05G064500","","",,""
"","cystatin B",,"NA","purple","","(1 of 2) PTHR11413//PTHR11413:SF55 - CYSTATIN FAMILY MEMBER // CYSTEINE PROTEINASE INHIBITOR 6","Manes.04G155400.v8.1","gene","GO:0004869","cysteine-type endopeptidase inhibitor activity","","Manes.04G155400","","","false","Manes.04G155400","","",,""
"","Phosphoinositide phosphatase family protein",,"NA","purple","","(1 of 2) PTHR11200//PTHR11200:SF122 - INOSITOL 5-PHOSPHATASE // PHOSPHOINOSITIDE PHOSPHATASE SAC3-RELATED","Manes.04G149500.v8.1","gene","GO:0007033 GO:0036092 GO:0042578","vacuole organization; phosphatidylinositol-3-phosphate biosynthetic process; phosphoric ester hydrolase activity","","Manes.04G149500","","","false","Manes.04G149500","","",,""
"","Protein of unknown function (DUF3511)",,"NA","purple","","(1 of 18) PF12023 - Domain of unknown function (DUF3511) (DUF3511)","Manes.04G141400.v8.1","gene","","","","Manes.04G141400","","","false","Manes.04G141400","","",,""
"","",,"NA","purple","","(1 of 14) PTHR11260//PTHR11260:SF317 - GLUTATHIONE S-TRANSFERASE; GST; SUPERFAMILY; GST DOMAIN CONTAINING // SUBFAMILY NOT NAMED","Manes.04G124300.v8.1","gene","GO:0005515","protein binding","","Manes.04G124300","PWY-6842","glutathione-mediated detoxification II","false","Manes.04G124300","","",,""
"","GRF zinc finger / Zinc knuckle protein",,"NA","purple","","(1 of 2) PF00098//PF06839 - Zinc knuckle (zf-CCHC) // GRF zinc finger (zf-GRF)","Manes.04G094400.v8.1","gene","GO:0003676 GO:0008270","nucleic acid binding; zinc ion binding","","Manes.04G094400","","","false","Manes.04G094400","","",,""
"Senesce","",,"NA","purple","","(1 of 4) PF06911 - Senescence-associated protein (Senescence)","Manes.04G074700.v8.1","gene","","","","Manes.04G074700","","","false","Manes.04G074700","","",,""
"","",,"NA","purple","","(1 of 8) PF05056 - Protein of unknown function (DUF674) (DUF674)","Manes.04G034100.v8.1","gene","","","","Manes.04G034100","","","false","Manes.04G034100","","",,""
"","(1 of 2) PF13668 - Ferritin-like domain (Ferritin_2)",,"NA","purple","","(1 of 5) PF13668 - Ferritin-like domain (Ferritin_2)","Manes.03G207600.v8.1","gene","","","","Manes.03G207600","","","false","Manes.03G207600","","",,""
"","ethylene-responsive element binding protein",,"NA","purple","","(1 of 47) K09286 - EREBP-like factor (EREBP)","Manes.03G199300.v8.1","gene","GO:0003700 GO:0006355","DNA-binding transcription factor activity; regulation of DNA-templated transcription","","Manes.03G199300","","","false","Manes.03G199300","","",,""
"","ralf-like 33",,"NA","purple","","(1 of 5) PTHR33136:SF5 - PROTEIN RALF-LIKE 1-RELATED","Manes.03G194800.v8.1","gene","","","","Manes.03G194800","","","false","Manes.03G194800","","",,""
"","chlorophyllase 2",,"NA","purple","","(1 of 1) PTHR33428//PTHR33428:SF1 - FAMILY NOT NAMED // CHLOROPHYLLASE-2; CHLOROPLASTIC","Manes.03G173700.v8.1","gene","","","","Manes.03G173700","PWY-6927","chlorophyll <i>a</i> degradation II","false","Manes.03G173700","","",,""
"","",,"NA","purple","","(1 of 49) PF00407 - Pathogenesis-related protein Bet v I family (Bet_v_1)","Manes.03G115300.v8.1","gene","GO:0006952 GO:0009607","defense response; response to biotic stimulus","","Manes.03G115300","","","false","Manes.03G115300","","",,""
"","",,"NA","purple","","(1 of 1) PTHR11926//PTHR11926:SF366 - GLUCOSYL/GLUCURONOSYL TRANSFERASES // SUBFAMILY NOT NAMED","Manes.03G111200.v8.1","gene","GO:0008152 GO:0016758","metabolic process; hexosyltransferase activity","","Manes.03G111200","","","false","Manes.03G111200","","",,""
"","RING/U-box superfamily protein",,"NA","purple","","(1 of 5) K11975 - E3 ubiquitin-protein ligase RNF144 [EC:6.3.2.19] (RNF144)","Manes.03G045200.v8.1","gene","GO:0004842 GO:0005515 GO:0008270 GO:0016567","ubiquitin-protein transferase activity; protein binding; zinc ion binding; protein ubiquitination","","Manes.03G045200","","","false","Manes.03G045200","","",,""
"","FAD/NAD(P)-binding oxidoreductase family protein",,"NA","purple","","(1 of 8) 1.6.5.9 - NADH:ubiquinone reductase (non-electrogenic) / Ubiquinone reductase","Manes.02G202900.v8.1","gene","GO:0016491 GO:0055114","oxidoreductase activity","","Manes.02G202900","PWY-7279","aerobic respiration II (cytochrome c) (yeast)","false","Manes.02G202900","","",,""
"","Regulator of Vps4 activity in the MVB pathway protein",,"NA","purple","","(1 of 2) PTHR12161//PTHR12161:SF21 - UNCHARACTERIZED DUF292 // REGULATOR OF VPS4 ACTIVITY IN THE MVB PATHWAY PROTEIN","Manes.02G187600.v8.1","gene","","","","Manes.02G187600","","","false","Manes.02G187600","","",,""
"","",,"NA","purple","","","Manes.02G157200.v8.1","gene","","","","Manes.02G157200","","","false","Manes.02G157200","","",,""
"","cystatin A",,"NA","purple","","(1 of 1) PTHR11413//PTHR11413:SF50 - CYSTATIN FAMILY MEMBER // SUBFAMILY NOT NAMED","Manes.02G134700.v8.1","gene","GO:0004869","cysteine-type endopeptidase inhibitor activity","","Manes.02G134700","","","false","Manes.02G134700","","",,""
"","Protein of unknown function (DUF1262)",,"NA","purple","","(1 of 1) PTHR31050//PTHR31050:SF0 - FAMILY NOT NAMED // T25B24.5 PROTEIN","Manes.02G064600.v8.1","gene","","","","Manes.02G064600","","","false","Manes.02G064600","","",,""
"","BAX inhibitor 1",,"NA","purple","","(1 of 2) PTHR23291:SF34 - BAX INHIBITOR 1","Manes.02G044200.v8.1","gene","","","","Manes.02G044200","","","false","Manes.02G044200","","",,""
"","",,"NA","purple","","(1 of 4) PTHR31080:SF8 - F23N19.12","Manes.02G034900.v8.1","gene","GO:0004857","enzyme inhibitor activity","","Manes.02G034900","PWY-1081","homogalacturonan degradation","false","Manes.02G034900","","",,""
"F5011.5","",,"NA","purple","","(1 of 3) PTHR33593:SF2 - F5O11.5","Manes.02G033500.v8.1","gene","","","","Manes.02G033500","","","false","Manes.02G033500","","",,""
"","",,"NA","purple","","","Manes.02G011000.v8.1","gene","","","","Manes.02G011000","","","false","Manes.02G011000","","",,""
"YMGG","RING/U-box superfamily protein",,"NA","purple","","(1 of 1) PF13441 - YMGG-like Gly-zipper (Gly-zipper_YMGG)","Manes.01G150600.v8.1","gene","GO:0005515 GO:0008270","protein binding; zinc ion binding","","Manes.01G150600","","","false","Manes.01G150600","","",,""
"PPAT","4-phosphopantetheine adenylyltransferase",,"NA","purple","","(1 of 3) 2.7.7.3 - Pantetheine-phosphate adenylyltransferase / PPAT","Manes.01G136850.v8.1","gene","GO:0003824 GO:0009058","catalytic activity; biosynthetic process","","Manes.01G136850","COA-PWY","coenzyme A biosynthesis I","false","Manes.01G136850","","",,""
"","P-loop containing nucleoside triphosphate hydrolases superfamily protein",,"NA","purple","","(1 of 2) PTHR10887//PTHR10887:SF358 - DNA2/NAM7 HELICASE FAMILY // P-LOOP CONTAINING NUCLEOSIDE TRIPHOSPHATE HYDROLASES SUPERFAMILY PROTEIN","Manes.01G124801.v8.1","gene","","","","Manes.01G124801","","","false","Manes.01G124801","","",,""
"","",,"NA","purple","","","Manes.01G080400.v8.1","gene","","","","Manes.01G080400","","","false","Manes.01G080400","","",,""
"DCD","DCD (Development and Cell Death) domain protein",,"NA","purple","","(1 of 2) PTHR10857//PTHR10857:SF54 - COPINE // DCD (DEVELOPMENT AND CELL DEATH) DOMAIN PROTEIN","Manes.01G052500.v8.1","gene","","","","Manes.01G052500","","","false","Manes.01G052500","","",,""
"LEA2","Late embryogenesis abundant (LEA) hydroxyproline-rich glycoprotein family",,"NA","purple","","(1 of 67) PF03168 - Late embryogenesis abundant protein (LEA_2)","Manes.01G043300.v8.1","gene","","","","Manes.01G043300","","","false","Manes.01G043300","","",,""
"MYB TF","myb domain protein 110",,"NA","purple","","(1 of 2) PTHR10641//PTHR10641:SF512 - MYB-LIKE DNA-BINDING PROTEIN MYB // MYB-DOMAIN TRANSCRIPTION FACTOR LOF1-RELATED","Manes.01G034800.v8.1","gene","","","","Manes.01G034800","","","false","Manes.01G034800","","",,""
"","",,"NA","purple","","","Manes.01G022400.v8.1","gene","","","","Manes.01G022400","","","false","Manes.01G022400","","",,""
"NAC TF","NAC transcription factor-like 9",,"NA","purple","","(1 of 18) PTHR31989:SF21 - NAC TRANSCRIPTION FACTOR-LIKE 9","Manes.01G000155.v8.1","gene","GO:0003677 GO:0006355","DNA binding; regulation of DNA-templated transcription","","Manes.01G000155","","","false","Manes.01G000155","","",,""
