TAG_type,locusName,baseMean,log2FoldChange,lfcSE,stat,pvalue,padj,direction,Pathways,Pathways_Desc,GODescription,class,Description,GO,KOG,KO,Pfam,Panther,Best-hit-arabi-defline
non-genetic,Manes.12G111100,29.81246102,-0.911000322,0.158690464,-5.740737642,9.43E-09,0.000151512,-,PWY-6824; PWY-5466; PWY-7445; PWY-7214,justicidin B biosynthesis; matairesinol biosynthesis; luteolin triglucuronide degradation; baicalein degradation (hydrogen peroxide detoxification),peroxidase activity; response to oxidative stress; heme binding,NA,(1 of 2) PTHR31517:SF3 - PEROXIDASE 35-RELATED,GO:0004601 GO:0006979 GO:0020037 GO:0055114,,K00430,PF00141,PTHR31517 PTHR31517:SF3,root hair specific 19
non-genetic,Manes.11G017400,38.42599407,-0.794125407,0.144397454,-5.499580384,3.81E-08,0.000152973,-,,,,NA,(1 of 11) PF07911 - Protein of unknown function (DUF1677) (DUF1677),,,,PF07911,PTHR33108 PTHR33108:SF15,Protein of unknown function (DUF1677)
non-genetic,Manes.15G187800,441.0654375,-0.575194997,0.103824106,-5.540091003,3.02E-08,0.000152973,-,,,hydrolase activity,NA,(1 of 4) PTHR21562//PTHR21562:SF4 - NOTUM-RELATED // PECTINACETYLESTERASE FAMILY PROTEIN,GO:0016787,,,PF03283,PTHR21562 PTHR21562:SF4,Pectinacetylesterase family protein
non-genetic,Manes.17G010400,8.181494484,-0.981946849,0.17758561,-5.529428011,3.21E-08,0.000152973,-,,,,NA,,,,,,PTHR35297 PTHR35297:SF2,
non-genetic,Manes.02G146400,12.43346282,-0.926569428,0.176481912,-5.250223184,1.52E-07,0.000488346,-,PWY66-399; PWY-3801; GLUCONEO-PWY; SUCSYN-PWY; PWY-621; PWY-7238; PWY-5659; ANAGLYCOLYSIS-PWY; PWY-622; ANAEROFRUCAT-PWY,gluconeogenesis III; sucrose degradation II (sucrose synthase); gluconeogenesis I; sucrose biosynthesis I (from photosynthesis); sucrose degradation III (sucrose invertase); sucrose biosynthesis II; GDP-mannose biosynthesis; glycolysis III (from glucose); starch biosynthesis; homolactic fermentation,glucose-6-phosphate isomerase activity; gluconeogenesis; glycolytic process,carb,"(1 of 2) PTHR11469:SF9 - GLUCOSE-6-PHOSPHATE ISOMERASE 1, CHLOROPLASTIC",GO:0004347 GO:0006094 GO:0006096,,K01810,PF00342,PTHR11469 PTHR11469:SF9,phosphoglucose isomerase 1
non-genetic,Manes.01G006300,473.2573863,-0.571840518,0.110321374,-5.183406415,2.18E-07,0.000583636,-,,,,NA,(1 of 3) PTHR31533:SF2 - GPI-ANCHORED PROTEIN LORELEI-RELATED,,,,,PTHR31533 PTHR31533:SF2,LORELEI-LIKE-GPI-ANCHORED PROTEIN 1
non-genetic,Manes.16G094900,245.0423331,-0.708115852,0.138323217,-5.119284138,3.07E-07,0.000704221,-,,,serine-type endopeptidase activity; proteolysis,NA,(1 of 1) KOG1153 - Subtilisin-related protease/Vacuolar protease B,GO:0004252 GO:0006508,KOG1153,,PF00082 PF02225 PF05922,PTHR10795 PTHR10795:SF434,Subtilase family protein
non-genetic,Manes.11G012500,33.17238616,-0.881373008,0.177741672,-4.958730272,7.10E-07,0.001062225,-,PWY-1081,homogalacturonan degradation,enzyme inhibitor activity; cell wall; pectinesterase activity; cell wall modification,NA,(1 of 3) PTHR31707//PTHR31707:SF55 - FAMILY NOT NAMED // PECTINESTERASE 2-RELATED,GO:0004857 GO:0005618 GO:0030599 GO:0042545,,K01051,PF01095 PF04043,PTHR31707 PTHR31707:SF55,pectin methylesterase 3
non-genetic,Manes.11G085200,44.43674089,0.794282637,0.160330979,4.954018496,7.27E-07,0.001062225,+,,,,NA,(1 of 13) PF14364 - Domain of unknown function (DUF4408) (DUF4408),,,,PF14364,PTHR33640 PTHR33640:SF3,(1 of 11) PF14364 - Domain of unknown function (DUF4408) (DUF4408)
non-genetic,Manes.18G022000,68.65086652,-0.602350801,0.120577355,-4.995554928,5.87E-07,0.001062225,-,,,"hydrolase activity, hydrolyzing O-glycosyl compounds; carbohydrate metabolic process; carbohydrate binding",NA,(1 of 1) PTHR23421:SF51 - BETA-GALACTOSIDASE 5,GO:0004553 GO:0005975 GO:0030246,,,PF01301 PF02140,PTHR23421 PTHR23421:SF51,
non-genetic,Manes.01G251400,6.790934542,-1.031267083,0.210626052,-4.896199095,9.77E-07,0.001302381,-,PWY-7601,"arachidonate biosynthesis IV (8-detaturase, lower eukaryotes)",lipid metabolic process; oxidoreductase activity,NA,(1 of 4) 1.14.19.4 - Delta(8)-fatty-acid desaturase / SLD,GO:0006629 GO:0016021 GO:0016491,KOG4232,K13076,PF00173 PF00487,PTHR19353 PTHR19353:SF28,Fatty acid/sphingolipid desaturase
non-genetic,Manes.11G027200,42.55773767,-0.780768446,0.161205682,-4.843306008,1.28E-06,0.001302381,-,,,"monooxygenase activity; iron ion binding; oxidoreductase activity, acting on paired donors, with incorporation or reduction of molecular oxygen; heme binding",NA,(1 of 1) K12638 - 3-epi-6-deoxocathasterone 23-monooxygenase (CYP90D1),GO:0004497 GO:0005506 GO:0016705 GO:0020037 GO:0055114,KOG0157,K12638,PF00067,PTHR24286 PTHR24286:SF30,"cytochrome P450, family 90, subfamily D, polypeptide 1"
non-genetic,Manes.11G096600,240.4459411,-0.610026048,0.126594788,-4.81872956,1.44E-06,0.001302381,-,,,transporter activity; transport; membrane,NA,(1 of 4) PTHR19139:SF152 - AQUAPORIN PIP2-7,GO:0005215 GO:0006810 GO:0016020,KOG0223,K09872,PF00230,PTHR19139 PTHR19139:SF152,plasma membrane intrinsic protein 2;8
non-genetic,Manes.12G060500,120.9586272,-0.688646368,0.142908343,-4.818797522,1.44E-06,0.001302381,-,,,,NA,(1 of 2) PTHR32077:SF3 - FASCICLIN-LIKE ARABINOGALACTAN PROTEIN 7,,,,PF02469,PTHR32077 PTHR32077:SF3,FASCICLIN-like arabinoogalactan 7
non-genetic,Manes.02G199300,19.10350874,-0.665536398,0.139912724,-4.756796796,1.97E-06,0.001480346,-,,,protein kinase activity; protein tyrosine kinase activity; protein binding; ATP binding; protein phosphorylation,NA,(1 of 2) PTHR27000//PTHR27000:SF97 - FAMILY NOT NAMED // LEUCINE-RICH RECEPTOR-LIKE PROTEIN KINASE,GO:0004672 GO:0004713 GO:0005515 GO:0005524 GO:0006468,KOG1187,,PF00069 PF00560 PF08263 PF13855,PTHR27000 PTHR27000:SF97,Leucine-rich receptor-like protein kinase family protein
non-genetic,Manes.04G149200,20.12295281,-1.267998539,0.266902649,-4.750790387,2.03E-06,0.001480346,-,,,response to auxin,NA,(1 of 129) PF02519 - Auxin responsive protein (Auxin_inducible),GO:0009733,,,PF02519,PTHR31374 PTHR31374:SF25,SAUR-like auxin-responsive protein family
non-genetic,Manes.08G099000,529.0334777,-0.705678253,0.151054924,-4.671666665,2.99E-06,0.001655882,-,,,"hydrolase activity, hydrolyzing O-glycosyl compounds; cell wall; carbohydrate metabolic process; xyloglucan metabolic process; xyloglucan:xyloglucosyl transferase activity; cell wall biogenesis; apoplast",NA,(1 of 3) PTHR31062//PTHR31062:SF15 - FAMILY NOT NAMED // XYLOGLUCAN ENDOTRANSGLUCOSYLASE/HYDROLASE PROTEIN 4-RELATED,GO:0004553 GO:0005618 GO:0005975 GO:0006073 GO:0010411 GO:0016762 GO:0042546 GO:0048046,,K08235,PF00722 PF06955,PTHR31062 PTHR31062:SF15,xyloglucan endotransglucosylase/hydrolase 5
non-genetic,Manes.18G050700,169.6103359,-0.76841855,0.164252093,-4.678287731,2.89E-06,0.001655882,-,PWY-5936; PWY-1001,xyloglucan biosynthesis; cellulose biosynthesis,,NA,(1 of 2) PTHR32044//PTHR32044:SF7 - FAMILY NOT NAMED // XYLOGLUCAN GLYCOSYLTRANSFERASE 12-RELATED,,,,PF13632,PTHR32044 PTHR32044:SF7,Cellulose-synthase-like C12
non-genetic,Manes.17G106600,45.39824786,0.749167739,0.16254114,4.609096119,4.04E-06,0.001857228,+,,,,NA,(1 of 5) PTHR33595:SF3 - EMB|CAB62340.1-RELATED,,,,,PTHR33595 PTHR33595:SF3,(1 of 6) PTHR33595:SF3 - EMB
non-genetic,Manes.09G169700,167.0337661,0.652688124,0.142134054,4.592060151,4.39E-06,0.00190657,+,,,metal ion transport; metal ion binding,NA,(1 of 4) PTHR22814//PTHR22814:SF75 - COPPER TRANSPORT PROTEIN ATOX1-RELATED // HEAVY METAL TRANSPORT/DETOXIFICATION DOMAIN-CONTAINING PROTEIN,GO:0030001 GO:0046872,KOG1603,,PF00403,PTHR22814 PTHR22814:SF75,Heavy metal transport/detoxification superfamily protein
non-genetic,Manes.03G020500,84.04179146,0.71547817,0.156940544,4.558912253,5.14E-06,0.001908937,+,,,DNA-binding transcription factor activity; nucleus; regulation of DNA-templated transcription; sequence-specific DNA binding,NA,(1 of 2) PTHR10015//PTHR10015:SF187 - HEAT SHOCK TRANSCRIPTION FACTOR // HEAT STRESS TRANSCRIPTION FACTOR C-1,GO:0003700 GO:0005634 GO:0006355 GO:0043565,,,PF00447,PTHR10015 PTHR10015:SF187,heat shock transcription factor  C1
non-genetic,Manes.13G097800,964.8941757,0.531918605,0.116727228,4.556936843,5.19E-06,0.001908937,+,,,protein binding; zinc ion binding,NA,(1 of 7) K10664 - E3 ubiquitin-protein ligase ATL6/9/15/31/42/55 [EC:6.3.2.19] (ATL6S),GO:0005515 GO:0008270,,K10664,PF13639,PTHR14155,
non-genetic,Manes.18G038901,123.4773329,-0.629012557,0.137792093,-4.564939409,5.00E-06,0.001908937,-,,,,NA,(1 of 2) PTHR31852:SF44 - EMB|CAB53482.1,,,,PF03168,PTHR31852 PTHR31852:SF44,(1 of 2) PTHR31852:SF44 - EMB
non-genetic,Manes.18G047500,73.83872822,-0.837387439,0.182909087,-4.57816205,4.69E-06,0.001908937,-,,,,NA,,,,,,PTHR33347 PTHR33347:SF1,
non-genetic,Manes.09G155200,67.23874849,-0.556972143,0.122484586,-4.547283563,5.43E-06,0.001941003,-,,,,NA,(1 of 2) PTHR11034//PTHR11034:SF24 - N-MYC DOWNSTREAM REGULATED // SUBFAMILY NOT NAMED,,KOG2931,,PF03096,PTHR11034 PTHR11034:SF24,
non-genetic,Manes.16G042000,22.92420235,-0.656713297,0.146309287,-4.488527757,7.17E-06,0.002401476,-,,,protein binding,NA,(1 of 2) PTHR27000//PTHR27000:SF131 - FAMILY NOT NAMED // RECEPTOR LIKE PROTEIN 55,GO:0005515,,,PF00560,PTHR27000 PTHR27000:SF131,receptor like protein 51
non-genetic,Manes.02G116100,208.0502073,-0.512306962,0.115068823,-4.452178694,8.50E-06,0.00267894,-,,,protein binding,NA,(1 of 3) PTHR23155//PTHR23155:SF501 - LEUCINE-RICH REPEAT-CONTAINING PROTEIN // SUBFAMILY NOT NAMED,GO:0005515,KOG0617,,PF00560 PF13855,PTHR23155 PTHR23155:SF501,plant intracellular ras group-related LRR 4
non-genetic,Manes.04G068200,72.88011079,-0.773349819,0.174049139,-4.443284373,8.86E-06,0.002738467,-,,,extracellular region; sexual reproduction,NA,(1 of 2) PTHR31692:SF4 - EXPANSIN-LIKE A1-RELATED,GO:0005576 GO:0019953,,,PF01357 PF03330,PTHR31692 PTHR31692:SF4,expansin-like A2
non-genetic,Manes.02G035800,170.532354,-0.652134772,0.147562685,-4.419374535,9.90E-06,0.002748522,-,,,copper ion binding; oxidoreductase activity,NA,(1 of 2) PTHR11709//PTHR11709:SF82 - MULTI-COPPER OXIDASE // MONOCOPPER OXIDASE-LIKE PROTEIN SKU5,GO:0005507 GO:0016491 GO:0055114,,,PF00394 PF07731 PF07732,PTHR11709 PTHR11709:SF82,Cupredoxin superfamily protein
non-genetic,Manes.12G101600,23.31783548,0.646841192,0.146195423,4.424496859,9.67E-06,0.002748522,+,,,protein binding,NA,"(1 of 1) KOG0292 - Vesicle coat complex COPI, alpha subunit",GO:0005515,KOG0292,,,PTHR19878 PTHR19878:SF4,Transducin/WD40 repeat-like superfamily protein
non-genetic,Manes.15G126400,32.55762165,-1.332128588,0.300353594,-4.435201097,9.20E-06,0.002748522,-,,,metal ion transport; metal ion binding,NA,(1 of 4) PTHR22814//PTHR22814:SF47 - COPPER TRANSPORT PROTEIN ATOX1-RELATED // SUBFAMILY NOT NAMED,GO:0030001 GO:0046872,KOG1603,,PF00403,PTHR22814 PTHR22814:SF47,Heavy metal transport/detoxification superfamily protein
non-genetic,Manes.17G042100,283.4297943,-0.570254906,0.128630379,-4.433283264,9.28E-06,0.002748522,-,,,,NA,(1 of 1) PTHR31008//PTHR31008:SF6 - COP1-INTERACTING PROTEIN-RELATED // CSL1,,,,,PTHR31008 PTHR31008:SF6,"disease resistance protein (TIR class), putative"
non-genetic,Manes.09G081701,8.631530791,-0.642352943,0.145687867,-4.409103897,1.04E-05,0.002762044,-,,,,NA,,,,,,PTHR35493,
non-genetic,Manes.08G096900,91.26439925,0.532958099,0.121303673,4.393585819,1.11E-05,0.002800121,+,,,DNA-binding transcription factor activity; regulation of DNA-templated transcription,NA,(1 of 2) PTHR31241:SF2 - DEHYDRATION-RESPONSIVE ELEMENT-BINDING PROTEIN 2A-RELATED,GO:0003700 GO:0006355,,,PF00847,PTHR31241 PTHR31241:SF2,
non-genetic,Manes.18G143800,8.913515525,-0.960155697,0.219025663,-4.383758896,1.17E-05,0.002840754,-,,,protein binding,NA,(1 of 3) PTHR32093:SF23 - LEUCINE-RICH REPEAT EXTENSIN-LIKE PROTEIN 3-RELATED,GO:0005515,,,PF13855,PTHR32093 PTHR32093:SF23,leucine-rich repeat/extensin 2
non-genetic,Manes.05G147700,38.13344828,-0.75552297,0.172648951,-4.376064655,1.21E-05,0.002861474,-,,,,NA,(1 of 2) PTHR23201:SF2 - GIBBERELLIN-REGULATED PROTEIN 1-RELATED,,,,PF02704,PTHR23201 PTHR23201:SF2,GAST1 protein homolog 1
non-genetic,Manes.07G090300,11.83487858,-0.631553305,0.144434612,-4.372589758,1.23E-05,0.002861474,-,,,protein binding; zinc ion binding,NA,(1 of 2) PTHR14155//PTHR14155:SF145 - RING FINGER DOMAIN-CONTAINING // RING-H2 FINGER PROTEIN ATL61-RELATED,GO:0005515 GO:0008270,,,PF13639,PTHR14155 PTHR14155:SF145,
non-genetic,Manes.15G084200,47.73766642,-0.706523677,0.162674077,-4.34318539,1.40E-05,0.003050211,-,,,protein kinase activity; protein tyrosine kinase activity; ATP binding; protein phosphorylation,NA,(1 of 1) PTHR27003:SF37 - INTERLEUKIN-1 RECEPTOR-ASSOCIATED KINASE 4 PROTEIN-RELATED,GO:0004672 GO:0004713 GO:0005524 GO:0006468,KOG1187,,PF07714 PF11721,PTHR27003 PTHR27003:SF37,protein kinase family protein
non-genetic,Manes.07G007600,153.2699996,-0.646337921,0.149302184,-4.329058729,1.50E-05,0.003122564,-,,,,NA,(1 of 2) PTHR31265:SF2 - F17A17.37 PROTEIN,,,,PF04862,PTHR31265 PTHR31265:SF2,"Protein of unknown function, DUF642"
non-genetic,Manes.13G123500,368.7659693,-0.66628454,0.154102722,-4.323639003,1.53E-05,0.003122564,-,,,,NA,(1 of 3) PTHR33136:SF7 - PROTEIN RALF-LIKE 26-RELATED,,,,PF05498,PTHR33136 PTHR33136:SF7,ralf-like 34
non-genetic,Manes.12G030000,118.7388233,-0.850696937,0.197942346,-4.29770058,1.73E-05,0.003424523,-,,,"hydrolase activity, hydrolyzing O-glycosyl compounds; cell wall; carbohydrate metabolic process; xyloglucan metabolic process; xyloglucan:xyloglucosyl transferase activity; cell wall biogenesis; apoplast",NA,(1 of 1) PTHR31062:SF25 - XYLOGLUCAN ENDOTRANSGLUCOSYLASE/HYDROLASE PROTEIN 33-RELATED,GO:0004553 GO:0005618 GO:0005975 GO:0006073 GO:0010411 GO:0016762 GO:0042546 GO:0048046,,K08235,PF00722 PF06955,PTHR31062 PTHR31062:SF25,xyloglucan:xyloglucosyl transferase 33
non-genetic,Manes.09G140700,1752.081735,-0.513269687,0.121706864,-4.217261626,2.47E-05,0.004516641,-,,,,NA,,,,,,PTHR34114 PTHR34114:SF3,
non-genetic,Manes.05G175700,106.214361,-0.579766935,0.137679152,-4.21100019,2.54E-05,0.004540489,-,,,DNA binding,NA,(1 of 2) PTHR24326:SF263 - WUSCHEL-RELATED HOMEOBOX 4,GO:0003677,,,PF00046,PTHR24326 PTHR24326:SF263,WUSCHEL related homeobox 4
non-genetic,Manes.10G144000,37.84318753,0.548653664,0.130288569,4.211065227,2.54E-05,0.004540489,+,,,ADP binding,NA,(1 of 18) PTHR23155//PTHR23155:SF609 - LEUCINE-RICH REPEAT-CONTAINING PROTEIN // SUBFAMILY NOT NAMED,GO:0043531,KOG4658,,PF00931,PTHR23155 PTHR23155:SF609,
non-genetic,Manes.09G121500,33.3568972,-0.517700046,0.12337632,-4.196105421,2.72E-05,0.004746383,-,,,,NA,(1 of 6) PF06697 - Protein of unknown function (DUF1191) (DUF1191),,,,PF06697,PTHR33512 PTHR33512:SF1,Protein of unknown function (DUF1191)
non-genetic,Manes.15G043400,342.5755501,0.514784665,0.123973729,4.152368969,3.29E-05,0.005134796,+,PWY-2724,alkane oxidation,"oxidoreductase activity, acting on CH-OH group of donors; long-chain-alcohol oxidase activity",NA,(1 of 4) 1.1.3.20 - Long-chain-alcohol oxidase,GO:0016614 GO:0046577 GO:0055114,,K17756,PF05199 PF13450,PTHR10668 PTHR10668:SF81,fatty alcohol oxidase 3
non-genetic,Manes.05G174200,677.1330976,-0.625417695,0.151152172,-4.137669243,3.51E-05,0.005173613,-,,,protein kinase activity; protein serine/threonine kinase activity; protein tyrosine kinase activity; ATP binding; protein phosphorylation,NA,(1 of 2) PTHR24356:SF195 - PROTEIN KINASE FAMILY PROTEIN,GO:0004672 GO:0004674 GO:0004713 GO:0005524 GO:0006468,,K08790,PF00433 PF07714,PTHR24356 PTHR24356:SF195,Protein kinase family protein
non-genetic,Manes.15G019200,232.0015826,-0.566649868,0.136929067,-4.138273044,3.50E-05,0.005173613,-,,,membrane; transmembrane transport; transmembrane transporter activity,NA,"(1 of 10) K08145 - MFS transporter, SP family, solute carrier family 2 (facilitated glucose transporter), member 8 (SLC2A8, GLUT8)",GO:0016020 GO:0016021 GO:0022891 GO:0055085,KOG0254,K08145,PF07690,PTHR23500 PTHR23500:SF62,Major facilitator superfamily protein
non-genetic,Manes.04G068800,41.31921963,-0.741379998,0.179575848,-4.128506167,3.65E-05,0.005193537,-,PWY-6824; PWY-5466,justicidin B biosynthesis; matairesinol biosynthesis,copper ion binding; oxidoreductase activity,NA,(1 of 1) PTHR11709//PTHR11709:SF64 - MULTI-COPPER OXIDASE // MULTI-COPPER OXIDASE TYPE I FAMILY PROTEIN-RELATED,GO:0005507 GO:0016491 GO:0055114,,,PF00394 PF07731 PF07732,PTHR11709 PTHR11709:SF64,
non-genetic,Manes.12G097000,14.35072575,-0.924253511,0.224467818,-4.117532395,3.83E-05,0.005359684,-,,,,NA,(1 of 53) PF14009 - Domain of unknown function (DUF4228) (DUF4228),,,,PF14009,PTHR33052 PTHR33052:SF17,(1 of 28) PF14009 - Domain of unknown function (DUF4228) (DUF4228)
non-genetic,Manes.14G146100,158.9029768,-0.89992962,0.219642196,-4.097252886,4.18E-05,0.005465853,-,,,"hydrolase activity, hydrolyzing O-glycosyl compounds; cell wall; carbohydrate metabolic process; xyloglucan metabolic process; xyloglucan:xyloglucosyl transferase activity; cell wall biogenesis; apoplast",NA,(1 of 13) K08235//K14504 - xyloglucan:xyloglucosyl transferase (E2.4.1.207) // xyloglucan:xyloglucosyl transferase TCH4 (TCH4),GO:0004553 GO:0005618 GO:0005975 GO:0006073 GO:0010411 GO:0016762 GO:0042546 GO:0048046,,K08235 K14504,PF00722 PF06955,PTHR31062 PTHR31062:SF32,xyloglucan endotransglycosylase 6
non-genetic,Manes.17G124500,85.48277806,-0.793300835,0.193510327,-4.099527138,4.14E-05,0.005465853,-,PWY-5936; PWY-1001,xyloglucan biosynthesis; cellulose biosynthesis,,NA,(1 of 2) PTHR32044:SF11 - XYLOGLUCAN GLYCOSYLTRANSFERASE 4,,,,PF13632,PTHR32044 PTHR32044:SF11,Cellulose-synthase-like C4
non-genetic,Manes.15G032400,1280.659883,0.649075054,0.159327001,4.073854728,4.62E-05,0.005761527,+,,,,NA,"(1 of 2) PTHR31351//PTHR31351:SF4 - FAMILY NOT NAMED // GENOMIC DNA, CHROMOSOME 3, P1 CLONE: MWI23-RELATED",,,,PF05703 PF08458,PTHR31351 PTHR31351:SF4,Plant protein of unknown function (DUF828) with plant pleckstrin homology-like region
non-genetic,Manes.01G208500,24.88448358,0.772796052,0.19003481,4.066602603,4.77E-05,0.005852963,+,,,malate transport,NA,(1 of 8) PF13515 - Fusaric acid resistance protein-like (FUSC_2),GO:0015743,,,PF13515,PTHR31086 PTHR31086:SF13,
non-genetic,Manes.01G051900,8.115318096,-0.847598183,0.209188562,-4.051838093,5.08E-05,0.006028166,-,,,electron transfer activity,NA,(1 of 57) PF02298 - Plastocyanin-like domain (Cu_bind_like),GO:0009055,,,PF02298,PTHR33021 PTHR33021:SF44,early nodulin-like protein 8
non-genetic,Manes.15G098800,7.29261643,-0.786735453,0.194078052,-4.053706463,5.04E-05,0.006028166,-,,,"catalytic activity; alpha,alpha-trehalose-phosphate synthase (UDP-forming) activity; trehalose biosynthetic process",NA,(1 of 4) PTHR10788:SF6 - BCDNA.GH08860,GO:0003824 GO:0003825 GO:0005992,,K16055,PF00982 PF02358,PTHR10788 PTHR10788:SF6,trehalose-6-phosphate synthase
non-genetic,Manes.10G072350,24.85806879,-1.227453909,0.304721913,-4.028111722,5.62E-05,0.0063643,-,PWY-5271,phaseic acid biosynthesis,"monooxygenase activity; iron ion binding; oxidoreductase activity, acting on paired donors, with incorporation or reduction of molecular oxygen; heme binding",NA,(1 of 3) PTHR24286:SF10 - ABSCISIC ACID 8'-HYDROXYLASE 1-RELATED,GO:0004497 GO:0005506 GO:0016705 GO:0020037 GO:0055114,KOG0157,,PF00067,PTHR24286 PTHR24286:SF10,"cytochrome P450, family 707, subfamily A, polypeptide 3"
non-genetic,Manes.16G092600,33.47109428,-0.745171547,0.185177709,-4.024088809,5.72E-05,0.006428788,-,,,response to auxin,NA,(1 of 129) PF02519 - Auxin responsive protein (Auxin_inducible),GO:0009733,,,PF02519,PTHR31374 PTHR31374:SF5,SAUR-like auxin-responsive protein family
non-genetic,Manes.10G141601,47.13424539,0.590175896,0.147106883,4.011884996,6.02E-05,0.006631306,+,,,ADP binding,NA,(1 of 86) PTHR23155//PTHR23155:SF563 - LEUCINE-RICH REPEAT-CONTAINING PROTEIN // SUBFAMILY NOT NAMED,GO:0043531,KOG4658,,PF00931,PTHR23155 PTHR23155:SF563,
non-genetic,Manes.17G096900,12.15461369,-2.250416624,0.560714827,-4.013478,5.98E-05,0.006631306,-,,,,NA,(1 of 2) PTHR36346//PTHR36346:SF1 - FAMILY NOT NAMED // EXPRESSED PROTEIN,,,,,PTHR36346 PTHR36346:SF1,
non-genetic,Manes.05G130500,265.8190376,-0.659464915,0.165241754,-3.990909686,6.58E-05,0.007082339,-,DETOX1-PWY-1; DETOX1-PWY,reactive oxygen species degradation; superoxide radicals degradation,catalase activity; response to oxidative stress; heme binding,NA,(1 of 2) PTHR11465//PTHR11465:SF15 - CATALASE // SUBFAMILY NOT NAMED,GO:0004096 GO:0006979 GO:0020037 GO:0055114,,K03781,PF00199 PF06628,PTHR11465 PTHR11465:SF15,
non-genetic,Manes.02G034900,4427.712054,0.578847369,0.145852144,3.968727189,7.23E-05,0.007112662,+,PWY-1081,homogalacturonan degradation,enzyme inhibitor activity,NA,(1 of 4) PTHR31080:SF8 - F23N19.12,GO:0004857,,,PF04043,PTHR31080 PTHR31080:SF8,
non-genetic,Manes.02G224801,7.740729821,0.566361078,0.142414626,3.976846291,6.98E-05,0.007112662,+,,,,NA,(1 of 1) PTHR12357:SF24 - EVOLUTIONARILY CONSERVED C-TERMINAL REGION 10,,KOG1901,,PF04146,PTHR12357 PTHR12357:SF24,evolutionarily conserved C-terminal region 10
non-genetic,Manes.04G066900,137.9145503,-0.753436307,0.190100245,-3.963363158,7.39E-05,0.007112662,-,,,,NA,(1 of 17) PF04674 - Phosphate-induced protein 1 conserved region (Phi_1),,,,PF04674,PTHR31279 PTHR31279:SF9,EXORDIUM like 5
non-genetic,Manes.05G140900,73.23419328,-0.613360821,0.154416407,-3.972122094,7.12E-05,0.007112662,-,PWY-6824; PWY-5466,justicidin B biosynthesis; matairesinol biosynthesis,copper ion binding; oxidoreductase activity,NA,(1 of 2) PTHR11709:SF90 - MULTI-COPPER OXIDASE TYPE I FAMILY PROTEIN-RELATED,GO:0005507 GO:0016491 GO:0055114,,,PF00394 PF07731 PF07732,PTHR11709 PTHR11709:SF90,SKU5 similar 5
non-genetic,Manes.06G128700,8.891503054,-1.068864483,0.268577963,-3.979717735,6.90E-05,0.007112662,-,,,"peroxidase activity; calcium ion binding; membrane; oxidoreductase activity; oxidoreductase activity, acting on NAD(P)H, oxygen as acceptor",NA,(1 of 2) PTHR11972//PTHR11972:SF64 - NADPH OXIDASE // RESPIRATORY BURST OXIDASE HOMOLOG PROTEIN A-RELATED,GO:0004601 GO:0005509 GO:0016020 GO:0016491 GO:0050664 GO:0055114,,K13447,PF01794 PF08022 PF08030 PF08414,PTHR11972 PTHR11972:SF64,
non-genetic,Manes.09G182100,7.450955207,-0.780722426,0.196405705,-3.975049624,7.04E-05,0.007112662,-,,,hydrolase activity,NA,(1 of 2) PTHR21562//PTHR21562:SF5 - NOTUM-RELATED // PECTINACETYLESTERASE FAMILY PROTEIN,GO:0016787,,,PF03283,PTHR21562 PTHR21562:SF5,Pectinacetylesterase family protein
non-genetic,Manes.10G141500,14.16592077,0.683558811,0.172467694,3.963402051,7.39E-05,0.007112662,+,,,ADP binding,NA,(1 of 86) PTHR23155//PTHR23155:SF563 - LEUCINE-RICH REPEAT-CONTAINING PROTEIN // SUBFAMILY NOT NAMED,GO:0043531,KOG4658,,PF00931,PTHR23155 PTHR23155:SF563,
non-genetic,Manes.11G011300,147.4232864,-0.528277271,0.132532431,-3.986022651,6.72E-05,0.007112662,-,,,protein kinase activity; protein tyrosine kinase activity; protein binding; ATP binding; protein phosphorylation,NA,(1 of 25) PF07714//PF08263//PF13855 - Protein tyrosine kinase (Pkinase_Tyr) // Leucine rich repeat N-terminal domain (LRRNT_2) // Leucine rich repeat (LRR_8),GO:0004672 GO:0004713 GO:0005515 GO:0005524 GO:0006468,KOG1187,,PF07714 PF08263 PF13855,PTHR27001 PTHR27001:SF81,STRUBBELIG-receptor family 6
non-genetic,Manes.18G065800,182.9679757,-0.885894434,0.223729283,-3.95967136,7.51E-05,0.007180515,-,,,,NA,"(1 of 5) PTHR31279:SF3 - (PHI-1) PROTEIN, PUTATIVE-RELATED",,,,PF04674,PTHR31279 PTHR31279:SF3,Phosphate-responsive 1 family protein
non-genetic,Manes.05G025200,34.00830183,-0.701317731,0.177428765,-3.952672099,7.73E-05,0.007208348,-,,,,NA,(1 of 2) PTHR32285//PTHR32285:SF9 - FAMILY NOT NAMED // PROTEIN TRICHOME BIREFRINGENCE-LIKE 25-RELATED,,,,PF13839 PF14416,PTHR32285 PTHR32285:SF9,TRICHOME BIREFRINGENCE-LIKE 25
non-genetic,Manes.06G167500,18.13762908,-0.762174028,0.193850908,-3.93175372,8.43E-05,0.007501257,-,,,protein binding,NA,(1 of 3) PTHR27000:SF151 - DNA-DAMAGE-REPAIR/TOLERATION PROTEIN DRT100-RELATED,GO:0005515,,,PF00560 PF08263 PF13855,PTHR27000 PTHR27000:SF151,Leucine-rich repeat (LRR) family protein
non-genetic,Manes.15G033100,492.5117602,0.891497047,0.22769396,3.915330241,9.03E-05,0.007561825,+,,,,NA,"(1 of 1) PTHR14154//PTHR14154:SF5 - UPF0041 BRAIN PROTEIN 44-RELATED // EARLY LIGHT-INDUCED PROTEIN 1, CHLOROPLASTIC-RELATED",,,,PF00504,PTHR14154 PTHR14154:SF5,Chlorophyll A-B binding family protein
non-genetic,Manes.16G075700,579.7574954,0.600601937,0.153349342,3.916560259,8.98E-05,0.007561825,+,PWY-7101,5-deoxystrigol biosynthesis,,NA,"(1 of 1) 1.13.11.69//1.13.11.70 - Carlactone synthase // All-trans-10'-apo-beta-carotenal 13,14-cleaving dioxygenase / Carotenoid cleavage dioxygenase 8",,KOG1285,K17913,PF03055,PTHR10543 PTHR10543:SF50,carotenoid cleavage dioxygenase 8
non-genetic,Manes.12G139700,466.370081,-0.654670355,0.16730521,-3.913030294,9.11E-05,0.007590545,-,,,,NA,,,,,,PTHR36067 PTHR36067:SF1,
non-genetic,Manes.03G028600,7.053024279,-0.74141697,0.191501919,-3.871590292,0.000108128,0.008319668,-,,,,NA,(1 of 7) PF06219 - Protein of unknown function (DUF1005) (DUF1005),,,,PF06219,PTHR31317 PTHR31317:SF2,Protein of unknown function (DUF1005)
non-genetic,Manes.04G135800,52.66084767,0.580116497,0.149807022,3.872425266,0.000107758,0.008319668,+,,,nucleic acid binding,NA,(1 of 3) PTHR24012:SF455 - POLYADENYLATE-BINDING PROTEIN 7,GO:0003676,KOG0123,K13126,PF00076,PTHR24012 PTHR24012:SF455,poly(A) binding protein 6
non-genetic,Manes.16G107200,81.91426203,-0.60561239,0.156325421,-3.874049325,0.000107042,0.008319668,-,,,,NA,(1 of 7) PF06219 - Protein of unknown function (DUF1005) (DUF1005),,,,PF06219,PTHR31317 PTHR31317:SF2,Protein of unknown function (DUF1005)
non-genetic,Manes.13G141200,30.33114085,-0.759845849,0.196706351,-3.862843509,0.000112075,0.008402953,-,,,,NA,(1 of 1) PTHR32077//PTHR32077:SF6 - FAMILY NOT NAMED // FASCICLIN-LIKE ARABINOGALACTAN PROTEIN 13-RELATED,,,,PF02469,PTHR32077 PTHR32077:SF6,FASCICLIN-like arabinoogalactan 9
non-genetic,Manes.14G146000,455.5351883,-0.807519258,0.209595958,-3.852742506,0.000116802,0.00849485,-,,,"hydrolase activity, hydrolyzing O-glycosyl compounds; cell wall; carbohydrate metabolic process; xyloglucan metabolic process; xyloglucan:xyloglucosyl transferase activity; cell wall biogenesis; apoplast",NA,(1 of 13) K08235//K14504 - xyloglucan:xyloglucosyl transferase (E2.4.1.207) // xyloglucan:xyloglucosyl transferase TCH4 (TCH4),GO:0004553 GO:0005618 GO:0005975 GO:0006073 GO:0010411 GO:0016762 GO:0042546 GO:0048046,,K08235 K14504,PF00722 PF06955,PTHR31062 PTHR31062:SF32,xyloglucan endotransglycosylase 6
non-genetic,Manes.02G161700,34.56146683,-0.918053509,0.239705604,-3.829920932,0.000128184,0.008949641,-,,,DNA-binding transcription factor activity; regulation of DNA-templated transcription,NA,(1 of 2) PTHR31985:SF37 - ETHYLENE-RESPONSIVE TRANSCRIPTION FACTOR ERF014,GO:0003700 GO:0006355,,,PF00847,PTHR31985 PTHR31985:SF37,Integrase-type DNA-binding superfamily protein
non-genetic,Manes.17G118227,96.9824991,-0.595249774,0.155601939,-3.825465015,0.000130525,0.008949641,-,PWY-6824; PWY-5466; PWY-7445; PWY-7214,justicidin B biosynthesis; matairesinol biosynthesis; luteolin triglucuronide degradation; baicalein degradation (hydrogen peroxide detoxification),peroxidase activity; response to oxidative stress; heme binding,NA,(1 of 4) PTHR31517//PTHR31517:SF11 - FAMILY NOT NAMED // PEROXIDASE 31-RELATED,GO:0004601 GO:0006979 GO:0020037 GO:0055114,,K00430,PF00141,PTHR31517 PTHR31517:SF11,Peroxidase superfamily protein
non-genetic,Manes.03G182700,39.52499287,-0.566739369,0.149523843,-3.79029429,0.000150469,0.009687924,-,,,,NA,,,,,,PTHR34956 PTHR34956:SF2,
non-genetic,Manes.14G012200,12.33230211,-0.776877927,0.205376512,-3.782700954,0.000155136,0.009855719,-,,,,NA,(1 of 3) PTHR31301:SF15 - LOB DOMAIN-CONTAINING PROTEIN 4,,,,PF03195,PTHR31301 PTHR31301:SF15,
non-genetic,Manes.01G198900,30.86636395,-0.805154394,0.212957986,-3.780813336,0.000156317,0.009891656,-,,,catalytic activity; trehalose biosynthetic process; metabolic process,NA,"(1 of 4) PTHR10788//PTHR10788:SF14 - TREHALOSE-6-PHOSPHATE SYNTHASE // ALPHA,ALPHA-TREHALOSE-PHOSPHATE SYNTHASE [UDP-FORMING] 10-RELATED",GO:0003824 GO:0005992 GO:0008152,,K16055,PF00982 PF02358,PTHR10788 PTHR10788:SF14,trehalose-phosphatase/synthase 9
non-genetic,Manes.03G119700,42.87926791,0.579367915,0.153513143,3.774060677,0.000160612,0.009970963,+,,,protein dimerization activity,NA,(1 of 2) PTHR16223:SF46 - TRANSCRIPTION FACTOR BHLH123,GO:0046983,,,,PTHR16223 PTHR16223:SF46,basic helix-loop-helix (bHLH) DNA-binding superfamily protein
non-genetic,Manes.09G019400,15.86627747,0.858621649,0.228286242,3.761162488,0.000169126,0.010117348,+,,,,NA,(1 of 2) PTHR31696:SF14 - PROTEIN MIZU-KUSSEI 1,,,,PF04759,PTHR31696 PTHR31696:SF14,"Protein of unknown function, DUF617"
non-genetic,Manes.16G126900,18.44006331,-0.660954789,0.175624466,-3.76345507,0.000167582,0.010117348,-,,,DNA-binding transcription factor activity; regulation of DNA-templated transcription,NA,(1 of 5) PTHR31194:SF4 - ETHYLENE-RESPONSIVE TRANSCRIPTION FACTOR ERF003,GO:0003700 GO:0006355,,,PF00847,PTHR31194 PTHR31194:SF4,Integrase-type DNA-binding superfamily protein
non-genetic,Manes.01G076500,9.376386782,-0.807878436,0.215249673,-3.753215628,0.000174581,0.010316299,-,PWY66-373; PWY-621,sucrose degradation V (sucrose &alpha;-glucosidase); sucrose degradation III (sucrose invertase),"hydrolase activity, hydrolyzing O-glycosyl compounds; beta-fructofuranosidase activity; sucrose alpha-glucosidase activity; carbohydrate metabolic process",carb,"(1 of 2) PTHR31953//PTHR31953:SF17 - FAMILY NOT NAMED // ACID BETA-FRUCTOFURANOSIDASE 3, VACUOLAR-RELATED",GO:0004553 GO:0004564 GO:0004575 GO:0005975,,K01193,PF00251 PF08244 PF11837,PTHR31953 PTHR31953:SF17,Glycosyl hydrolases family 32 protein
non-genetic,Manes.14G059900,47.54489633,-0.826837042,0.222728761,-3.712304766,0.00020538,0.011542239,-,,,,NA,(1 of 15) PF05910 - Plant protein of unknown function (DUF868) (DUF868),,,,PF05910,PTHR31972 PTHR31972:SF12,
non-genetic,Manes.08G094400,738.8623807,-0.795160186,0.215102668,-3.696654216,0.00021846,0.011782888,-,PWY-5486; PWY-6330,pyruvate fermentation to ethanol II; acetaldehyde biosynthesis II,magnesium ion binding; catalytic activity; carboxy-lyase activity; thiamine pyrophosphate binding,carb,(1 of 2) PTHR18968:SF137 - PYRUVATE DECARBOXYLASE 2,GO:0000287 GO:0003824 GO:0016831 GO:0030976,,K01568,PF00205 PF02775 PF02776,PTHR18968 PTHR18968:SF137,Thiamine pyrophosphate dependent pyruvate decarboxylase family protein
non-genetic,Manes.08G019501,104.3034401,0.666470554,0.181511075,3.67179002,0.000240858,0.012146483,+,,,"iron ion binding; oxidoreductase activity, acting on paired donors, with incorporation or reduction of molecular oxygen; heme binding",NA,(1 of 366) PF00067 - Cytochrome P450 (p450),GO:0005506 GO:0016705 GO:0020037 GO:0055114,,,PF00067,PTHR24298 PTHR24298:SF119,
non-genetic,Manes.06G129200,34.28684825,-0.534673251,0.147517947,-3.624462387,0.000289563,0.013376619,-,,,cysteine-type endopeptidase activity; proteolysis,NA,(1 of 2) PTHR31773//PTHR31773:SF11 - FAMILY NOT NAMED // METACASPASE-2,GO:0004197 GO:0006508,KOG1546,,PF00656 PF06943,PTHR31773 PTHR31773:SF11,
non-genetic,Manes.06G028600,1289.249493,-0.623117351,0.175267755,-3.555230964,0.000377647,0.015103237,-,,,,NA,(1 of 2) PTHR33228:SF5 - PROTEIN GLUTAMINE DUMPER 1-RELATED,,,,,PTHR33228 PTHR33228:SF5,glutamine dumper 3
non-genetic,Manes.08G074600,28.51678059,0.535454229,0.150681313,3.55355431,0.000380063,0.015103237,+,,,metal ion transport; metal ion binding,NA,(1 of 2) PTHR22814//PTHR22814:SF16 - COPPER TRANSPORT PROTEIN ATOX1-RELATED // CHLOROPLAST-TARGETED COPPER CHAPERONE PROTEIN,GO:0030001 GO:0046872,KOG1603,,PF00403,PTHR22814 PTHR22814:SF16,Chloroplast-targeted copper chaperone protein
non-genetic,Manes.18G034822,32.84404532,-1.018895598,0.286417202,-3.557382689,0.000374568,0.015103237,-,,,,NA,(1 of 2) PTHR10641//PTHR10641:SF611 - MYB-LIKE DNA-BINDING PROTEIN MYB // SUBFAMILY NOT NAMED,,,,PF00249,PTHR10641 PTHR10641:SF611,
non-genetic,Manes.14G038900,87.36387319,-0.761284003,0.214569995,-3.547951811,0.000388239,0.015294533,-,,,DNA-binding transcription factor activity; regulation of DNA-templated transcription,NA,(1 of 2) PTHR31677//PTHR31677:SF24 - FAMILY NOT NAMED // ETHYLENE-RESPONSIVE TRANSCRIPTION FACTOR ERF106,GO:0003700 GO:0006355,,,PF00847,PTHR31677 PTHR31677:SF24,Integrase-type DNA-binding superfamily protein
non-genetic,Manes.12G095700,27.04784265,-0.533285675,0.150975412,-3.532268383,0.000412011,0.015842709,-,,,,NA,(1 of 5) PTHR10992:SF56 - METHYLESTERASE 4-RELATED,,KOG1454,,PF12697,PTHR10992 PTHR10992:SF56,
non-genetic,Manes.16G122300,12.62038268,0.544988141,0.154686585,3.523176511,0.000426407,0.016196909,+,,,,NA,,,,,,PTHR35300 PTHR35300:SF1,
non-genetic,Manes.18G139820,46.23194164,1.103523914,0.314540297,3.508370549,0.000450861,0.016432386,+,,,,NA,(1 of 3) PTHR11527//PTHR11527:SF170 - SMALL HEAT-SHOCK PROTEIN  HSP20  FAMILY // SUBFAMILY NOT NAMED,,KOG0710,K13993,PF00011,PTHR11527 PTHR11527:SF170,
non-genetic,Manes.15G038200,20.15340586,-0.507600109,0.144895484,-3.503215533,0.000459677,0.016503653,-,,,,NA,,,,,,PTHR33912 PTHR33912:SF2,
non-genetic,Manes.07G081100,64.44821247,-1.041382023,0.298271225,-3.49139285,0.000480509,0.016833428,-,PWY-5271,phaseic acid biosynthesis,"monooxygenase activity; iron ion binding; oxidoreductase activity, acting on paired donors, with incorporation or reduction of molecular oxygen; heme binding",NA,(1 of 3) PTHR24286//PTHR24286:SF10 - FAMILY NOT NAMED // ABSCISIC ACID 8'-HYDROXYLASE 1-RELATED,GO:0004497 GO:0005506 GO:0016705 GO:0020037 GO:0055114,KOG0157,K09843,PF00067,PTHR24286 PTHR24286:SF10,"cytochrome P450, family 707, subfamily A, polypeptide 3"
non-genetic,Manes.09G052400,10.51792597,0.631850049,0.181220816,3.486630633,0.000489146,0.016931225,+,,,protein binding,NA,(1 of 1) PTHR19919//PTHR19919:SF4 - WD REPEAT CONTAINING PROTEIN // SUBFAMILY NOT NAMED,GO:0005515,KOG0290,K11805,,PTHR19919 PTHR19919:SF4,
non-genetic,Manes.01G214200,19.34576125,-0.559963394,0.162224242,-3.451786158,0.000556889,0.01811918,-,,,,NA,,,,,,,
non-genetic,Manes.08G105600,255.3063764,0.521502819,0.151194968,3.449207501,0.000562234,0.018182686,+,,,protein binding,NA,(1 of 3) PF00646//PF14299 - F-box domain (F-box) // Phloem protein 2 (PP2),GO:0005515,,,PF00646 PF14299,PTHR32278 PTHR32278:SF6,F-box family protein
non-genetic,Manes.03G065580,60.95032907,0.516335026,0.152390503,3.388236253,0.000703436,0.021029316,+,,,,NA,(1 of 21) PF04782//PF04783 - Protein of unknown function (DUF632) (DUF632) // Protein of unknown function (DUF630) (DUF630),,,,PF04782 PF04783,PTHR21450 PTHR21450:SF7,Protein of unknown function (DUF630 and DUF632)
non-genetic,Manes.09G082900,66.15065288,-0.607818125,0.179432581,-3.387445699,0.000705467,0.021037046,-,,,transmembrane transport,NA,(1 of 2) PTHR22601:SF2 - OLIGOPEPTIDE TRANSPORTER 3,GO:0055085,,,PF03169,PTHR22601 PTHR22601:SF2,oligopeptide transporter
non-genetic,Manes.03G179200,27.68978559,-0.57210855,0.170521974,-3.355042974,0.000793527,0.022654267,-,,,protein kinase activity; protein tyrosine kinase activity; ATP binding; protein phosphorylation,NA,(1 of 2) PTHR13902//PTHR13902:SF70 - SERINE/THREONINE-PROTEIN KINASE WNK  WITH NO LYSINE -RELATED // SUBFAMILY NOT NAMED,GO:0004672 GO:0004713 GO:0005524 GO:0006468,,K08867,PF00069,PTHR13902 PTHR13902:SF70,
non-genetic,Manes.06G051100,30.97561,-0.544622287,0.163253842,-3.336045755,0.000849792,0.023549488,-,PWY-7601; PWY-6433; PWY-7619; PWY-7606; PWY-5080; PWY-7036; PWY-6598; PWY-7726,"arachidonate biosynthesis IV (8-detaturase, lower eukaryotes); hydroxylated fatty acid biosynthesis (plants); juniperonate biosynthesis; docosahexaenoate biosynthesis III (6-desaturase, mammals); very long chain fatty acid biosynthesis I; very long chain fatty acid biosynthesis II; sciadonate biosynthesis; (4Z,7Z,10Z,13Z,16Z)-docosa-4,7,10,13,16-pentaenoate biosynthesis (6-desaturase)","fatty acid biosynthetic process; lipid biosynthetic process; membrane; acyltransferase activity, transferring groups other than amino-acyl groups",NA,"(1 of 10) 2.3.1.119//2.3.1.199 - Transferred entry: 1.1.1.330, 1.3.1.93, 2.3.1.199 and 4.2.1.134 // Very-long-chain 3-oxoacyl-CoA synthase / Very-long-chain beta-ketoacyl-CoA synthase",GO:0006633 GO:0008610 GO:0016020 GO:0016747,,K15397,PF08392 PF08541,PTHR31561 PTHR31561:SF19,3-ketoacyl-CoA synthase 11
non-genetic,Manes.17G079268,7.57892015,-0.578178608,0.173442954,-3.333537588,0.000857491,0.023681186,-,,,defense response; response to biotic stimulus,NA,(1 of 13) PTHR31907:SF4 - MLP-LIKE PROTEIN 165-RELATED,GO:0006952 GO:0009607,,,PF00407,PTHR31907 PTHR31907:SF4,MLP-like protein 31
non-genetic,Manes.16G066000,13.56547871,-0.54983787,0.165037911,-3.331585256,0.000863528,0.023700155,-,,,,NA,(1 of 2) PTHR14255//PTHR14255:SF1 - ATP-DEPENDENT PROTEASE  CEREBLON // SUBFAMILY NOT NAMED,GO:0016021,,,PF01925,PTHR14255 PTHR14255:SF1,Sulfite exporter TauE/SafE family protein
non-genetic,Manes.06G161400,88.28184862,-0.582230211,0.175451829,-3.318461902,0.000905147,0.02439132,-,PWY-621; PWY-7238; ANAGLYCOLYSIS-PWY; GLUCOSE1PMETAB-PWY; ANAEROFRUCAT-PWY,sucrose degradation III (sucrose invertase); sucrose biosynthesis II; glycolysis III (from glucose); glucose and glucose-1-phosphate degradation; homolactic fermentation,"intracellular glucose homeostasis; hexokinase activity; ATP binding; D-glucose binding; carbohydrate metabolic process; phosphotransferase activity, alcohol group as acceptor; carbohydrate phosphorylation",carb,(1 of 2) PTHR19443:SF6 - HEXOKINASE-3-RELATED,GO:0001678 GO:0004396 GO:0005524 GO:0005536 GO:0005975 GO:0016773 GO:0046835,,K00844,PF00349 PF03727,PTHR19443 PTHR19443:SF6,hexokinase-like 1
non-genetic,Manes.09G124900,32.19729506,0.516795219,0.156092454,3.310827686,0.000930205,0.024866487,+,,,DNA binding; regulation of DNA-templated transcription,NA,(1 of 152) PF02365 - No apical meristem (NAM) protein (NAM),GO:0003677 GO:0006355,,,PF02365,PTHR31989,
non-genetic,Manes.09G143300,15.80530595,-0.76194295,0.230313006,-3.308293195,0.000938665,0.024954421,-,,,extracellular region; plant-type cell wall organization,NA,(1 of 43) PF01357//PF03330 - Pollen allergen (Pollen_allerg_1) // Rare lipoprotein A (RlpA)-like double-psi beta-barrel (DPBB_1),GO:0005576 GO:0009664,,,PF01357 PF03330,PTHR31867,
non-genetic,Manes.14G160600,13.05134818,0.536044381,0.162491298,3.29891132,0.000970606,0.02531558,+,,,,NA,(1 of 207) PF01535//PF13041 - PPR repeat (PPR) // PPR repeat family (PPR_2),,,,PF01535 PF13041,PTHR24015 PTHR24015:SF430,Tetratricopeptide repeat (TPR)-like superfamily protein
non-genetic,Manes.15G112500,31.6454144,-0.624062396,0.189971947,-3.285023952,0.001019737,0.025952719,-,,,,NA,(1 of 2) PTHR11132//PTHR11132:SF132 - SOLUTE CARRIER FAMILY 35 // SUBFAMILY NOT NAMED,,KOG1441,,PF03151,PTHR11132 PTHR11132:SF132,
non-genetic,Manes.12G020000,39.58431522,-0.676368928,0.208347319,-3.246352924,0.001168938,0.027589347,-,,,protein binding,NA,(1 of 1) KOG0265//KOG0645 - U5 snRNP-specific protein-like factor and related proteins // WD40 repeat protein,GO:0005515,KOG0265 KOG0645,,PF00400,PTHR22844 PTHR22844:SF199,Transducin/WD40 repeat-like superfamily protein
non-genetic,Manes.14G138300,64.70020335,0.606869931,0.186891357,3.247180297,0.001165545,0.027589347,+,,,,NA,,,,,,,
non-genetic,Manes.06G106800,11.23492313,0.536487911,0.165663623,3.23841712,0.001201949,0.027797025,+,,,protein kinase activity; protein tyrosine kinase activity; ATP binding; protein phosphorylation,NA,(1 of 1) PTHR27002//PTHR27002:SF121 - FAMILY NOT NAMED // CYSTEINE-RICH RECEPTOR-LIKE PROTEIN KINASE 1,GO:0004672 GO:0004713 GO:0005524 GO:0006468,KOG1187,,PF00069 PF01657,PTHR27002 PTHR27002:SF121,
non-genetic,Manes.04G163400,10.74065544,-0.515412548,0.159487802,-3.231673771,0.001230675,0.028158276,-,,,protein binding,NA,(1 of 2) PTHR32295//PTHR32295:SF35 - FAMILY NOT NAMED // PROTEIN IQ-DOMAIN 11,GO:0005515,,,PF00612 PF13178,PTHR32295 PTHR32295:SF35,IQ-domain 11
non-genetic,Manes.05G050300,22.53783816,-0.623368157,0.193816735,-3.216276236,0.001298658,0.028950519,-,,,DNA binding; DNA-binding transcription factor activity; nucleus; regulation of DNA-templated transcription; zinc ion binding; sequence-specific DNA binding; positive regulation of DNA-templated transcription,NA,(1 of 1) PTHR10071//PTHR10071:SF207 - TRANSCRIPTION FACTOR GATA  GATA BINDING FACTOR // GATA TRANSCRIPTION FACTOR 4,GO:0003677 GO:0003700 GO:0005634 GO:0006355 GO:0008270 GO:0043565 GO:0045893,KOG1601,,PF00320,PTHR10071 PTHR10071:SF207,GATA transcription factor 2
non-genetic,Manes.14G162000,9.259770799,0.556109122,0.173014815,3.214228345,0.001307956,0.028998412,+,,,protein kinase activity; protein tyrosine kinase activity; ATP binding; protein phosphorylation,NA,(1 of 2) PTHR27003:SF15 - LEUCINE-RICH REPEAT PROTEIN KINASE-LIKE PROTEIN,GO:0004672 GO:0004713 GO:0005524 GO:0006468,KOG1187,,PF07714,PTHR27003 PTHR27003:SF15,Leucine-rich repeat protein kinase family protein
non-genetic,Manes.01G187900,25.37275475,-0.700871003,0.218965388,-3.200830087,0.001370323,0.029804583,-,,,DNA binding; DNA-binding transcription factor activity; regulation of DNA-templated transcription; sequence-specific DNA binding,NA,(1 of 2) PTHR24326//PTHR24326:SF176 - FAMILY NOT NAMED // HOMEOBOX-LEUCINE ZIPPER PROTEIN ATHB-13-RELATED,GO:0003677 GO:0003700 GO:0006355 GO:0043565,KOG0483,K09338,PF00046 PF02183,PTHR24326 PTHR24326:SF176,Homeobox-leucine zipper protein family
non-genetic,Manes.13G062800,8.080794295,0.552711454,0.173580358,3.184182017,0.001451637,0.030740661,+,,,protein binding,NA,(1 of 4) 2.7.10.2//2.7.12.1 - Non-specific protein-tyrosine kinase / Cytoplasmic protein tyrosine kinase // Dual-specificity kinase,GO:0005515,,,PF07647,PTHR24176,Sterile alpha motif (SAM) domain-containing protein
non-genetic,Manes.05G048400,112.3731619,-0.728930974,0.229939802,-3.170094814,0.001523892,0.031314745,-,,,,NA,(1 of 25) PF00234 - Protease inhibitor/seed storage/LTP family (Tryp_alpha_amyl),,,,PF00234,PTHR31731,Bifunctional inhibitor/lipid-transfer protein/seed storage 2S albumin superfamily protein
non-genetic,Manes.04G138300,11.68594297,1.094826364,0.346789066,3.157038298,0.001593804,0.032021517,+,,,,NA,(1 of 10) PTHR11527//PTHR11527:SF152 - SMALL HEAT-SHOCK PROTEIN  HSP20  FAMILY // SUBFAMILY NOT NAMED,,KOG0710,K13993,PF00011,PTHR11527 PTHR11527:SF152,heat shock protein 18.2
non-genetic,Manes.01G269600,8.33921503,-0.648059001,0.205651577,-3.151247416,0.001625747,0.032279055,-,,,,NA,(1 of 2) PTHR15615:SF15 - CYCLIN-U2-1-RELATED,,KOG1674,,PF00134,PTHR15615 PTHR15615:SF15,cyclin p3;1
non-genetic,Manes.07G095400,34.47038621,-0.729279774,0.231373416,-3.151960088,0.001621784,0.032279055,-,,,,NA,(1 of 2) PTHR22950//PTHR22950:SF240 - AMINO ACID TRANSPORTER // TRANSMEMBRANE AMINO ACID TRANSPORTER-RELATED,,KOG1303,K15015,PF01490,PTHR22950 PTHR22950:SF240,Transmembrane amino acid transporter family protein
non-genetic,Manes.10G067700,152.3141961,-0.95511522,0.303054242,-3.151631251,0.001623612,0.032279055,-,PWY-5271,phaseic acid biosynthesis,"monooxygenase activity; iron ion binding; oxidoreductase activity, acting on paired donors, with incorporation or reduction of molecular oxygen; heme binding",NA,(1 of 3) PTHR24286//PTHR24286:SF10 - FAMILY NOT NAMED // ABSCISIC ACID 8'-HYDROXYLASE 1-RELATED,GO:0004497 GO:0005506 GO:0016705 GO:0020037 GO:0055114,KOG0157,K09843,PF00067,PTHR24286 PTHR24286:SF10,"cytochrome P450, family 707, subfamily A, polypeptide 3"
non-genetic,Manes.17G046300,76.24090664,-1.078221258,0.342175653,-3.151075328,0.001626705,0.032279055,-,,,,NA,(1 of 2) PTHR31579//PTHR31579:SF11 - FAMILY NOT NAMED // EXPRESSED PROTEIN,,,,PF04720,PTHR31579 PTHR31579:SF11,Protein of unknown function (DUF506)
non-genetic,Manes.01G232000,18.62312417,-0.66736421,0.21256523,-3.139573725,0.001691938,0.032934705,-,,,solute:inorganic anion antiporter activity; monoatomic anion transport; membrane,NA,(1 of 2) PTHR11453:SF44 - BORON TRANSPORTER 1-RELATED,GO:0005452 GO:0006820 GO:0016020 GO:0016021,,,PF00955,PTHR11453 PTHR11453:SF44,HCO3- transporter family
non-genetic,Manes.15G113200,60.42644584,-0.626795839,0.199750501,-3.137893705,0.001701666,0.033032456,-,,,,NA,,,,,,PTHR35714 PTHR35714:SF1,
non-genetic,Manes.14G136000,11.77191606,-1.178695344,0.377333794,-3.123747098,0.001785639,0.033535215,-,,,,NA,,,,,,PTHR38225 PTHR38225:SF1,
non-genetic,Manes.17G081300,44.18249199,-0.518025822,0.165907599,-3.122375505,0.00179398,0.033646014,-,PWY-1081,homogalacturonan degradation,enzyme inhibitor activity,NA,(1 of 2) PTHR31080//PTHR31080:SF10 - FAMILY NOT NAMED // PLANT INVERTASE/PECTIN METHYLESTERASE INHIBITOR DOMAIN-CONTAINING PROTEIN,GO:0004857,,,PF04043,PTHR31080 PTHR31080:SF10,Plant invertase/pectin methylesterase inhibitor superfamily protein
non-genetic,Manes.03G053700,102.4743077,-0.558221791,0.178946834,-3.119484027,0.001811681,0.033784957,-,,,,NA,,,,,,PTHR33172 PTHR33172:SF6,
non-genetic,Manes.13G033900,16.01555179,-0.815164779,0.261316933,-3.11944875,0.001811898,0.033784957,-,,,,NA,(1 of 3) PTHR10641//PTHR10641:SF523 - MYB-LIKE DNA-BINDING PROTEIN MYB // SUBFAMILY NOT NAMED,,KOG0048,K09422,PF00249,PTHR10641 PTHR10641:SF523,myb domain protein 14
non-genetic,Manes.03G069017,10.12540199,0.526904188,0.169043538,3.116973269,0.001827181,0.033830106,+,,,,NA,,,,,,,
non-genetic,Manes.18G146501,9.229118059,-0.514069091,0.165816348,-3.100231654,0.001933693,0.034566531,-,PWY-6902,chitin degradation II,chitin binding,NA,(1 of 20) PTHR22595:SF34 - BASIC ENDOCHITINASE B,GO:0008061,,,PF00187,PTHR22595 PTHR22595:SF34,
non-genetic,Manes.10G121600,750.6885022,0.737383569,0.238715751,3.088960677,0.00200858,0.035390237,+,,,,NA,(1 of 3) PTHR11527:SF135 - 22.0 KDA HEAT SHOCK PROTEIN,,,K13993,PF00011,PTHR11527 PTHR11527:SF135,HSP20-like chaperones superfamily protein
non-genetic,Manes.11G032500,20.69764695,-0.786502943,0.25467846,-3.088219324,0.002013598,0.035390237,-,,,,NA,(1 of 4) PTHR33172//PTHR33172:SF2 - FAMILY NOT NAMED // EMB|CAB83157.1,,,,,PTHR33172 PTHR33172:SF2,
non-genetic,Manes.05G002900,15.7359585,-0.569563038,0.184767035,-3.082600946,0.002052001,0.035803698,-,PWY-7511,protein ubiquitylation,zinc ion binding,NA,(1 of 2) PTHR23012//PTHR23012:SF93 - MEMBRANE ASSOCIATED RING FINGER // RING/FYVE/PHD ZINC FINGER-CONTAINING PROTEIN,GO:0008270,,,PF12428 PF12906,PTHR23012 PTHR23012:SF93,RING/FYVE/PHD zinc finger superfamily protein
non-genetic,Manes.10G007900,12.93330827,-0.60433641,0.196230855,-3.079721636,0.002071941,0.035963623,-,,,,NA,(1 of 4) PTHR31213//PTHR31213:SF3 - FAMILY NOT NAMED // ABSCISIC ACID RECEPTOR PYL4,,,K14496,PF10604,PTHR31213 PTHR31213:SF3,PYR1-like 4
non-genetic,Manes.11G095000,6.931121291,-0.831235359,0.269967276,-3.079022657,0.002076809,0.036009222,-,,,actin binding; intracellular anatomical structure; actin cytoskeleton; actin filament depolymerization,NA,(1 of 2) PTHR11913//PTHR11913:SF16 - COFILIN-RELATED // ACTIN-DEPOLYMERIZING FACTOR 5-RELATED,GO:0003779 GO:0005622 GO:0015629 GO:0030042,KOG1735,K05765,PF00241,PTHR11913 PTHR11913:SF16,actin depolymerizing factor 5
non-genetic,Manes.14G114400,39.2665598,-0.588854518,0.191713431,-3.071535023,0.002129612,0.036459485,-,,,"hydrolase activity, hydrolyzing O-glycosyl compounds; cell wall; carbohydrate metabolic process; xyloglucan metabolic process; xyloglucan:xyloglucosyl transferase activity; cell wall biogenesis; apoplast",NA,(1 of 13) K14504 - xyloglucan:xyloglucosyl transferase TCH4 (TCH4),GO:0004553 GO:0005618 GO:0005975 GO:0006073 GO:0010411 GO:0016762 GO:0042546 GO:0048046,,K08235 K14504,PF00722 PF06955,PTHR31062 PTHR31062:SF32,xyloglucan endotransglycosylase 6
non-genetic,Manes.02G216800,15.33015892,-0.527529807,0.172183765,-3.063760438,0.002185739,0.036986136,-,PWY-2902,cytokinin-<i>O</i>-glucosides biosynthesis,metabolic process; hexosyltransferase activity,NA,(1 of 2) PTHR11926:SF176 - UDP-GLYCOSYLTRANSFERASE 87A2,GO:0008152 GO:0016758,KOG1192,,PF00201,PTHR11926 PTHR11926:SF176,UDP-Glycosyltransferase superfamily protein
non-genetic,Manes.01G085400,33.2097128,-0.567581061,0.185767973,-3.055322457,0.002248187,0.037758451,-,,,DNA-binding transcription factor activity; regulation of DNA-templated transcription,NA,(1 of 2) PTHR31190:SF30 - ETHYLENE-RESPONSIVE TRANSCRIPTION FACTOR 15-RELATED,GO:0003700 GO:0006355,,K09286,PF00847,PTHR31190 PTHR31190:SF30,ethylene responsive element binding factor 1
non-genetic,Manes.13G123800,10.84408276,-0.506603443,0.16651824,-3.042330028,0.002347544,0.038541438,-,LIPAS-PWY,triacylglycerol degradation,lipid metabolic process,NA,(1 of 2) PTHR21493//PTHR21493:SF142 - CGI-141-RELATED/LIPASE CONTAINING PROTEIN // SUBFAMILY NOT NAMED,GO:0006629,KOG4569,,PF01764,PTHR21493 PTHR21493:SF142,
non-genetic,Manes.13G025000,6.509054512,0.551173417,0.181716573,3.03314887,0.002420162,0.039331911,+,,,,NA,,,,,,,
non-genetic,Manes.01G031001,7.627551379,0.586756112,0.193786694,3.02784521,0.002463042,0.039509458,+,,,DNA binding; DNA-directed 5'-3' RNA polymerase activity; extracellular matrix structural constituent; collagen trimer; DNA-templated transcription; ribonucleoside binding,NA,(1 of 2) PTHR20856:SF20 - DNA-DIRECTED RNA POLYMERASE SUBUNIT BETA,GO:0003677 GO:0003899 GO:0005201 GO:0005581 GO:0006351 GO:0032549,,,PF00562,PTHR20856 PTHR20856:SF20,
non-genetic,Manes.05G019400,8.637134438,-0.531768839,0.177098109,-3.002679383,0.002676142,0.041266826,-,,,GTPase activity; GTP binding; intracellular anatomical structure; intracellular protein transport; nucleocytoplasmic transport; signal transduction; small GTPase-mediated signal transduction; protein transport; membrane,NA,(1 of 3) PTHR24073//PTHR24073:SF345 - FAMILY NOT NAMED // RAS-RELATED PROTEIN RABA3,GO:0003924 GO:0005525 GO:0005622 GO:0006886 GO:0006913 GO:0007165 GO:0007264 GO:0015031 GO:0016020,KOG0087,K07904,PF00025,PTHR24073 PTHR24073:SF345,RAB GTPase homolog A3
non-genetic,Manes.06G056400,17.87290183,-0.597162128,0.199242186,-2.997167115,0.002725013,0.041713459,-,,,electron transfer activity,NA,(1 of 5) PTHR33021:SF55 - BLUE COPPER PROTEIN,GO:0009055,,,PF02298,PTHR33021 PTHR33021:SF55,
non-genetic,Manes.09G031400,24.75297811,-0.502586927,0.168502112,-2.982674342,0.002857419,0.042723059,-,,,protein binding,NA,(1 of 2) PTHR27000//PTHR27000:SF136 - FAMILY NOT NAMED // POLYGALACTURONASE INHIBITOR 1-RELATED,GO:0005515,,,PF00560 PF08263,PTHR27000 PTHR27000:SF136,polygalacturonase inhibiting protein 1
non-genetic,Manes.17G012402,15.89223824,0.538127453,0.180474925,2.981729744,0.002866249,0.042784315,+,PWY-4302; PWY-5083; PWY-3781,aerobic respiration III (alternative oxidase pathway); NAD/NADH phosphorylation and dephosphorylation; aerobic respiration I (cytochrome c),,NA,"(1 of 4) PTHR10849 - NADH DEHYDROGENASE  UBIQUINONE  IRON-SULFUR PROTEIN 8, MITOCHONDRIAL",,KOG3256,,PF00037,PTHR10849,
non-genetic,Manes.07G065400,9.090365282,-0.632646452,0.212945685,-2.970928725,0.002969007,0.043333024,-,,,,NA,(1 of 2) PTHR23201:SF15 - GIBBERELLIN-REGULATED PROTEIN 7,,,,PF02704,PTHR23201 PTHR23201:SF15,Gibberellin-regulated family protein
non-genetic,Manes.13G069350,341.177289,-0.564792839,0.19018344,-2.969726694,0.002980648,0.043333024,-,PWY-1001,cellulose biosynthesis,membrane; cellulose synthase (UDP-forming) activity; cellulose biosynthetic process,NA,(1 of 1) PTHR13301//PTHR13301:SF53 - X-BOX TRANSCRIPTION FACTOR-RELATED // CELLULOSE SYNTHASE-LIKE PROTEIN B1-RELATED,GO:0016020 GO:0016760 GO:0030244,,,PF03552,PTHR13301 PTHR13301:SF53,cellulose synthase-like B4
non-genetic,Manes.14G098000,210.4370388,-0.585254842,0.196979938,-2.97113934,0.002966971,0.043333024,-,,,DNA binding; DNA-binding transcription factor activity; regulation of DNA-templated transcription,NA,(1 of 2) PTHR31140//PTHR31140:SF3 - FAMILY NOT NAMED // AP2/ERF AND B3 DOMAIN-CONTAINING TRANSCRIPTION REPRESSOR RAV2-RELATED,GO:0003677 GO:0003700 GO:0006355,,K09287,PF00847 PF02362,PTHR31140 PTHR31140:SF3,AP2/B3 transcription factor family protein
non-genetic,Manes.04G118400,10.85569477,-0.687350589,0.232788164,-2.952687008,0.003150212,0.044593392,-,,,,NA,,,,,,PTHR34198,
non-genetic,Manes.06G144300,152.4542222,-0.816915397,0.279150153,-2.926437215,0.003428687,0.0469787,-,,,protein binding,NA,(1 of 2) PTHR31960:SF5 - F-BOX PROTEIN PP2-A14,GO:0005515,,,PF14299,PTHR31960 PTHR31960:SF5,phloem protein 2-A14
non-genetic,Manes.11G155400,31.65798162,0.610327129,0.209766843,2.90955006,0.003619494,0.048198948,+,TRIGLSYN-PWY; PWY-7416,"diacylglycerol and triacylglycerol biosynthesis; phospholipid remodeling (phosphatidylcholine, yeast)",lipid metabolic process; O-acyltransferase activity,NA,(1 of 2) PTHR11440//PTHR11440:SF54 - LECITHIN-CHOLESTEROL ACYLTRANSFERASE-RELATED // PHOSPHOLIPID:DIACYLGLYCEROL ACYLTRANSFERASE 2-RELATED,GO:0006629 GO:0008374,KOG2369,K00679,PF02450,PTHR11440 PTHR11440:SF54,Lecithin:cholesterol acyltransferase family protein
non-genetic,Manes.02G151000,105.5872309,-0.710624001,0.244629039,-2.904904522,0.003673651,0.048598025,-,,,,NA,"(1 of 5) PTHR31279//PTHR31279:SF3 - FAMILY NOT NAMED // (PHI-1) PROTEIN, PUTATIVE-RELATED",,,,PF04674,PTHR31279 PTHR31279:SF3,Phosphate-responsive 1 family protein
non-genetic,Manes.14G145700,15.04933277,-1.043432889,0.359670803,-2.901077542,0.003718818,0.049074358,-,,,"hydrolase activity, hydrolyzing O-glycosyl compounds; cell wall; carbohydrate metabolic process; xyloglucan metabolic process; xyloglucan:xyloglucosyl transferase activity; cell wall biogenesis; apoplast",NA,(1 of 13) K14504 - xyloglucan:xyloglucosyl transferase TCH4 (TCH4),GO:0004553 GO:0005618 GO:0005975 GO:0006073 GO:0010411 GO:0016762 GO:0042546 GO:0048046,,K08235 K14504,PF00722 PF06955,PTHR31062 PTHR31062:SF32,xyloglucan endotransglycosylase 6