Extr Set Date,tube_ID,Phytoene,Phytofluene,Zeta Carotene, Beta Carotene,Violaxanthin peak 1,Violaxanthin peak 2,Lutein,,,,
6112024,2,202.35,140,111.06,3827.36,82.39,119.13,27.28,,,,
6112024,3,580.73,388.02,235.34,7635.56,204.86,312.33,70.27,,,,
6112024,4,248.82,162.4,109.04,5079.35,116.87,183.57,54.23,,,,
6112024,6,221.39,143.09,112.95,4772,92.39,130.13,74.36,,,,
6112024,7,1149.96,789.21,420.6,9437.73,218.02,278.96,24.1,,,,
6112024,8,276.86,172.79,110.69,3415.79,224.25,313.09,0,,,,
6112024,9,937.13,677.16,361.06,8076.63,209.83,199.47,29.7,,,,
6112024,10,257.8,167.61,98.51,2791.1,140.69,194.25,0,,,,
6112024,12,177.56,112.86,62.99,2545.62,169.29,224.58,0,,,,
6112024,13,181.01,90.37,48.02,4368.78,152.88,231.31,131,,,,
6112024,16,33.43,17,8.22,2816.9,138.83,214.48,134.3,,,,
6112024,17,99.28,62.7,64.35,6401.18,215.33,185.35,281.6,,,,
6112024,21,682.71,611.94,412.83,9282.95,78.91,108.68,0,,,,
6112024,22,332.92,287.3,217.03,8225.73,79.33,120.98,0,,,,
6112024,24,395.07,261.01,154.63,6750.53,58.4,71.83,0,,,,
6112024,26,37.86,23.73,19.49,3748.21,192.95,258.21,26.56,,,,
6112024,27,77.92,46.18,31.73,3905.18,161.5,208.53,58.65,,,,
6112024,28,106.84,60.22,51.89,5836.94,132.37,201.74,94.91,,,,
6112024,30,24.87,12.86,12.29,2610.23,86.04,102.9,0,,,,
6112024,32,87.62,54.87,29.5,2587.15,280.25,403.27,24.78,,,,
6112024,33,98.81,63.6,34.02,2652.15,374.53,554.39,25.44,,,,
6112024,34,47.83,30.33,16.92,1891.46,250.25,359.92,61.83,,,,
6112024,35,188.27,113.55,59.13,3072.28,243.86,413.3,28.53,,,,
6112024,37,275.31,158.12,109.77,3986.31,273.23,431.65,114.51,,,,
6112024,40,77.79,44.24,24.87,3225.94,203.57,231.33,363.48,,,,
6112024,41,172.01,96.58,53.72,4547.69,330.38,538.85,251.06,,,,
6112024,46,483.57,246.83,151,6510.35,91.97,123.12,128.75,,,,
6112024,S1,203.25,107.79,14.33,3000.25,123.84,191.78,31.53,,,,
6112024,S2,237.13,128.92,16.04,3351.25,133.58,191.33,34.71,,,,
6112024,S3,192.54,100.87,11.87,3160.39,128.75,155.16,35.6,,,,
6132024,1,1364.85,892.97,576.48,11596.64,218.15,283.08,65.47,,,,
6132024,5,722.48,513.2,462.5,10873.46,152.95,211.81,76.05,,,,
6132024,11,898.04,625.3,271.18,9003.8,197.34,281.32,29.38,,,,
6132024,14,27.44,15.44,12.01,2747.72,139.2,202.66,102.04,,,,
6132024,15,156.52,82.1,40.28,5633.09,240.77,331.18,203.57,,,,
6132024,18,25.15,12.29,16.01,3236.49,144.92,174.36,125.77,,,,
6132024,19,780.54,732.06,468,9448.56,175.5,243.48,0,,,,
6132024,20,327.36,312.58,278.48,8266.12,118.5,128.44,0,,,,
6132024,23,809.65,616.98,352.84,8942.54,124.58,138.14,0,,,,
6132024,25,55.97,38.86,24.36,2792.7,286.23,492.42,33.35,,,,
6132024,29,80.89,48.02,36.02,3785.01,210.95,264.97,30.87,,,,
6132024,31,328.58,205.62,102.66,4367.2,361.53,529.79,25.3,,,,
6132024,36,68.83,44.04,25.08,2161.25,249.96,317.63,52.5,,,,
6132024,39,226.95,122.97,78.48,5937.53,381.08,458.72,565.82,,,,
6132024,42,98.32,56.1,33.54,3827.99,235.38,232.2,421.61,,,,
6132024,43,1067.58,616.14,416.34,10976.31,164.97,240.84,87.75,,,,
6132024,44,444.22,280,212.37,8817.04,131.37,158.37,37.3,,,,
6132024,47,980.38,465.3,247.78,8580.83,157.3,204.05,152.35,,,,
6132024,48,656.58,314.76,158.85,7783.36,126.49,174.15,142.67,,,,
6132024,281,280.68,145.79,98.65,9704,426.74,587.78,1676.69,,,,
6132024,283,21.66,14.26,9.6,1357.67,113.78,157.37,84.72,,,,
6132024,285,21.87,14.13,9.07,1518.93,141.33,202.13,91.2,,,,
6132024,288,0,0,0,1106.7,119.57,133.73,107.1,,,,
6132024,289,510.62,284.28,168.15,7391.28,198.02,244.11,149.61,,,,
6132024,294,191.68,103.68,83.6,7550.95,239.25,305.8,336.88,,,,
6132024,300,589.33,324.78,256.85,8570.65,105.33,115.78,106.43,,,,
6132024,302,15.19,6.88,0,2959.26,91.16,129.29,42.43,,,,
6132024,304,154.29,96.02,66.6,3635.53,129.59,182.6,58.28,,,,
6132024,310,282.4,137.2,46.31,3592.07,118.05,151.49,78.89,,,,
6132024,319,502.52,273.68,168.2,8509.48,262.02,322.92,158.61,,,,
6132024,320,137.78,75.35,65.73,8297.3,192.23,229.63,201.3,,,,
6132024,324,173.88,96.12,101.52,9092.25,221.4,250.29,498.42,,,,
6132024,328,299.48,197.2,189.55,5491.85,124.1,147.33,0,,,,
6132024,331,1396.55,761.08,525.76,11803.1,186.56,224.99,262.88,,,,
6132024,334,308.71,196.3,259.36,9361.42,77.86,94.86,84.44,,,,
6132024,336,345.1,222.13,290.13,9277.75,64.32,73.95,89.53,,,,
6132024,339,2132.82,1111.65,676.77,11248.76,173.29,193.79,163.73,,,,
6132024,341,1401.55,784.08,400.25,8030.59,99.86,100.94,270.78,,,,
6132024,345,216.23,128.39,83.18,7452.66,529.58,579.44,1037.47,,,,
6132024,346,177.67,98.65,65.13,6440.27,365.7,319.37,1450.79,,,,
6132024,347,219.92,127.29,73.67,5026.13,423.31,564.15,549.25,,,,
6132024,359,582.47,490.91,418.2,7901.25,88.29,71.07,0,,,,
6132024,S4,241.6,132.72,18.76,3281.88,139.48,202.8,34.44,,,,
6132024,S5,228.65,129.86,17.05,3398.74,148.34,184.99,35.52,,,,
6202024,102,110.29,61.99,29.79,2859.09,200.45,302.14,48.84,,,,
6202024,110,90.4,58.47,62.35,6176.4,174.82,269.69,37.59,,,,
6202024,121,1226.66,744.16,330.4,10739.39,241.67,316.03,47.88,,,,
6202024,126,723.51,438.97,236.43,7981.06,179.58,276.07,64.23,,,,
6202024,128,7.38,0,0,1448.94,166.73,147.33,350.69,,,,
6202024,130,33.97,19.26,0,1339.11,98.44,172.81,193.94,,,,
6202024,131,0,0,0,1116.53,89.29,148.72,68.16,,,,
6202024,132,0,0,0,1422.07,87.15,138.61,127.54,,,,
6202024,133,1074.62,650.92,509.86,15488.41,183.76,235.1,151.23,,,,
6202024,134,284.97,161.81,169.05,12908.98,202.32,310.73,308.58,,,,
6202024,144,254.82,138.14,94.92,7723.55,414.99,487.88,1187.35,,,,
6202024,145,1711.28,922.96,687.72,18379.37,134.91,161.21,45.73,,,,
6202024,146,600.73,367.14,383.34,11885.27,121.62,178.74,0,,,,
6202024,147,969.83,604.4,646.55,18790.15,137.91,177.55,165.83,,,,
6202024,148,419.11,246.82,265.17,10896.2,159.96,219.3,80.84,,,,
6202024,150,1206.29,799.2,1245.98,23906.9,144.02,215.62,73.82,,,,
6202024,151,13.13,0,0,800.33,81.08,98,44.63,,,,
6202024,152,0,0,0,765.3,46.2,68.7,32.1,,,,
6202024,153,27.3,0,0,1064.1,104.1,132.3,67.8,,,,
6202024,154,0,0,0,891.72,59.37,84.13,45.65,,,,
6202024,155,14.29,0,0,635.12,67.74,80.32,50.59,,,,
6202024,156,0,0,0,414.91,45.85,71.8,36.91,,,,
6202024,157,237.88,141.57,104.09,7527.23,217.98,360.71,80.73,,,,
6202024,161,241.24,140.14,72.17,4705.36,178.61,284.2,37.07,,,,
6202024,162,69.16,41.16,24.36,3191.44,135.24,203.84,0,,,,
6202024,163,417.91,222.43,119.93,7033.44,355.57,541.54,805.97,,,,
6202024,164,115.88,53.83,41.08,5563.53,179.63,271.43,419.05,,,,
6202024,167,517.61,235.4,111.82,8265.48,457.69,609.37,928.23,,,,
6202024,168,234.24,97.3,54.6,7360.26,166.23,227.84,349.23,,,,
6202024,279,163.59,78.2,55.78,7163.35,256.74,419.18,265.36,,,,
6202024,280,212.84,102.3,47.17,7752.07,244.38,387.32,161.41,,,,
6202024,286,0,0,0,1590.29,100.84,144.21,186.46,,,,
6202024,290,140.52,69.52,73.37,8280.38,226.9,324.53,81.95,,,,
6202024,323,273,153.29,127.83,10828.46,224.79,268.13,539.23,,,,
6202024,325,987.46,601.52,322.02,7880.98,161.69,192.02,42.79,,,,
6202024,326,282.99,176.21,120.61,6080.13,155.32,219.15,0,,,,
6202024,329,1736.1,1023.88,500.14,9468.45,118.95,124.17,91.39,,,,
6202024,330,721.03,430.85,297.07,6312.72,141.5,162.19,0,,,,
6202024,332,383.96,259.55,335.82,11273.17,81.2,100.92,91.64,,,,
6202024,333,1432.73,860.53,669.33,12488.61,147.08,175.1,204.8,,,,
6202024,335,1269.75,726.65,589.26,11045.94,114.04,143.83,115.12,,,,
6202024,337,1602.45,913.41,664.47,11493.63,97.74,116.64,245.7,,,,
6202024,340,830.07,458.55,414.61,14044.75,105.63,145.34,160.55,,,,
6202024,343,346.89,183.39,113.09,8763.06,517.21,696.24,1616.2,,,,
6202024,348,90.98,53.24,41.12,3992.06,209,247.59,768.39,,,,
6202024,349,2443.93,1477.3,1826.55,25625.05,109.73,134.75,32.73,,,,
6202024,350,160.11,107.16,179.23,4886.43,0,32.27,0,,,,
6202024,351,1580.02,974.63,1135.09,24444.73,80.23,100.57,127.13,,,,
6202024,353,1294.76,770.4,781.71,17612.23,87.44,152.81,103.99,,,,
6202024,355,1211.31,979.18,643.23,10192.01,68.75,74.59,0,,,,
6202024,356,293.19,173.71,122.96,0,52.49,74.24,0,,,,
6202024,357,960.1,754.27,577.42,9346.73,63.92,86.13,0,,,,
6202024,358,NA,NA,NA,NA,NA,NA,NA,,,,
6202024,360,228.28,164.74,148.06,5285.69,83.38,115.58,0,,,,
6202024,S6,244.67,122.47,17.23,3358.61,123.28,186.26,36.07,,,,
6202024,S7,263.63,135.66,17.39,3552.89,132.53,192.09,45.6,,,,
6252024,61,48.07,24.23,12.11,2043.4,60.34,72.91,54.74,,,,
6252024,62,79.63,35.29,29.17,5944.75,183.17,249.67,250.25,,,,
6252024,63,76.28,38.7,26.56,4417.45,155.66,212.72,127.69,,,,
6252024,64,31.42,13.73,16.78,2928.92,90.89,125.36,71.68,,,,
6252024,65,82.65,46.42,34.08,6807.62,320.12,446.51,379.96,,,,
6252024,66,30.8,0,17.92,4427.08,205.8,252.84,168.84,,,,
6252024,122,624.23,332.32,145.82,6092.74,145.29,193.11,27.47,,,,
6252024,123,724.13,517.58,343.46,10079.34,139.03,180.24,47.05,,,,
6252024,124,406.3,245.52,168.13,6343.26,116.63,161.87,38.15,,,,
6252024,125,785.96,508.9,263.79,8488.46,162.5,225.6,72.58,,,,
6252024,127,0,0,0,1441.99,122.29,168.49,351.92,,,,
6252024,129,20.44,14.72,5.72,835.49,106.82,154.78,117.18,,,,
6252024,135,435.82,230.94,103.23,5588.99,155.37,194.08,49.24,,,,
6252024,136,132.32,70.55,55.25,7584.27,159.8,206.27,94.92,,,,
6252024,137,442.78,244.28,129.96,6566.57,127.21,166.69,99.25,,,,
6252024,138,205.38,118.09,102.27,6610.22,158.48,226,91.25,,,,
6252024,139,224.1,126.9,76.68,6622.02,384.75,572.94,398.79,,,,
6252024,140,196.37,106.59,70.11,5957.93,313.5,369.08,468.26,,,,
6252024,141,152.54,86.06,53.79,4855.22,331.83,452.92,419.27,,,,
6252024,142,136.88,74.63,52.88,5209.88,236.63,282,616.5,,,,
6252024,143,234.47,129.73,82.69,6282.41,304.66,412.7,873.18,,,,
6252024,149,1642.41,1001.97,709.44,16264.6,155.55,184.08,146.6,,,,
6252024,165,116.91,55.17,24.31,2305.35,255.81,294.01,148.16,,,,
6252024,385,75.68,42.22,28.68,7230.15,162.12,148.18,458.08,,,,
6252024,409,2162.47,1165.81,880.91,14905.76,80.93,81.26,89.22,,,,
6252024,414,268.9,132.73,116.66,8903.45,95.24,114.75,74.97,,,,
6252024,415,1488.34,812.46,621.68,9851.28,123.02,118.85,180.35,,,,
6252024,416,371.79,211.21,229.66,7636.23,56.06,58.23,53.53,,,,
6252024,425,168.22,89.51,33.57,3992.99,126.17,173.63,212.21,,,,
6252024,426,113.19,55.23,28.59,5190.76,148.05,182.91,438.28,,,,
6252024,430,79.35,34.12,32.2,4723.82,101.2,140.3,176.33,,,,
6252024,438,345.89,175.48,104.74,4126.03,46.51,46.12,0,,,,
6252024,440,268.86,141.06,152.24,12320.7,120.11,146.3,164.11,,,,
6252024,442,344.28,183.14,221.81,11600.23,99.34,127.02,115.65,,,,
6252024,444,231.18,116.7,131.94,9914.95,140.12,156.47,99.61,,,,
6252024,447,0,0,0,1141.18,76.67,94.68,151.03,,,,
6252024,448,0,0,0,359.51,13.18,21.83,43.17,,,,
6252024,450,0,0,0,1491.36,70.59,88.92,46.02,,,,
6252024,451,74.4,34.99,0,1247.55,81.4,107.92,28.36,,,,
6252024,459,98.95,50.52,22.13,1827.4,84.75,91.85,0,,,,
6252024,461,171.97,86.8,28.12,1506.94,76.2,101.06,0,,,,
6252024,464,295,172.28,173.07,6700.43,38.55,47.59,0,,,,
6252024,465,721.57,457.94,322.89,8809.64,77.94,93.02,213.35,,,,
6252024,468,542.03,302.95,254.41,7066.04,51.83,60.23,41.98,,,,
6252024,469,159.31,97.02,83.81,6833.88,98.53,132.13,108.72,,,,
6252024,480,808.32,498.96,599.17,12964.91,240.58,214.74,549.59,,,,
6252024,S8,144.66,85.97,11.35,2634.69,96.92,110.88,27.51,,,,
6252024,S9,206.59,105.86,13.83,3665.6,127.98,162.74,30.02,,,,
6272024,410,686.34,393.16,527.31,12610.34,61.38,75.1,92.3,,,,
6272024,413,493.95,255.28,161.84,8282.98,83.09,99.22,300.8,,,,
6272024,422,196.49,90.41,49.74,4974.48,142.35,191.84,421.65,,,,
6272024,427,207.77,124.43,67.52,3899.24,97.79,106.59,54.65,,,,
6272024,428,143.16,76.16,64.99,6419.49,193.41,230.26,95.81,,,,
6272024,429,144.39,77.75,51,4949.04,112.2,137.59,147.56,,,,
6272024,432,70.32,34.2,19.85,3943.14,114.56,141.11,179.14,,,,
6272024,433,906.38,556.75,301.73,6912.14,69.83,73.88,0,,,,
6272024,436,227,94,45.75,3658.5,47.5,47,0,,,,
6272024,437,1092.74,695.16,390.21,7139.73,65.55,63.89,0,,,,
6272024,441,1169.37,612.38,508.31,14360.78,157.23,191.84,361.35,,,,
6272024,443,600.4,304.18,193.89,6756.18,59.48,73.53,186.63,,,,
6272024,446,15.35,0,0,1629.83,48.59,71.38,137.64,,,,
6272024,456,0,0,0,740.7,40.81,53.59,15.24,,,,
6272024,458,17.82,0,0,1789.18,108.65,127.71,0,,,,
6272024,462,30.09,18.01,14.06,2170.42,111.74,129.25,0,,,,
6272024,466,312.61,173.75,161.11,6424.36,60.88,76.1,147.76,,,,
6272024,467,891.59,530.71,266.03,8363.96,71.82,80.17,165.54,,,,
6272024,471,152.49,84.1,67.43,4798.29,87.97,121.32,48.09,,,,
6272024,473,169.33,91.27,56.6,3499.53,98.11,116.97,64.62,,,,
6272024,474,64.95,33.7,30.77,5553.57,81.06,101.09,24.91,,,,
6272024,476,535.21,334.19,402.73,8877.77,121.9,161,351.21,,,,
6272024,477,1490.78,1064.59,837.96,7764.37,93.88,113.75,180.56,,,,
6272024,S10,142.58,71.78,9.88,2450.41,81.13,98.5,24.09,,,,
7022024,49,40.95,22.95,16.95,1184.18,81.38,131.72,0,,,,
7022024,50,0,0,0,865.23,83.66,111.29,0,,,,
7022024,51,210.54,115.71,62.34,1593.98,44.38,112.01,0,,,,
7022024,52,0,0,0,856.54,59.39,78.38,0,,,,
7022024,53,29.96,14.98,16.59,1122.97,48.69,104.59,0,,,,
7022024,54,0,0,0,777.6,54.93,82.67,0,,,,
7022024,55,872.03,445.23,269.18,6812.07,217.28,360.6,179.94,,,,
7022024,56,228.38,114.45,79.54,4178.21,211.05,289.01,0,,,,
7022024,57,673.99,350.92,202.92,5553.7,160.28,242.31,55.43,,,,
7022024,58,316.15,165.1,111.3,4334.08,133.03,218.1,50.62,,,,
7022024,60,315.41,167.68,152.91,7539.68,249.84,352.73,158.61,,,,
7022024,67,61.36,22.88,0,1234.48,153.92,192.66,96.46,,,,
7022024,68,25.74,10.4,0,1518.14,165.88,241.8,86.84,,,,
7022024,69,20.15,0,0,917.6,120.13,157.58,44.69,,,,
7022024,70,0,0,0,479.52,70.47,95.31,26.73,,,,
7022024,71,0,0,0,645.58,116.51,141.31,31.26,,,,
7022024,72,0,0,0,706.91,92.14,125.48,53.29,,,,
7022024,73,1010.95,533.28,354.84,8996.28,209.35,326.77,44.55,,,,
7022024,74,532.62,326.3,563.4,12683.02,138.5,175.54,0,,,,
7022024,75,505.22,278.5,236.26,8561.41,122.08,183.67,43.87,,,,
7022024,76,191.43,103.41,83.43,5659.74,83.43,115.56,35.37,,,,
7022024,77,509,313.33,372.16,11259.76,93.04,137.36,54.17,,,,
7022024,79,737.96,367.08,230.03,8322.51,137.05,203.68,92.47,,,,
7022024,80,197.07,117.82,106.2,6769.27,99.86,138.69,72.12,,,,
7022024,81,681.86,380.99,319.29,8982.14,158.33,235.58,184.4,,,,
7022024,82,208.37,130.88,141.76,7781.22,124.4,166.13,129.07,,,,
7022024,83,850.21,446.03,213.16,7159.11,229.46,297.11,88.82,,,,
7022024,84,255.84,133.9,78.78,4994.08,186.42,246.48,100.1,,,,
7022024,85,627.52,379.13,241.98,8921.69,120.87,177.35,0,,,,
7022024,86,454.3,285.67,259.88,7739.7,58.64,78.11,37.23,,,,
7022024,87,788.26,484.98,310.18,8455,135.14,172.9,22.8,,,,
7022024,88,558.5,343.69,257.52,7297.52,51.41,75,29.55,,,,
7022024,91,380.78,190.92,64.25,4490.89,158.26,214.88,24.49,,,,
7022024,92,99.38,49.69,17.87,2187.27,104.13,149.35,0,,,,
7022024,93,248.85,132.88,60.23,4828.44,155.07,186.77,0,,,,
7022024,94,63.06,33.27,0,2447.2,113.24,133.09,0,,,,
7022024,95,144.97,70.04,23.18,3161.33,136.99,181.02,0,,,,
7022024,96,45.54,22.26,0,1662.15,123.82,143.27,0,,,,
7022024,97,1388.82,726.88,63.14,2794.33,165.29,229.97,71.35,,,,
7022024,98,165.79,89.85,29.3,2036.59,119.4,148.7,70.08,,,,
7022024,99,1017.31,547.88,101.7,5538.25,390.44,598.34,211.6,,,,
7022024,103,0,0,0,560.4,134.81,227.03,25.31,,,,
7022024,105,0,0,0,867.38,129.93,150.5,44.65,,,,
7022024,107,12.96,0,0,615.69,85.22,124.58,63.79,,,,
7022024,111,166.85,79.38,31.36,3721.8,178.12,210.46,27.2,,,,
7022024,117,131.92,71.79,41.47,3481.13,178.31,225.22,39.65,,,,
7022024,S11,190.09,71.66,10.42,3207.22,130.05,169.07,41.82,,,,
7022024,S12,164.2,78.24,7.48,2830.28,111.63,103.09,33.39,,,,
7082024,59,746.22,395.16,245.72,5975.02,143.95,200.44,71.98,,,,
7082024,78,207.62,137.72,179.98,7511.48,68.6,94.94,34.95,,,,
7082024,89,578.81,350.96,218.4,7786.28,125.21,157.5,0,,,,
7082024,199,76.64,32.37,0,918.53,54.5,97.66,0,,,,
7082024,200,0,0,0,1716.75,71.4,88.29,0,,,,
7082024,201,28.77,0,0,862.51,48.21,66.09,0,,,,
7082024,202,0,0,0,1220.52,48.16,65.52,0,,,,
7082024,203,52.91,30.98,21.93,1316,58.4,87.73,0,,,,
7082024,204,0,0,0,1192.5,43.2,61.22,0,,,,
7082024,205,192.78,92.31,40.55,4723.37,173.15,205.53,69.62,,,,
7082024,206,102.9,51.98,36.75,7230.3,196.35,237.3,112.09,,,,
7082024,207,288.36,148.72,69.19,5981.47,177,276.49,68.43,,,,
7082024,208,131.75,62.5,41,6210.25,209.25,288.25,49.5,,,,
7082024,209,335.07,146.96,55.3,4891.94,143.42,219.42,60.85,,,,
7082024,210,103.19,47.13,27.63,5152.6,156.27,175.77,25.73,,,,
7082024,212,235.71,165.63,155.2,5103.9,146.23,161.75,0,,,,
7082024,213,732.09,449.24,225.98,5676.9,82.7,101.82,0,,,,
7082024,215,746.44,485.03,225.53,5378.86,68.16,92.32,0,,,,
7082024,216,318.03,210.98,194.06,4849.53,90.63,110.44,0,,,,
7082024,217,396.17,182.32,88.83,5451.26,128.58,172.18,248.12,,,,
7082024,218,185.33,90.3,58.54,5444.51,82.69,155.93,113.66,,,,
7082024,219,260.87,116.79,37.74,2281.74,85.17,122.66,88.49,,,,
7082024,221,175.5,76.14,28.89,4492.53,176.58,205.74,185.49,,,,
7082024,222,72.05,31.9,16.23,4257.83,138.33,204.05,157.3,,,,
7082024,224,40.03,20.01,0,3207.2,124.75,183.69,48.25,,,,
7082024,225,120.2,56.8,23.51,3379.48,156.39,197.07,79.25,,,,
7082024,226,29.88,0,0,2871.35,130.23,159.84,55.66,,,,
7082024,227,119.99,52.35,17.36,2537.24,149.02,191.27,42.24,,,,
7082024,229,256.41,142.19,72.89,4538.38,171.2,215.86,48.77,,,,
7082024,230,127.32,71.76,54.32,5053.85,139.78,172.92,45.6,,,,
7082024,231,154.7,103.74,54.6,3771.04,154.44,189.02,43.94,,,,
7082024,232,117.6,65.33,54.13,6625.07,162.67,239.47,100.8,,,,
7082024,233,85.91,49.86,23.66,1792.25,74.92,86.75,0,,,,
7082024,234,71.87,43.63,30.54,3857.19,130.39,162.98,29.77,,,,
7082024,235,610.6,306.08,129.58,4475.81,166.64,207.33,60.39,,,,
7082024,236,159.88,96.04,73.08,5610.36,126.84,164.08,89.32,,,,
7082024,237,1049.53,553.93,327.83,9656.97,160.53,209.07,284.43,,,,
7082024,238,345.09,203.01,171.43,10551.66,197.58,256.78,257.03,,,,
7082024,239,656.51,355.07,154.03,5867.44,131.4,148.43,121.24,,,,
7082024,240,281.26,163.42,118.34,6183.31,153.62,196.98,138.18,,,,
7082024,246,194.11,112.41,115.15,4767.76,102.54,137.91,191.92,,,,
7082024,327,696.29,454.7,302.98,6472.85,75.75,94.96,45.49,,,,
7082024,421,187.97,95,41.04,3531.97,136.8,185.95,168.72,,,,
7082024,431,141.53,79.31,37.49,4911.3,133.62,165.24,207.06,,,,
7082024,460,16.78,0,0,1991.55,85.8,111.38,0,,,,
7082024,472,0,0,0,4741.91,70.76,90.63,0,,,,
7082024,S13,184.39,89.55,9.25,3234.46,116.5,153.22,44.12,,,,
7082024,S14,188.68,98.32,10.6,3101.03,107.06,131.18,31.54,,,,
7112024,90,52.91,30.98,21.93,1316,58.4,87.73,0,,,,
7112024,159,175.5,76.14,28.89,4492.53,176.58,205.74,185.49,,,,
7112024,160,16.78,0,0,1991.55,85.8,111.38,0,,,,
7112024,166,40.03,20.01,0,3207.2,124.75,183.69,48.25,,,,
7112024,169,28.77,0,0,862.51,48.21,66.09,0,,,,
7112024,170,610.6,306.08,129.58,4475.81,166.64,207.33,60.39,,,,
7112024,171,256.41,142.19,72.89,4538.38,171.2,215.86,48.77,,,,
7112024,173,187.97,95,41.04,3531.97,136.8,185.95,168.72,,,,
7112024,174,103.19,47.13,27.63,5152.6,156.27,175.77,25.73,,,,
7112024,175,154.7,103.74,54.6,3771.04,154.44,189.02,43.94,,,,
7112024,176,656.51,355.07,154.03,5867.44,131.4,148.43,121.24,,,,
7112024,178,207.62,137.72,179.98,7511.48,68.6,94.94,34.95,,,,
7112024,179,288.36,148.72,69.19,5981.47,177,276.49,68.43,,,,
7112024,180,281.26,163.42,118.34,6183.31,153.62,196.98,138.18,,,,
7112024,182,159.88,96.04,73.08,5610.36,126.84,164.08,89.32,,,,
7112024,183,746.44,485.03,225.53,5378.86,68.16,92.32,0,,,,
7112024,184,194.11,112.41,115.15,4767.76,102.54,137.91,191.92,,,,
7112024,187,578.81,350.96,218.4,7786.28,125.21,157.5,0,,,,
7112024,188,732.09,449.24,225.98,5676.9,82.7,101.82,0,,,,
7112024,191,0,0,0,4741.91,70.76,90.63,0,,,,
7112024,192,185.33,90.3,58.54,5444.51,82.69,155.93,113.66,,,,
7112024,193,1049.53,553.93,327.83,9656.97,160.53,209.07,284.43,,,,
7112024,194,119.99,52.35,17.36,2537.24,149.02,191.27,42.24,,,,
7112024,195,318.03,210.98,194.06,4849.53,90.63,110.44,0,,,,
7112024,196,131.75,62.5,41,6210.25,209.25,288.25,49.5,,,,
7112024,197,141.53,79.31,37.49,4911.3,133.62,165.24,207.06,,,,
7112024,198,746.22,395.16,245.72,5975.02,143.95,200.44,71.98,,,,
7112024,242,0,0,0,1716.75,71.4,88.29,0,,,,
7112024,256,29.88,0,0,2871.35,130.23,159.84,55.66,,,,
7112024,274,235.71,165.63,155.2,5103.9,146.23,161.75,0,,,,
7112024,321,0,0,0,1192.5,43.2,61.22,0,,,,
7112024,322,117.6,65.33,54.13,6625.07,162.67,239.47,100.8,,,,
7112024,338,345.09,203.01,171.43,10551.66,197.58,256.78,257.03,,,,
7112024,342,76.64,32.37,0,918.53,54.5,97.66,0,,,,
7112024,344,72.05,31.9,16.23,4257.83,138.33,204.05,157.3,,,,
7112024,352,335.07,146.96,55.3,4891.94,143.42,219.42,60.85,,,,
7112024,354,127.32,71.76,54.32,5053.85,139.78,172.92,45.6,,,,
7112024,365,120.2,56.8,23.51,3379.48,156.39,197.07,79.25,,,,
7112024,367,0,0,0,1220.52,48.16,65.52,0,,,,
7112024,371,260.87,116.79,37.74,2281.74,85.17,122.66,88.49,,,,
7112024,386,696.29,454.7,302.98,6472.85,75.75,94.96,45.49,,,,
7112024,397,192.78,92.31,40.55,4723.37,173.15,205.53,69.62,,,,
7112024,434,102.9,51.98,36.75,7230.3,196.35,237.3,112.09,,,,
7112024,457,85.91,49.86,23.66,1792.25,74.92,86.75,0,,,,
7112024,463,396.17,182.32,88.83,5451.26,128.58,172.18,248.12,,,,
7112024,479,71.87,43.63,30.54,3857.19,130.39,162.98,29.77,,,,
7112024,S15,184.39,89.55,9.25,3234.46,116.5,153.22,44.12,,,,
7112024,S16,188.68,98.32,10.6,3101.03,107.06,131.18,31.54,,,,
7162024,158,64.09,35.54,28.36,4422.76,96.14,136.1,0,,,,
7162024,172,641.68,538.2,348.4,7245.51,42.99,62.4,0,,,,
7162024,177,156.95,91.25,60.41,6835.54,201.12,289.63,284.7,,,,
7162024,181,547.3,292.86,151.99,5278.98,78.16,122.79,58.38,,,,
7162024,185,946.23,525.05,288.67,7049.71,102.47,166.24,113.42,,,,
7162024,186,283.43,187,206.25,5446.83,41.43,84.88,64.17,,,,
7162024,244,393.12,242.39,258.53,8231.59,185.92,230.72,202.74,,,,
7162024,277,160.98,70.56,25.35,5239.73,150.01,277.89,99.69,,,,
7162024,278,75.52,37.1,18.65,4063.48,141.44,230.33,158.2,,,,
7162024,282,116.58,54.99,34.09,6156.62,151.8,277.23,422.06,,,,
7162024,284,0,0,0,1344.56,72.95,94.25,56.8,,,,
7162024,361,198.16,117.89,71.49,6645.11,189.38,260.51,183.83,,,,
7162024,363,238.71,130.98,73.03,5408.04,133.34,191.66,145.33,,,,
7162024,368,579.5,333.67,312,11301.5,112.83,166.83,562.5,,,,
7162024,369,1595.37,911.84,667.69,11538.07,95,119.86,183.35,,,,
7162024,372,619.86,347.99,307.93,9762.04,98.06,127.14,437.86,,,,
7162024,373,502.17,274,127.67,7911.5,310.33,436.17,950.67,,,,
7162024,374,194.54,92.66,78.55,8074.89,192.45,238.26,273.79,,,,
7162024,375,873.6,494.69,129.31,5923.49,231.23,314.08,533.69,,,,
7162024,377,NA,NA,NA,NA,NA,NA,NA,,,,
7162024,378,125.78,54.83,27.77,5828.83,123.8,179.7,227.72,,,,
7162024,379,1007.06,504.3,293.32,10006.56,130.52,190.31,224.13,,,,
7162024,381,1221.89,632.85,353.73,8750.48,87.63,115.2,167.64,,,,
7162024,382,406,234.74,258.3,9890.27,93.9,122.03,82.11,,,,
7162024,383,813.96,432.25,287.14,9353.34,117,144.79,218.56,,,,
7162024,387,53.82,34.91,25.74,4352.79,128.12,157.95,583.83,,,,
7162024,388,34.04,16.28,14.06,5649.72,112.67,145.23,327.64,,,,
7162024,389,93.45,54.39,37.45,6072.07,115.74,160.14,479.9,,,,
7162024,390,50.74,21.35,16.06,6167.41,103.48,139.61,270.65,,,,
7162024,391,725.94,353.72,92.69,6055.98,0,196.1,150.59,,,,
7162024,392,187.67,87.48,37.57,5328.49,134.44,188.4,123.21,,,,
7162024,394,273.8,143.56,76.96,6500.16,151.7,186.11,89.17,,,,
7162024,395,1717.17,870.45,169.42,5426.86,141.06,179.58,136.07,,,,
7162024,398,225.26,131.45,89.82,5309.58,170.89,213.51,0,,,,
7162024,399,954.95,545.06,261.53,6073.08,177.63,226.35,54.98,,,,
7162024,400,330.55,188.1,142.45,6553.07,172.7,228.8,0,,,,
7162024,401,850.4,507.65,300.86,6630.34,189.75,248.32,39.58,,,,
7162024,402,271.2,161.7,147.64,7134.84,145.64,195.82,0,,,,
7162024,403,357.77,171.81,81.59,0,131.79,170.26,279.97,,,,
7162024,405,342.81,169.86,64.31,4024.1,107.18,134.8,233.62,,,,
7162024,406,168.7,76.14,41.22,3235.39,162.78,225.18,282.05,,,,
7162024,407,356.36,167.16,61.63,3821.8,102.66,140.47,209.09,,,,
7162024,408,153.72,71.3,30.67,3236.29,162.73,230,198.76,,,,
7162024,411,2266.82,1337.01,1244.85,18584.31,101.48,131.72,310.32,,,,
7162024,418,329.27,199.1,238.33,9718.87,78.65,113.3,158.95,,,,
7162024,424,216.76,109.03,68.14,4064.93,233.16,323.95,134.44,,,,
7162024,S17,219.71,109.04,12.12,3388.09,133.82,170.71,34.72,,,,
7162024,S18,179.58,90.34,9.67,2951.94,111.51,145.45,33.76,,,,
8072024,241,1387.87,1025.95,1443.25,11092.69,85.02,120.88,93.72,,,,
8072024,245,1664.46,1101.71,1308.51,18635.24,175.3,187.74,570.15,,,,
8072024,247,839.94,385.36,96.59,5901.21,279.06,364.74,214.99,,,,
8072024,248,159.41,74.01,40.06,5462.96,193.37,278.77,66.49,,,,
8072024,249,746.41,315.7,66.26,4776.28,144.03,269.86,212.52,,,,
8072024,250,221,82.45,32.94,6112.35,174.68,249.48,107.31,,,,
8072024,252,209.38,88.96,43.75,4858.96,192.92,325,74.17,,,,
8072024,253,35.24,0,0,895.46,60.35,89.71,63.79,,,,
8072024,254,0,0,0,1136.41,65.46,84.6,46.93,,,,
8072024,255,116.47,43.51,0,1487.13,99.75,145.92,211.66,,,,
8072024,257,68.47,22.35,9.64,1214.83,72.37,131.41,60.89,,,,
8072024,258,0,0,0,1292.36,67.43,111.38,63.18,,,,
8072024,260,112.55,54.33,33.21,4272.2,255.23,387.86,115.21,,,,
8072024,261,249.13,130.9,99.5,8757.66,281.1,386.28,655.27,,,,
8072024,262,271.7,132.43,98.61,8341.19,404.89,582.35,372.78,,,,
8072024,263,131.1,78.14,55.73,5924.02,255.85,348.67,278.26,,,,
8072024,264,85.94,46.22,33.24,4648.41,235.02,295.39,231.67,,,,
8072024,266,0,0,0,949.75,51.86,77.05,16.3,,,,
8072024,267,26.04,0,0,1285.66,80.01,150.71,0,,,,
8072024,268,0,0,0,1140.48,80.52,110.66,0,,,,
8072024,269,32.59,0,0,976.66,49.65,74.04,0,,,,
8072024,270,0,0,0,781.82,65.84,90,0,,,,
8072024,272,298.64,173.32,134.96,7545.11,168.7,226.74,107.65,,,,
8072024,273,868.22,498.33,365.93,9265.44,160.08,243.14,130.33,,,,
8072024,275,376.63,209.82,79.91,3119.55,76.64,112.88,162.88,,,,
8072024,276,317.75,165.85,93.07,7017.77,155.8,203.77,203.98,,,,
8072024,287,0,0,0,1132.19,107.37,139.02,72.62,,,,
8072024,292,112.88,57.41,55.04,6999.48,233.53,285.55,104.68,,,,
8072024,293,463.28,241.45,143.37,7692.3,230.08,361.35,209.92,,,,
8072024,296,722.16,352.62,287.82,10287.9,123.3,163.62,207.36,,,,
8072024,297,1339.98,688.98,411.58,9228.11,132.55,191.68,140.87,,,,
8072024,298,610.77,309.81,226.38,7819.04,120.16,157.64,60.64,,,,
8072024,301,82.75,46.22,29.82,3406.28,157.21,198.49,0,,,,
8072024,306,43.6,25.2,0,3195.4,117,166.6,65.2,,,,
8072024,307,238.99,104.84,38.56,3869.05,141.39,201.24,92.79,,,,
8072024,308,0,0,0,3468.19,137,201.01,111.49,,,,
8072024,309,0,0,0,2683.81,109.77,171.81,58.72,,,,
8072024,311,226.53,100.86,35.47,4001.4,116.03,174.87,106.19,,,,
8072024,312,31.58,0,7.07,4119.87,122.34,174.02,107.1,,,,
8072024,362,61,33,26.4,6183.6,152.6,179.4,313.8,,,,
8072024,364,92.23,48.98,38.71,6718.95,138.05,150.69,241.54,,,,
8072024,366,79.8,42.4,34.4,5684.2,179.2,226.2,420.6,,,,
8072024,370,509.62,291.88,275.24,11221.37,122.77,154.17,153.79,,,,
8072024,380,337.88,187.55,201.67,11063.25,153.08,170.5,98.08,,,,
8072024,384,297.66,163.55,159.32,10268.06,174.04,202.47,156.9,,,,
8072024,393,1094,544.6,168.6,6173.2,165,223.2,148.6,,,,
8072024,S19,150.86,76.55,7.9,3087.11,121.91,149.04,43.94,,,,
8072024,S20,157.08,79.89,7.89,2726.97,128.24,150.65,48.14,,,,
8152024,38,164.29,79.38,33.18,3812.58,295.73,406.67,329.24,,,,
8152024,45,1803,870.3,435.3,11562.9,236.7,348,284.1,,,,
8152024,100,313.97,138.58,61.25,6601.79,371.51,478.54,160.85,,,,
8152024,101,634.67,327.04,61.82,5490.69,363.78,641.83,102.14,,,,
8152024,104,0,0,0,1090.93,114.47,191.55,66.91,,,,
8152024,106,0,0,0,1506.04,111.31,165.33,65.21,,,,
8152024,108,0,0,0,1232.95,137.1,141.37,164.33,,,,
8152024,109,530.56,290.09,92.59,7359.64,376.67,692.04,91.32,,,,
8152024,112,52.98,0,0,5329.94,158.93,308.57,0,,,,
8152024,113,324.74,160.17,58.21,8579.7,306.49,499.06,0,,,,
8152024,114,121.35,49.59,32.03,8778.31,207.9,390.85,0,,,,
8152024,115,131.29,68.93,36.97,3889.09,211.81,326.18,0,,,,
8152024,116,174.22,77.75,39.03,6136.59,258.63,400.47,73.3,,,,
8152024,118,167.09,76.78,35.87,5190.11,253.62,381.38,82.13,,,,
8152024,119,267.9,133.21,65.71,5979.01,185.17,359.3,72.58,,,,
8152024,120,218.83,101.39,44.19,4965.25,211.26,370.46,63.26,,,,
8152024,168,3305.15,1760.22,810.04,15319.61,106.57,160.78,107.8,,,,
8152024,211,1761.85,1137.49,594.55,11398.15,145.91,195.22,0,,,,
8152024,214,565.31,363.25,377.26,13196.65,229.22,296.96,0,,,,
8152024,220,154.24,62.66,32.78,4727.78,198.58,277.31,146.53,,,,
8152024,223,228.08,101.98,26.56,3873.46,239.99,305.03,76.03,,,,
8152024,228,60.76,0,21.23,4627.23,257.09,362.93,0,,,,
8152024,243,2111.84,1520.93,1925.73,19873.57,184.76,242.94,357.67,,,,
8152024,251,1177.69,521.2,156.17,9218.09,318.12,526.34,332.9,,,,
8152024,259,439.16,231.82,167.67,12319.87,500.77,688.99,389.93,,,,
8152024,265,142.8,71.4,30.78,2344.14,46.33,126.3,0,,,,
8152024,271,1490.51,774.9,559.97,14267.33,240.77,443.54,178.14,,,,
8152024,291,748.98,390.4,198.62,10705.49,223.59,384.45,228.35,,,,
8152024,295,1650.88,762.37,508.05,19467.95,191.25,286.59,242,,,,
8152024,299,1571.81,711.77,368.27,14721.05,177.52,238.85,334.22,,,,
8152024,303,308.62,157.39,88.4,4928.92,231,386.85,65.6,,,,
8152024,305,272.77,146.63,93.99,8224.89,281.96,539.54,119.78,,,,
8152024,313,817.92,474.56,204.16,11564.16,360.96,606.08,956.48,,,,
8152024,314,464.1,197.88,181.22,15821.56,417.86,735.42,726.58,,,,
8152024,315,1205.98,614.59,305.36,10700.73,288.41,508.14,984.77,,,,
8152024,316,488.75,214.37,154.98,12360.34,622.07,846.95,590.21,,,,
8152024,317,799.22,399.47,197.45,10365.87,284.19,520.45,1056.3,,,,
8152024,318,393.09,150.37,114.85,10605.09,416.47,631.07,843.3,,,,
8152024,396,639.2,311.45,128.15,10568.73,176.09,287.95,158.55,,,,
8152024,404,423.98,213.61,139.39,10410.52,271.04,327.83,435.6,,,,
8152024,412,1237.01,736.67,974.76,25483.07,87.81,155.58,337.98,,,,
8152024,417,1655.23,807.49,744.14,15668.76,145.93,223.48,813.11,,,,
8152024,419,2048.52,1061.24,790.34,12313.77,139.03,213.28,387.57,,,,
8152024,420,497.38,244.18,278.36,11889.52,91.65,141.97,201.93,,,,
8152024,423,170.69,81.31,31.62,2321.59,167.79,245.55,0,,,,
8152024,435,1280.33,849.52,595.82,12192.72,72.19,111.97,0,,,,
8152024,439,950.75,488.03,329.93,14114.68,109.89,204.96,376.26,,,,
8152024,445,0,0,0,1175.66,48.76,74.33,110.01,,,,
8152024,449,0,0,0,1462.37,72.55,133.71,65.39,,,,
8152024,452,29.3,0,0,1908.9,100.34,165.46,74.59,,,,
8152024,453,0,0,0,1455.93,102.28,143.93,103.63,,,,
8152024,454,0,0,0,1537.02,82.16,118.5,94.48,,,,
8152024,455,0,0,0,1631.66,100.12,173.02,75.17,,,,
8152024,470,60.38,0,27.53,13996.66,141.19,232.06,0,,,,
8152024,475,2062.2,1377.73,1166.23,17810.21,200.23,327.4,447.43,,,,
8152024,478,516.43,318.57,500.32,10850.16,149.81,226.98,418.91,,,,
8152024,S21,168.35,110.76,11.64,2921.68,134.05,178.1,45.31,,,,
8152024,S22,159.38,94.04,10.38,2775.17,115.72,168.24,41.53,,,,